1.463688327930867672e-03,2.755722030997276306e-03,7.697923183441162109e-01,9.961228370666503906e-01,2.856612903997302055e-03,8.439692109823226929e-02,2.466369047760963440e-02,-6.289699673652648926e-01,4.456644877791404724e-02,1.459991931915283203e-02,7.025416493415832520e-01,-1.891126930713653564e-01,1.305322535336017609e-02,-5.889722704887390137e-01,-5.858667194843292236e-02,2.426159568130970001e-02,7.506612539291381836e-01,-2.217015177011489868e-01,-2.243189606815576553e-03,-2.377278171479701996e-02,-1.327457255683839321e-03,5.052534341812133789e-01,-1.689688801765441895e+00,3.652904033660888672e-01,-4.015310406684875488e-01,1.215800762176513672e+00,-5.428591966629028320e-01,7.899388670921325684e-02,9.391356259584426880e-02,-1.610896944999694824e+00,-5.014185905456542969e-01,4.306121170520782471e-01,1.062022924423217773e+00,6.198627948760986328e-01,5.412678420543670654e-02,9.670862928032875061e-03
7.892034482210874557e-04,4.388175439089536667e-03,7.713131904602050781e-01,9.964085221290588379e-01,2.835207153111696243e-03,8.175601065158843994e-02,2.186207100749015808e-02,-6.119580864906311035e-01,4.562415927648544312e-02,1.787173934280872345e-02,7.087487578392028809e-01,-2.016176134347915649e-01,1.109933387488126755e-02,-5.831440091133117676e-01,-5.374344810843467712e-02,1.847646385431289673e-02,7.357431054115295410e-01,-2.220149338245391846e-01,4.051782190799713135e-03,-2.617692202329635620e-02,-1.484118169173598289e-03,5.004306435585021973e-01,-1.686893343925476074e+00,3.701873719692230225e-01,-3.989199697971343994e-01,1.189777612686157227e+00,-5.154493451118469238e-01,7.024637609720230103e-02,8.025393635034561157e-02,-1.612061500549316406e+00,-5.017675161361694336e-01,4.159378111362457275e-01,1.020598173141479492e+00,5.979785323143005371e-01,6.632698327302932739e-02,-7.830875925719738007e-03
9.264594409614801407e-04,4.497224465012550354e-03,7.720108032226562500e-01,9.964135289192199707e-01,3.641556017100811005e-03,8.187297731637954712e-02,2.106263116002082825e-02,-6.100533604621887207e-01,4.416611045598983765e-02,2.223501540720462799e-02,7.035937309265136719e-01,-1.933770179748535156e-01,1.183842029422521591e-02,-5.832590460777282715e-01,-5.503025650978088379e-02,1.725271530449390411e-02,7.331539988517761230e-01,-2.190621644258499146e-01,4.838526714593172073e-03,-2.542692050337791443e-02,-1.943372539244592190e-03,4.993420541286468506e-01,-1.684440016746520996e+00,3.650511503219604492e-01,-3.971572220325469971e-01,1.200601696968078613e+00,-5.153287649154663086e-01,7.249638438224792480e-02,7.789801061153411865e-02,-1.613248586654663086e+00,-4.995785057544708252e-01,4.121942520141601562e-01,1.025800824165344238e+00,5.925552845001220703e-01,6.609705090522766113e-02,-3.804983571171760559e-03
8.299229666590690613e-04,4.941475111991167068e-03,7.723082304000854492e-01,9.963703751564025879e-01,4.533363971859216690e-03,8.232963085174560547e-02,2.115039527416229248e-02,-6.104130148887634277e-01,4.209158569574356079e-02,2.646962180733680725e-02,7.030357122421264648e-01,-1.887903213500976562e-01,1.365057565271854401e-02,-5.856961607933044434e-01,-5.677587166428565979e-02,1.723240129649639130e-02,7.340528964996337891e-01,-2.162654548883438110e-01,4.841189365833997726e-03,-2.572615630924701691e-02,-2.928527304902672768e-03,4.990778267383575439e-01,-1.681185007095336914e+00,3.627687692642211914e-01,-3.940724432468414307e-01,1.207043766975402832e+00,-5.117285251617431641e-01,7.345452159643173218e-02,7.624513655900955200e-02,-1.614990353584289551e+00,-4.977051615715026855e-01,4.139440357685089111e-01,1.028280019760131836e+00,5.920395255088806152e-01,6.838627159595489502e-02,-3.680005029309540987e-04
6.945375353097915649e-04,5.409488920122385025e-03,7.723931074142456055e-01,9.963070750236511230e-01,5.268461070954799652e-03,8.289376646280288696e-02,2.175105921924114227e-02,-6.114193797111511230e-01,3.961577638983726501e-02,2.886949107050895691e-02,7.030214667320251465e-01,-1.867013126611709595e-01,1.526296418160200119e-02,-5.876151919364929199e-01,-5.839813873171806335e-02,1.786755584180355072e-02,7.348598837852478027e-01,-2.144619971513748169e-01,4.082226194441318512e-03,-2.666856907308101654e-02,-4.091528709977865219e-03,4.993592202663421631e-01,-1.678341150283813477e+00,3.612966835498809814e-01,-3.910877406597137451e-01,1.208745956420898438e+00,-5.057753324508666992e-01,7.357142120599746704e-02,7.571613788604736328e-02,-1.615564107894897461e+00,-4.961182475090026855e-01,4.173163473606109619e-01,1.028040409088134766e+00,5.936520099639892578e-01,7.069800049066543579e-02,2.670501708053052425e-04
8.930563926696777344e-04,5.596971604973077774e-03,7.723767161369323730e-01,9.962394237518310547e-01,5.714516621083021164e-03,8.339095860719680786e-02,2.280976623296737671e-02,-6.117162108421325684e-01,3.734748810529708862e-02,2.986652590334415436e-02,7.012066841125488281e-01,-1.845495849847793579e-01,1.718349568545818329e-02,-5.880744457244873047e-01,-6.026388704776763916e-02,1.649621315300464630e-02,7.352834939956665039e-01,-2.133984714746475220e-01,3.286296036094427109e-03,-2.904010377824306488e-02,-4.839967470616102219e-03,4.993083775043487549e-01,-1.676077961921691895e+00,3.593158423900604248e-01,-3.877391517162322998e-01,1.205883622169494629e+00,-4.988464415073394775e-01,7.454901188611984253e-02,7.523884624242782593e-02,-1.613357782363891602e+00,-4.942348599433898926e-01,4.202410578727722168e-01,1.024519681930541992e+00,5.937466025352478027e-01,7.627840340137481689e-02,2.742282580584287643e-03
8.987833280116319656e-04,3.416244871914386749e-03,7.714529037475585938e-01,9.961641430854797363e-01,5.446075927466154099e-03,8.423517644405364990e-02,2.305996790528297424e-02,-6.202902793884277344e-01,3.994136676192283630e-02,3.094590641558170319e-02,6.980331540107727051e-01,-1.816849857568740845e-01,1.995184458792209625e-02,-5.854871869087219238e-01,-6.162950396537780762e-02,1.264797803014516830e-02,7.368335723876953125e-01,-2.049716264009475708e-01,-5.780486026196740568e-05,-2.413360029458999634e-02,-4.294552840292453766e-03,4.952394962310791016e-01,-1.664075136184692383e+00,3.572221100330352783e-01,-3.728214502334594727e-01,1.208575963973999023e+00,-5.096593499183654785e-01,8.382583409547805786e-02,9.096993505954742432e-02,-1.601643443107604980e+00,-4.996112585067749023e-01,4.248361587524414062e-01,1.056361198425292969e+00,6.022423505783081055e-01,5.989968404173851013e-02,2.647531405091285706e-02
1.322795171290636063e-03,5.038599949330091476e-03,7.728455066680908203e-01,9.961530566215515137e-01,5.874327849596738815e-03,8.425572514533996582e-02,2.335868962109088898e-02,-6.126487255096435547e-01,3.545603528618812561e-02,3.137116879224777222e-02,6.969454884529113770e-01,-1.775236725807189941e-01,1.793805509805679321e-02,-5.872658491134643555e-01,-6.128224357962608337e-02,1.404136978089809418e-02,7.319185733795166016e-01,-2.123871594667434692e-01,1.293267006985843182e-03,-2.863233722746372223e-02,-6.202368065714836121e-03,5.002693533897399902e-01,-1.678561210632324219e+00,3.517727255821228027e-01,-3.854294419288635254e-01,1.195655345916748047e+00,-4.902906715869903564e-01,7.098047435283660889e-02,7.946315407752990723e-02,-1.611575007438659668e+00,-4.883799850940704346e-01,4.168027937412261963e-01,1.030049204826354980e+00,5.913535952568054199e-01,7.091010361909866333e-02,7.051980355754494667e-04
2.603572793304920197e-04,4.631256684660911560e-03,7.727524638175964355e-01,9.961031675338745117e-01,5.932560190558433533e-03,8.487664908170700073e-02,2.322117052972316742e-02,-6.152965426445007324e-01,3.518591821193695068e-02,3.128567710518836975e-02,6.991275548934936523e-01,-1.776371002197265625e-01,1.736351102590560913e-02,-5.903603434562683105e-01,-6.105113402009010315e-02,1.228592172265052795e-02,7.342970967292785645e-01,-2.127413600683212280e-01,4.425674560479819775e-04,-2.768839895725250244e-02,-7.554729469120502472e-03,5.004875063896179199e-01,-1.678598284721374512e+00,3.470398485660552979e-01,-3.831808567047119141e-01,1.193966269493103027e+00,-4.894051551818847656e-01,6.894042342901229858e-02,8.067559450864791870e-02,-1.611291646957397461e+00,-4.866343736648559570e-01,4.149794578552246094e-01,1.032668113708496094e+00,5.891876220703125000e-01,6.815483421087265015e-02,-1.244312152266502380e-03
1.512328162789344788e-05,4.401929676532745361e-03,7.723156809806823730e-01,9.960495829582214355e-01,6.242545787245035172e-03,8.543091267347335815e-02,2.340418286621570587e-02,-6.188935637474060059e-01,3.494723141193389893e-02,3.052040748298168182e-02,7.032240629196166992e-01,-1.792743355035781860e-01,1.719614677131175995e-02,-5.955681800842285156e-01,-6.156552582979202271e-02,1.010490115731954575e-02,7.392615079879760742e-01,-2.122496366500854492e-01,5.215117707848548889e-04,-2.806253544986248016e-02,-8.857430890202522278e-03,5.004574060440063477e-01,-1.675520777702331543e+00,3.423904180526733398e-01,-3.809297382831573486e-01,1.192839741706848145e+00,-4.901647567749023438e-01,7.093298435211181641e-02,7.833524048328399658e-02,-1.610254287719726562e+00,-4.859295189380645752e-01,4.145844280719757080e-01,1.031049251556396484e+00,5.884625315666198730e-01,7.210722565650939941e-02,-4.504379758145660162e-04
-1.587774604558944702e-04,4.425725433975458145e-03,7.718210220336914062e-01,9.960336089134216309e-01,6.486383266746997833e-03,8.552443981170654297e-02,2.367762476205825806e-02,-6.202773451805114746e-01,3.477596119046211243e-02,2.926758676767349243e-02,7.048691511154174805e-01,-1.808278858661651611e-01,1.809110492467880249e-02,-5.989390611648559570e-01,-6.185141578316688538e-02,8.951741270720958710e-03,7.434572577476501465e-01,-2.114772498607635498e-01,4.155735077802091837e-04,-2.977164089679718018e-02,-1.000943686813116074e-02,5.002027750015258789e-01,-1.671909213066101074e+00,3.387685418128967285e-01,-3.798023462295532227e-01,1.189796686172485352e+00,-4.915133714675903320e-01,7.565951347351074219e-02,7.620461285114288330e-02,-1.608257889747619629e+00,-4.857920408248901367e-01,4.144458472728729248e-01,1.026839375495910645e+00,5.889021754264831543e-01,8.089225739240646362e-02,1.737407874315977097e-03
-1.743154833093285561e-03,2.313556149601936340e-03,7.696593999862670898e-01,9.959649443626403809e-01,5.976111628115177155e-03,8.632454276084899902e-02,2.379524335265159607e-02,-6.356326937675476074e-01,3.953607752919197083e-02,2.868587151169776917e-02,7.092666625976562500e-01,-1.800976097583770752e-01,2.058346010744571686e-02,-5.985154509544372559e-01,-5.991302430629730225e-02,7.255114614963531494e-03,7.537461519241333008e-01,-2.078482061624526978e-01,-4.670908674597740173e-03,-2.491308748722076416e-02,-9.644436649978160858e-03,4.989258944988250732e-01,-1.672245621681213379e+00,3.425667881965637207e-01,-3.758436739444732666e-01,1.200194239616394043e+00,-5.074863433837890625e-01,8.040848374366760254e-02,8.154349029064178467e-02,-1.596302151679992676e+00,-5.018721818923950195e-01,4.217199981212615967e-01,1.053908109664916992e+00,5.979167819023132324e-01,5.819199606776237488e-02,2.567515149712562561e-02
-1.327801612205803394e-03,3.933738917112350464e-03,7.719455957412719727e-01,9.960421323776245117e-01,5.447106901556253433e-03,8.583991229534149170e-02,2.240390144288539886e-02,-6.215029954910278320e-01,3.863100707530975342e-02,2.941367030143737793e-02,7.029259204864501953e-01,-1.803344637155532837e-01,1.720285043120384216e-02,-6.002545356750488281e-01,-5.803930014371871948e-02,9.166561067104339600e-03,7.428529262542724609e-01,-2.119349539279937744e-01,-1.896614092402160168e-03,-3.034453280270099640e-02,-1.085900049656629562e-02,5.013916492462158203e-01,-1.676759600639343262e+00,3.355434834957122803e-01,-3.865978419780731201e-01,1.188736796379089355e+00,-4.948020279407501221e-01,7.585124671459197998e-02,7.630699872970581055e-02,-1.605751276016235352e+00,-4.820469915866851807e-01,4.150924682617187500e-01,1.031735897064208984e+00,5.893082618713378906e-01,7.568224519491195679e-02,1.749662915244698524e-03
-1.924427342601120472e-03,3.462918102741241455e-03,7.719588279724121094e-01,9.960283637046813965e-01,4.706510342657566071e-03,8.630048483610153198e-02,2.139120176434516907e-02,-6.228729486465454102e-01,4.231234639883041382e-02,3.111626394093036652e-02,7.031490206718444824e-01,-1.805202066898345947e-01,1.631967537105083466e-02,-6.016159653663635254e-01,-5.527466908097267151e-02,8.379695005714893341e-03,7.435190081596374512e-01,-2.129238396883010864e-01,-2.731203800067305565e-03,-2.986743859946727753e-02,-1.120559033006429672e-02,5.018569231033325195e-01,-1.680198431015014648e+00,3.352586328983306885e-01,-3.889791369438171387e-01,1.191101074218750000e+00,-4.972355067729949951e-01,7.454982399940490723e-02,7.483098655939102173e-02,-1.605948567390441895e+00,-4.799836575984954834e-01,4.150235950946807861e-01,1.033783316612243652e+00,5.883223414421081543e-01,7.294975221157073975e-02,-7.357883732765913010e-04
-2.647281857207417488e-03,2.939744619652628899e-03,7.716756463050842285e-01,9.959875941276550293e-01,4.228371195495128632e-03,8.691525459289550781e-02,2.089271694421768188e-02,-6.261637210845947266e-01,4.565927386283874512e-02,3.277328982949256897e-02,7.061975002288818359e-01,-1.820013672113418579e-01,1.566075719892978668e-02,-6.045055389404296875e-01,-5.291835963726043701e-02,6.704031489789485931e-03,7.453047633171081543e-01,-2.141436934471130371e-01,-2.944086212664842606e-03,-2.942282706499099731e-02,-1.179662812501192093e-02,5.018834471702575684e-01,-1.681446433067321777e+00,3.352957963943481445e-01,-3.905927836894989014e-01,1.194906353950500488e+00,-4.992941915988922119e-01,7.413361221551895142e-02,7.136879116296768188e-02,-1.606507897377014160e+00,-4.779294729232788086e-01,4.153858423233032227e-01,1.035805702209472656e+00,5.893738865852355957e-01,7.258938997983932495e-02,-3.857243573293089867e-03
-3.290349151939153671e-03,2.394693437963724136e-03,7.712603807449340820e-01,9.959453344345092773e-01,3.914030734449625015e-03,8.731796592473983765e-02,2.128806896507740021e-02,-6.289575695991516113e-01,4.742863029241561890e-02,3.260802850127220154e-02,7.087291479110717773e-01,-1.839395165443420410e-01,1.551799196749925613e-02,-6.074815392494201660e-01,-5.106929689645767212e-02,5.188714247196912766e-03,7.468062043190002441e-01,-2.150627672672271729e-01,-3.304402343928813934e-03,-2.993487566709518433e-02,-1.256855484098196030e-02,5.020448565483093262e-01,-1.681560397148132324e+00,3.371777236461639404e-01,-3.914257884025573730e-01,1.196425557136535645e+00,-5.000800490379333496e-01,7.629531621932983398e-02,6.725313514471054077e-02,-1.607559800148010254e+00,-4.766350984573364258e-01,4.162362515926361084e-01,1.035229563713073730e+00,5.932009220123291016e-01,7.466307282447814941e-02,-6.961188279092311859e-03
-3.543837927281856537e-03,1.859283889643847942e-03,7.708166837692260742e-01,9.959149956703186035e-01,3.621809650212526321e-03,8.740942180156707764e-02,2.235701307654380798e-02,-6.298512816429138184e-01,4.809471964836120605e-02,3.114657476544380188e-02,7.090615630149841309e-01,-1.855712532997131348e-01,1.621685922145843506e-02,-6.090285778045654297e-01,-5.071477219462394714e-02,1.858387608081102371e-03,7.469571232795715332e-01,-2.148664295673370361e-01,-3.908156417310237885e-03,-3.163709118962287903e-02,-1.309358235448598862e-02,5.017234086990356445e-01,-1.681323051452636719e+00,3.397184014320373535e-01,-3.912614285945892334e-01,1.195617675781250000e+00,-4.999505579471588135e-01,8.225554972887039185e-02,6.364943087100982666e-02,-1.606934785842895508e+00,-4.767557382583618164e-01,4.155004620552062988e-01,1.027978777885437012e+00,5.960982441902160645e-01,8.114433288574218750e-02,-7.734451908618211746e-03
-4.873639903962612152e-03,-8.074010838754475117e-04,7.689253687858581543e-01,9.957998394966125488e-01,3.567557316273450851e-03,8.863425999879837036e-02,2.267033979296684265e-02,-6.437848806381225586e-01,5.192631855607032776e-02,3.268160298466682434e-02,7.110465168952941895e-01,-1.842951476573944092e-01,1.891629956662654877e-02,-6.079148650169372559e-01,-5.147210136055946350e-02,-3.133665304630994797e-03,7.572359442710876465e-01,-2.097334414720535278e-01,-9.213603101670742035e-03,-2.768021449446678162e-02,-1.481133699417114258e-02,4.999406933784484863e-01,-1.688438296318054199e+00,3.545286357402801514e-01,-3.915782272815704346e-01,1.209464788436889648e+00,-5.201837420463562012e-01,8.562767505645751953e-02,7.058116793632507324e-02,-1.591841697692871094e+00,-4.930858314037322998e-01,4.160832464694976807e-01,1.045952320098876953e+00,5.955474972724914551e-01,6.275276839733123779e-02,6.106267217546701431e-03
-4.294111393392086029e-03,5.513976793736219406e-04,7.709892988204956055e-01,9.959200620651245117e-01,2.278877887874841690e-03,8.709554374217987061e-02,2.350349724292755127e-02,-6.275897622108459473e-01,5.060407891869544983e-02,2.860059402883052826e-02,7.018021941184997559e-01,-1.849991828203201294e-01,1.356600038707256317e-02,-6.057562232017517090e-01,-4.802165180444717407e-02,-1.921447226777672768e-03,7.385901212692260742e-01,-2.133065760135650635e-01,-5.247299093753099442e-03,-3.283672779798507690e-02,-1.372751966118812561e-02,5.018339753150939941e-01,-1.691187977790832520e+00,3.474438488483428955e-01,-4.005226790904998779e-01,1.195115327835083008e+00,-5.050106048583984375e-01,8.270044624805450439e-02,6.492818146944046021e-02,-1.604382395744323730e+00,-4.748319387435913086e-01,4.073625802993774414e-01,1.025743484497070312e+00,5.941542387008666992e-01,7.681439071893692017e-02,-1.348119601607322693e-02
-4.765055142343044281e-03,1.976726052816957235e-04,7.711093425750732422e-01,9.958928227424621582e-01,1.721048029139637947e-03,8.732442557811737061e-02,2.385137230157852173e-02,-6.279860734939575195e-01,5.227912962436676025e-02,2.824564091861248016e-02,7.005276083946228027e-01,-1.840863525867462158e-01,1.122080441564321518e-02,-6.048988103866577148e-01,-4.729724302887916565e-02,-4.760407842695713043e-03,7.364881634712219238e-01,-2.136028558015823364e-01,-6.287767086178064346e-03,-3.230821341276168823e-02,-1.352841965854167938e-02,5.014980435371398926e-01,-1.696488022804260254e+00,3.491861522197723389e-01,-4.038850665092468262e-01,1.198661565780639648e+00,-5.084319114685058594e-01,8.071834594011306763e-02,6.512717157602310181e-02,-1.603350281715393066e+00,-4.742103219032287598e-01,4.045406579971313477e-01,1.025091052055358887e+00,5.916395187377929688e-01,7.596223056316375732e-02,-1.719843968749046326e-02
-5.348709877580404282e-03,1.307250931859016418e-05,7.710613012313842773e-01,9.958289861679077148e-01,1.493744319304823875e-03,8.787927776575088501e-02,2.448783256113529205e-02,-6.306442618370056152e-01,5.392437800765037537e-02,2.845673821866512299e-02,7.024883031845092773e-01,-1.838154196739196777e-01,8.941235952079296112e-03,-6.063331961631774902e-01,-4.714804142713546753e-02,-7.499472238123416901e-03,7.364949584007263184e-01,-2.134212106466293335e-01,-6.971495226025581360e-03,-3.185466676950454712e-02,-1.284645125269889832e-02,5.007236003875732422e-01,-1.698905706405639648e+00,3.504070341587066650e-01,-4.065176248550415039e-01,1.202405691146850586e+00,-5.116936564445495605e-01,7.930505275726318359e-02,6.383472681045532227e-02,-1.602331519126892090e+00,-4.737919569015502930e-01,4.030736386775970459e-01,1.023356795310974121e+00,5.908306241035461426e-01,7.872243225574493408e-02,-2.029709517955780029e-02
-5.865441635251045227e-03,-1.440667547285556793e-04,7.708476781845092773e-01,9.957724809646606445e-01,1.493256888352334499e-03,8.826337009668350220e-02,2.538616023957729340e-02,-6.330837607383728027e-01,5.479772761464118958e-02,2.816333435475826263e-02,7.040652036666870117e-01,-1.841309964656829834e-01,7.496387232095003128e-03,-6.077647805213928223e-01,-4.727953299880027771e-02,-9.096047841012477875e-03,7.367919087409973145e-01,-2.138042747974395752e-01,-7.498229388147592545e-03,-3.194454684853553772e-02,-1.217184122651815414e-02,5.001673698425292969e-01,-1.699607133865356445e+00,3.536158204078674316e-01,-4.093431532382965088e-01,1.202889204025268555e+00,-5.150592327117919922e-01,7.911837846040725708e-02,6.313491612672805786e-02,-1.601581692695617676e+00,-4.735778570175170898e-01,4.019304215908050537e-01,1.019083738327026367e+00,5.921119451522827148e-01,8.308850973844528198e-02,-2.398811280727386475e-02
-4.940895363688468933e-03,-7.289997301995754242e-04,7.706046700477600098e-01,9.957383871078491211e-01,1.532619819045066833e-03,8.831667155027389526e-02,2.651333622634410858e-02,-6.345021724700927734e-01,5.477835237979888916e-02,2.739326283335685730e-02,7.041755318641662598e-01,-1.843955814838409424e-01,7.958300411701202393e-03,-6.091085076332092285e-01,-4.780618473887443542e-02,-1.111605577170848846e-02,7.376815676689147949e-01,-2.143022716045379639e-01,-7.521800231188535690e-03,-3.312647715210914612e-02,-1.123332045972347260e-02,4.996193647384643555e-01,-1.699665069580078125e+00,3.574626147747039795e-01,-4.115794301033020020e-01,1.200408577919006348e+00,-5.186265707015991211e-01,8.123796433210372925e-02,6.303644180297851562e-02,-1.600528240203857422e+00,-4.733389616012573242e-01,4.005933701992034912e-01,1.009900569915771484e+00,5.930870175361633301e-01,8.933548629283905029e-02,-2.565420977771282196e-02
-5.496189929544925690e-03,-3.260273020714521408e-03,7.691678404808044434e-01,9.955938458442687988e-01,2.065417589619755745e-03,8.955038338899612427e-02,2.773722074925899506e-02,-6.462408304214477539e-01,5.485973507165908813e-02,2.986513264477252960e-02,7.048459053039550781e-01,-1.780059635639190674e-01,1.173717342317104340e-02,-6.083148717880249023e-01,-5.222614854574203491e-02,-1.316895242780447006e-02,7.473601698875427246e-01,-2.109251171350479126e-01,-1.248966902494430542e-02,-2.891602925956249237e-02,-1.086829043924808502e-02,4.989182353019714355e-01,-1.701968789100646973e+00,3.743640482425689697e-01,-4.093638360500335693e-01,1.221324920654296875e+00,-5.431835651397705078e-01,8.461575210094451904e-02,6.881852447986602783e-02,-1.586862325668334961e+00,-4.897640645503997803e-01,4.008193612098693848e-01,1.026024341583251953e+00,5.938302874565124512e-01,6.968644261360168457e-02,-1.366817951202392578e-02
-5.576726514846086502e-03,-1.635401044040918350e-03,7.707827687263488770e-01,9.957002401351928711e-01,1.469618524424731731e-03,8.848233520984649658e-02,2.738121338188648224e-02,-6.350327730178833008e-01,5.338266864418983459e-02,2.478650212287902832e-02,6.986200213432312012e-01,-1.797412633895874023e-01,5.817312747240066528e-03,-6.079103946685791016e-01,-4.737082868814468384e-02,-1.080805063247680664e-02,7.327325344085693359e-01,-2.171381562948226929e-01,-7.106536999344825745e-03,-3.144174814224243164e-02,-9.568224661052227020e-03,5.008744001388549805e-01,-1.704396009445190430e+00,3.631902635097503662e-01,-4.187951982021331787e-01,1.197986006736755371e+00,-5.260678529739379883e-01,7.712917029857635498e-02,6.821230798959732056e-02,-1.599749922752380371e+00,-4.699178636074066162e-01,3.920636475086212158e-01,1.008745789527893066e+00,5.911217927932739258e-01,8.075365424156188965e-02,-3.078292123973369598e-02
-6.214646622538566589e-03,-1.738929189741611481e-03,7.708956003189086914e-01,9.956478476524353027e-01,1.427850336767733097e-03,8.911246061325073242e-02,2.724633179605007172e-02,-6.359912753105163574e-01,5.290361866354942322e-02,2.447235025465488434e-02,6.988725662231445312e-01,-1.794484406709671021e-01,4.608668852597475052e-03,-6.093924045562744141e-01,-4.726787656545639038e-02,-1.187283545732498169e-02,7.344844341278076172e-01,-2.178600728511810303e-01,-7.245265878736972809e-03,-3.004201129078865051e-02,-8.571440353989601135e-03,5.016249418258666992e-01,-1.704590082168579102e+00,3.641647696495056152e-01,-4.177173972129821777e-01,1.199687838554382324e+00,-5.286510586738586426e-01,7.426333427429199219e-02,7.008842378854751587e-02,-1.599825263023376465e+00,-4.692718684673309326e-01,3.888294994831085205e-01,1.009112477302551270e+00,5.888336300849914551e-01,7.707396149635314941e-02,-3.485167026519775391e-02
-6.707730703055858612e-03,-1.733398530632257462e-03,7.706648111343383789e-01,9.955872297286987305e-01,1.582146389409899712e-03,8.974776417016983032e-02,2.736697159707546234e-02,-6.374088525772094727e-01,5.197904258966445923e-02,2.400337532162666321e-02,7.013882398605346680e-01,-1.809641867876052856e-01,4.406328778713941574e-03,-6.118093729019165039e-01,-4.784833267331123352e-02,-1.329583674669265747e-02,7.383947372436523438e-01,-2.178371697664260864e-01,-7.340879645198583603e-03,-2.989398129284381866e-02,-7.459417451173067093e-03,5.016590356826782227e-01,-1.701547741889953613e+00,3.658689856529235840e-01,-4.147115349769592285e-01,1.198405623435974121e+00,-5.299201011657714844e-01,7.392593473196029663e-02,7.042629271745681763e-02,-1.598675251007080078e+00,-4.702710211277008057e-01,3.878423273563385010e-01,1.004261851310729980e+00,5.882827639579772949e-01,7.888611406087875366e-02,-3.893456608057022095e-02
-6.754233501851558685e-03,-1.724021509289741516e-03,7.702964544296264648e-01,9.955501556396484375e-01,1.878251088783144951e-03,8.998189866542816162e-02,2.792043238878250122e-02,-6.374691724777221680e-01,5.026612803339958191e-02,2.313895523548126221e-02,7.023712992668151855e-01,-1.823021769523620605e-01,5.515416618436574936e-03,-6.133025288581848145e-01,-4.882187396287918091e-02,-1.381230633705854416e-02,7.419176697731018066e-01,-2.185624986886978149e-01,-7.585515733808279037e-03,-3.123475797474384308e-02,-6.384775508195161819e-03,5.011062622070312500e-01,-1.696823954582214355e+00,3.677890002727508545e-01,-4.116226732730865479e-01,1.192085266113281250e+00,-5.306602716445922852e-01,7.596659660339355469e-02,7.133627682924270630e-02,-1.597725749015808105e+00,-4.730285406112670898e-01,3.867114186286926270e-01,9.953924417495727539e-01,5.874390006065368652e-01,8.530148118734359741e-02,-4.202771186828613281e-02
-6.321115419268608093e-03,-3.494214266538619995e-03,7.692199945449829102e-01,9.954324364662170410e-01,2.315776189789175987e-03,9.130753576755523682e-02,2.778248116374015808e-02,-6.487632393836975098e-01,4.987972974777221680e-02,2.323674783110618591e-02,6.991923451423645020e-01,-1.737391352653503418e-01,9.187610819935798645e-03,-6.120803356170654297e-01,-5.186332762241363525e-02,-1.148769631981849670e-02,7.499793171882629395e-01,-2.157000005245208740e-01,-1.292648445814847946e-02,-2.556921169161796570e-02,-4.874830599874258041e-03,4.995954632759094238e-01,-1.689653754234313965e+00,3.795447647571563721e-01,-4.049585759639739990e-01,1.211784839630126953e+00,-5.524747371673583984e-01,8.086263388395309448e-02,7.262065261602401733e-02,-1.586082339286804199e+00,-4.930742681026458740e-01,3.881854712963104248e-01,1.007532835006713867e+00,5.911124944686889648e-01,7.522230595350265503e-02,-2.728839591145515442e-02
-6.350579205900430679e-03,-2.197124529629945755e-03,7.706852555274963379e-01,9.955762028694152832e-01,2.189091406762599945e-03,8.980368822813034058e-02,2.754032611846923828e-02,-6.339483261108398438e-01,4.877524822950363159e-02,2.365105040371417999e-02,6.974575519561767578e-01,-1.768241673707962036e-01,4.633832722902297974e-03,-6.099077463150024414e-01,-4.883842542767524719e-02,-8.813747204840183258e-03,7.363189458847045898e-01,-2.191309183835983276e-01,-8.029459044337272644e-03,-2.970002405345439911e-02,-6.260975264012813568e-03,5.022252798080444336e-01,-1.692345261573791504e+00,3.710483014583587646e-01,-4.093187749385833740e-01,1.182261347770690918e+00,-5.365884900093078613e-01,7.090196758508682251e-02,7.339724898338317871e-02,-1.599582791328430176e+00,-4.725614190101623535e-01,3.773102462291717529e-01,9.914163947105407715e-01,5.793259143829345703e-01,7.994855940341949463e-02,-5.051352456212043762e-02
-6.011957302689552307e-03,-2.253997838124632835e-03,7.709291577339172363e-01,9.955770373344421387e-01,2.568797208368778229e-03,8.992691338062286377e-02,2.707039192318916321e-02,-6.333232522010803223e-01,4.877234995365142822e-02,2.474127337336540222e-02,6.970928311347961426e-01,-1.743117868900299072e-01,3.885507583618164062e-03,-6.105306744575500488e-01,-4.902106150984764099e-02,-7.478702347725629807e-03,7.359839081764221191e-01,-2.184259891510009766e-01,-8.454077877104282379e-03,-2.839870937168598175e-02,-6.537497974932193756e-03,5.025051832199096680e-01,-1.688400506973266602e+00,3.702506124973297119e-01,-4.034478068351745605e-01,1.182437539100646973e+00,-5.372749567031860352e-01,6.828102469444274902e-02,7.171952724456787109e-02,-1.599954485893249512e+00,-4.706831872463226318e-01,3.763133883476257324e-01,9.922248125076293945e-01,5.781482458114624023e-01,7.928092777729034424e-02,-5.118457600474357605e-02
-5.657143425196409225e-03,-1.971347024664282799e-03,7.710541486740112305e-01,9.955523014068603516e-01,3.262259764596819878e-03,9.024917334318161011e-02,2.683376707136631012e-02,-6.331900954246520996e-01,4.795140027999877930e-02,2.533946558833122253e-02,6.977017521858215332e-01,-1.731956750154495239e-01,3.352229250594973564e-03,-6.126614212989807129e-01,-4.951013624668121338e-02,-5.602320190519094467e-03,7.373822927474975586e-01,-2.178923636674880981e-01,-8.572161197662353516e-03,-2.767595089972019196e-02,-7.223740220069885254e-03,5.027051568031311035e-01,-1.683617949485778809e+00,3.692643344402313232e-01,-3.965265750885009766e-01,1.183341622352600098e+00,-5.363480448722839355e-01,6.642885506153106689e-02,6.900346279144287109e-02,-1.601001262664794922e+00,-4.693745374679565430e-01,3.778741657733917236e-01,9.940562248229980469e-01,5.814286470413208008e-01,7.999157905578613281e-02,-5.222654342651367188e-02
-5.105804186314344406e-03,-1.575483242049813271e-03,7.710233926773071289e-01,9.955199360847473145e-01,4.035323858261108398e-03,9.052330255508422852e-02,2.700639516115188599e-02,-6.325163245201110840e-01,4.596593230962753296e-02,2.458039671182632446e-02,6.977785229682922363e-01,-1.733567416667938232e-01,3.518881741911172867e-03,-6.146072745323181152e-01,-5.019285157322883606e-02,-3.174794139340519905e-03,7.392907142639160156e-01,-2.181965857744216919e-01,-8.780717849731445312e-03,-2.786791324615478516e-02,-8.249096572399139404e-03,5.029594302177429199e-01,-1.678843617439270020e+00,3.688991367816925049e-01,-3.900772035121917725e-01,1.182728886604309082e+00,-5.330283641815185547e-01,6.654681265354156494e-02,6.705746054649353027e-02,-1.603425264358520508e+00,-4.692428112030029297e-01,3.803096711635589600e-01,9.936777353286743164e-01,5.868632197380065918e-01,8.242025971412658691e-02,-5.538409948348999023e-02
-4.221841692924499512e-03,-1.469315728172659874e-03,7.707599401473999023e-01,9.955024123191833496e-01,4.713081754744052887e-03,9.046748280525207520e-02,2.771857753396034241e-02,-6.310887336730957031e-01,4.328833520412445068e-02,2.351901866495609283e-02,6.974974274635314941e-01,-1.736011207103729248e-01,5.366705823689699173e-03,-6.158757209777832031e-01,-5.187306925654411316e-02,-2.909306203946471214e-03,7.430471777915954590e-01,-2.194528579711914062e-01,-8.674744516611099243e-03,-2.935605309903621674e-02,-8.600806817412376404e-03,5.028268098831176758e-01,-1.674243569374084473e+00,3.676579296588897705e-01,-3.836283981800079346e-01,1.178861260414123535e+00,-5.281143784523010254e-01,6.954581290483474731e-02,6.618043780326843262e-02,-1.604990482330322266e+00,-4.703432023525238037e-01,3.817720413208007812e-01,9.891929030418395996e-01,5.881432294845581055e-01,8.867458999156951904e-02,-5.909890681505203247e-02
-2.414162969216704369e-03,-3.238841425627470016e-03,7.691952586174011230e-01,9.954527020454406738e-01,5.074632819741964340e-03,9.097913652658462524e-02,2.776655368506908417e-02,-6.458390355110168457e-01,4.160866886377334595e-02,1.847263798117637634e-02,6.994516253471374512e-01,-1.686062365770339966e-01,8.616728708148002625e-03,-6.150789856910705566e-01,-5.565067380666732788e-02,-1.003387849777936935e-03,7.581969499588012695e-01,-2.208187282085418701e-01,-1.255797781050205231e-02,-2.357369288802146912e-02,-6.943710148334503174e-03,5.006199479103088379e-01,-1.672036409378051758e+00,3.720289170742034912e-01,-3.789008259773254395e-01,1.196447134017944336e+00,-5.470689535140991211e-01,7.068547606468200684e-02,6.426832079887390137e-02,-1.597133755683898926e+00,-4.838000833988189697e-01,3.906834125518798828e-01,1.012302160263061523e+00,5.936418771743774414e-01,7.440490275621414185e-02,-3.912989050149917603e-02
-2.878102939575910568e-03,-2.095696981996297836e-03,7.709993124008178711e-01,9.956138730049133301e-01,5.049176048487424850e-03,8.920735120773315430e-02,2.774140425026416779e-02,-6.263553500175476074e-01,4.135210067033767700e-02,2.275736071169376373e-02,6.948943138122558594e-01,-1.713165938854217529e-01,6.107572000473737717e-03,-6.097540259361267090e-01,-5.331228300929069519e-02,-3.665022086352109909e-03,7.406945824623107910e-01,-2.227625101804733276e-01,-7.496526464819908142e-03,-2.851014584302902222e-02,-8.204287849366664886e-03,5.038394331932067871e-01,-1.670392632484436035e+00,3.637137115001678467e-01,-3.806006014347076416e-01,1.171633362770080566e+00,-5.231595635414123535e-01,6.893904507160186768e-02,6.905558705329895020e-02,-1.606870651245117188e+00,-4.682306647300720215e-01,3.823224008083343506e-01,9.929140806198120117e-01,5.806879401206970215e-01,8.400990068912506104e-02,-6.501242518424987793e-02
-2.759135095402598381e-03,-2.238437067717313766e-03,7.710069417953491211e-01,9.956663846969604492e-01,5.124912597239017487e-03,8.876041322946548462e-02,2.727250382304191589e-02,-6.263900399208068848e-01,4.201830178499221802e-02,2.348223142325878143e-02,6.964379549026489258e-01,-1.720699220895767212e-01,5.493363831192255020e-03,-6.086980700492858887e-01,-5.363437905907630920e-02,-5.039413925260305405e-03,7.414718866348266602e-01,-2.250181436538696289e-01,-7.557856850326061249e-03,-2.726494707167148590e-02,-8.124234154820442200e-03,5.037987232208251953e-01,-1.667876720428466797e+00,3.602549433708190918e-01,-3.797398805618286133e-01,1.170822262763977051e+00,-5.239320993423461914e-01,6.730940192937850952e-02,7.052583247423171997e-02,-1.608351349830627441e+00,-4.669650793075561523e-01,3.839645683765411377e-01,9.967399239540100098e-01,5.772842168807983398e-01,8.201670646667480469e-02,-6.560669839382171631e-02
-2.846937626600265503e-03,-1.955466577783226967e-03,7.707812786102294922e-01,9.957022666931152344e-01,5.452055018395185471e-03,8.836874365806579590e-02,2.717070281505584717e-02,-6.279167532920837402e-01,4.202031716704368591e-02,2.400221861898899078e-02,7.007066607475280762e-01,-1.743766069412231445e-01,4.981850273907184601e-03,-6.092936396598815918e-01,-5.395889654755592346e-02,-5.564654245972633362e-03,7.444847226142883301e-01,-2.274332493543624878e-01,-7.387357298284769058e-03,-2.676057070493698120e-02,-8.362670429050922394e-03,5.034565925598144531e-01,-1.664627432823181152e+00,3.570524156093597412e-01,-3.789568245410919189e-01,1.170567870140075684e+00,-5.241211652755737305e-01,6.787714362144470215e-02,7.050363719463348389e-02,-1.610358119010925293e+00,-4.662569463253021240e-01,3.877426683902740479e-01,1.000602602958679199e+00,5.776269435882568359e-01,8.363862335681915283e-02,-6.647592782974243164e-02
-2.832502126693725586e-03,-1.466099871322512627e-03,7.704273462295532227e-01,9.957256317138671875e-01,5.780179519206285477e-03,8.798764646053314209e-02,2.748214639723300934e-02,-6.297810077667236328e-01,4.105588048696517944e-02,2.350673824548721313e-02,7.053692936897277832e-01,-1.769276410341262817e-01,5.279037170112133026e-03,-6.102319359779357910e-01,-5.469223111867904663e-02,-5.125658586621284485e-03,7.481483817100524902e-01,-2.295707315206527710e-01,-6.919683422893285751e-03,-2.744708210229873657e-02,-8.852046914398670197e-03,5.031378865242004395e-01,-1.662508249282836914e+00,3.558561801910400391e-01,-3.783972859382629395e-01,1.170669555664062500e+00,-5.235063433647155762e-01,7.062868028879165649e-02,7.068011164665222168e-02,-1.612931251525878906e+00,-4.659847617149353027e-01,3.919674456119537354e-01,1.002931356430053711e+00,5.814107060432434082e-01,8.717193454504013062e-02,-6.947291642427444458e-02
-2.555612009018659592e-03,-1.033899374306201935e-03,7.699813842773437500e-01,9.957423210144042969e-01,5.998840089887380600e-03,8.757817745208740234e-02,2.813054248690605164e-02,-6.308446526527404785e-01,3.975789248943328857e-02,2.286934852600097656e-02,7.093286514282226562e-01,-1.785852462053298950e-01,6.626933813095092773e-03,-6.113378405570983887e-01,-5.604794993996620178e-02,-5.432285368442535400e-03,7.528970241546630859e-01,-2.312108725309371948e-01,-6.546088028699159622e-03,-2.924722433090209961e-02,-8.940252475440502167e-03,5.027294158935546875e-01,-1.662330031394958496e+00,3.552084863185882568e-01,-3.767260313034057617e-01,1.170834422111511230e+00,-5.216242074966430664e-01,7.537548989057540894e-02,7.068209350109100342e-02,-1.614989161491394043e+00,-4.660477936267852783e-01,3.932852149009704590e-01,1.001437783241271973e+00,5.830457806587219238e-01,9.229533374309539795e-02,-7.245464622974395752e-02
-1.724945497699081898e-03,-2.708325861021876335e-03,7.680231928825378418e-01,9.956929683685302734e-01,5.780363921076059341e-03,8.782118558883666992e-02,2.914724871516227722e-02,-6.430029273033142090e-01,4.226922988891601562e-02,1.947469450533390045e-02,7.137747406959533691e-01,-1.772209405899047852e-01,1.079093571752309799e-02,-6.093649864196777344e-01,-5.893594026565551758e-02,-7.468412630259990692e-03,7.687255740165710449e-01,-2.295319139957427979e-01,-1.013178471475839615e-02,-2.704684808850288391e-02,-8.751519024372100830e-03,4.988152682781219482e-01,-1.667522907257080078e+00,3.650676608085632324e-01,-3.701701462268829346e-01,1.182018518447875977e+00,-5.405266284942626953e-01,8.438573777675628662e-02,7.079591602087020874e-02,-1.602056980133056641e+00,-4.800917506217956543e-01,3.976693451404571533e-01,1.024500131607055664e+00,5.912180542945861816e-01,7.737664878368377686e-02,-5.362610146403312683e-02
-2.223970368504524231e-03,-6.035845726728439331e-04,7.697508335113525391e-01,9.958550333976745605e-01,5.322350189089775085e-03,8.648002147674560547e-02,2.766809612512588501e-02,-6.285123229026794434e-01,4.052127525210380554e-02,2.104844897985458374e-02,7.080048322677612305e-01,-1.798193007707595825e-01,5.956580396741628647e-03,-6.088513135910034180e-01,-5.506275966763496399e-02,-4.228003323078155518e-03,7.539857029914855957e-01,-2.347151786088943481e-01,-5.447449628263711929e-03,-2.931480109691619873e-02,-8.082981221377849579e-03,5.043933391571044922e-01,-1.669560194015502930e+00,3.556797206401824951e-01,-3.796234428882598877e-01,1.171857714653015137e+00,-5.204475522041320801e-01,7.769005000591278076e-02,7.190140336751937866e-02,-1.621216893196105957e+00,-4.645872712135314941e-01,3.905693590641021729e-01,1.008491516113281250e+00,5.775178074836730957e-01,8.599594980478286743e-02,-7.578183710575103760e-02
-2.534929430112242699e-03,-3.412121441215276718e-04,7.697081565856933594e-01,9.958713054656982422e-01,4.744354169815778732e-03,8.646579831838607788e-02,2.723013237118721008e-02,-6.299346089363098145e-01,4.197252541780471802e-02,2.026141621172428131e-02,7.105702161788940430e-01,-1.815355420112609863e-01,5.434771534055471420e-03,-6.094681620597839355e-01,-5.405626073479652405e-02,-5.948456004261970520e-03,7.563381195068359375e-01,-2.367308735847473145e-01,-5.510022863745689392e-03,-2.842184714972972870e-02,-7.515391800552606583e-03,5.046269893646240234e-01,-1.671738743782043457e+00,3.532920479774475098e-01,-3.796204626560211182e-01,1.177479982376098633e+00,-5.219139456748962402e-01,7.500569522380828857e-02,7.435481995344161987e-02,-1.624585509300231934e+00,-4.636427164077758789e-01,3.914193511009216309e-01,1.012314438819885254e+00,5.752835273742675781e-01,8.309892565011978149e-02,-7.719282060861587524e-02
-2.987470943480730057e-03,1.489138230681419373e-05,7.692761421203613281e-01,9.958494901657104492e-01,4.359751474112272263e-03,8.664293587207794189e-02,2.752736024558544159e-02,-6.336006522178649902e-01,4.275225847959518433e-02,1.904466748237609863e-02,7.167823314666748047e-01,-1.844530552625656128e-01,5.934515967965126038e-03,-6.119183897972106934e-01,-5.400956049561500549e-02,-8.412444964051246643e-03,7.608186006546020508e-01,-2.390278726816177368e-01,-5.557722412049770355e-03,-2.873509936034679413e-02,-6.934177596122026443e-03,5.040956139564514160e-01,-1.672085881233215332e+00,3.504397869110107422e-01,-3.788845241069793701e-01,1.183795094490051270e+00,-5.227673053741455078e-01,7.455816119909286499e-02,7.464352250099182129e-02,-1.627284169197082520e+00,-4.621470868587493896e-01,3.938527703285217285e-01,1.014142274856567383e+00,5.764335393905639648e-01,8.486703783273696899e-02,-7.886564731597900391e-02
-3.159635234624147415e-03,3.205977845937013626e-04,7.686444520950317383e-01,9.958211779594421387e-01,4.128905944526195526e-03,8.669868111610412598e-02,2.839933894574642181e-02,-6.367244720458984375e-01,4.269747063517570496e-02,1.773226261138916016e-02,7.225936651229858398e-01,-1.870824247598648071e-01,7.464610505849123001e-03,-6.141155362129211426e-01,-5.446412786841392517e-02,-1.027164980769157410e-02,7.653538584709167480e-01,-2.406048476696014404e-01,-5.651855375617742538e-03,-3.024609200656414032e-02,-6.509252358227968216e-03,5.035793781280517578e-01,-1.671962738037109375e+00,3.487357199192047119e-01,-3.777135312557220459e-01,1.186377048492431641e+00,-5.228665471076965332e-01,7.771267741918563843e-02,7.414017617702484131e-02,-1.628365755081176758e+00,-4.611725807189941406e-01,3.945133388042449951e-01,1.012351274490356445e+00,5.773658752441406250e-01,8.953642100095748901e-02,-8.064190298318862915e-02
-1.457574544474482536e-03,-2.351046307012438774e-03,7.665996551513671875e-01,9.957416057586669922e-01,3.965172450989484787e-03,8.732948452234268188e-02,2.926650084555149078e-02,-6.527826786041259766e-01,4.616289958357810974e-02,1.631880365312099457e-02,7.292728424072265625e-01,-1.831691563129425049e-01,1.161952223628759384e-02,-6.110439896583557129e-01,-5.530705302953720093e-02,-9.346511214971542358e-03,7.766653895378112793e-01,-2.354021370410919189e-01,-1.193675864487886429e-02,-2.634014934301376343e-02,-5.196196958422660828e-03,5.035328865051269531e-01,-1.672947883605957031e+00,3.580265343189239502e-01,-3.762145042419433594e-01,1.196976900100708008e+00,-5.426976084709167480e-01,8.499746024608612061e-02,7.677961885929107666e-02,-1.611844778060913086e+00,-4.751737713813781738e-01,3.970386683940887451e-01,1.028715491294860840e+00,5.875782966613769531e-01,7.790297269821166992e-02,-6.897473335266113281e-02
-3.116586711257696152e-03,1.471949508413672447e-04,7.686272263526916504e-01,9.958143830299377441e-01,3.430671757087111473e-03,8.669479191303253174e-02,2.874151989817619324e-02,-6.384801864624023438e-01,4.272254928946495056e-02,1.654374785721302032e-02,7.222551107406616211e-01,-1.834504008293151855e-01,9.172566235065460205e-03,-6.122368574142456055e-01,-5.404931306838989258e-02,-9.495018050074577332e-03,7.631712555885314941e-01,-2.411524057388305664e-01,-6.372118834406137466e-03,-3.053824417293071747e-02,-4.845244344323873520e-03,5.048930048942565918e-01,-1.676317095756530762e+00,3.490138649940490723e-01,-3.810329735279083252e-01,1.184211134910583496e+00,-5.248891115188598633e-01,7.733453810214996338e-02,8.083339780569076538e-02,-1.629395961761474609e+00,-4.593081772327423096e-01,3.926620483398437500e-01,1.014604330062866211e+00,5.724771618843078613e-01,8.244530856609344482e-02,-8.699035644531250000e-02
-2.979522570967674255e-03,-5.748798139393329620e-05,7.688118219375610352e-01,9.957859516143798828e-01,3.296921728178858757e-03,8.706526458263397217e-02,2.861930802464485168e-02,-6.394376158714294434e-01,4.325747489929199219e-02,1.658342592418193817e-02,7.218811511993408203e-01,-1.810420155525207520e-01,9.458027780055999756e-03,-6.117582917213439941e-01,-5.422734469175338745e-02,-1.069884188473224640e-02,7.614250183105468750e-01,-2.403406202793121338e-01,-6.471231579780578613e-03,-2.931020036339759827e-02,-3.653244348242878914e-03,5.050805211067199707e-01,-1.676479578018188477e+00,3.465245962142944336e-01,-3.812902271747589111e-01,1.187148809432983398e+00,-5.256007909774780273e-01,7.420543581247329712e-02,8.228285610675811768e-02,-1.630532622337341309e+00,-4.581582248210906982e-01,3.929457664489746094e-01,1.017265319824218750e+00,5.714550018310546875e-01,7.938881963491439819e-02,-8.696569502353668213e-02
-2.835555467754602432e-03,3.168697003275156021e-05,7.688423991203308105e-01,9.957389235496520996e-01,3.412032267078757286e-03,8.751368522644042969e-02,2.887468785047531128e-02,-6.409878134727478027e-01,4.332741349935531616e-02,1.676082052290439606e-02,7.232961654663085938e-01,-1.803789436817169189e-01,9.737511165440082550e-03,-6.128190755844116211e-01,-5.461364611983299255e-02,-1.154579594731330872e-02,7.605985403060913086e-01,-2.386208325624465942e-01,-6.469360087066888809e-03,-2.800799347460269928e-02,-2.279477426782250404e-03,5.046875476837158203e-01,-1.674039721488952637e+00,3.433388173580169678e-01,-3.806277811527252197e-01,1.190366268157958984e+00,-5.246205925941467285e-01,7.153809815645217896e-02,8.174706250429153442e-02,-1.631291508674621582e+00,-4.573603868484497070e-01,3.941559791564941406e-01,1.019633412361145020e+00,5.735718607902526855e-01,7.961706817150115967e-02,-8.707638829946517944e-02
-2.587170340120792389e-03,3.522929036989808083e-04,7.686792612075805664e-01,9.956927895545959473e-01,3.614163491874933243e-03,8.773695677518844604e-02,2.974907308816909790e-02,-6.421110033988952637e-01,4.234215989708900452e-02,1.599573157727718353e-02,7.244114279747009277e-01,-1.805791854858398438e-01,1.058903150260448456e-02,-6.140131354331970215e-01,-5.548579245805740356e-02,-1.132852584123611450e-02,7.603690624237060547e-01,-2.370003014802932739e-01,-6.782620213925838470e-03,-2.813637629151344299e-02,-6.157764582894742489e-04,5.038889646530151367e-01,-1.670215368270874023e+00,3.411023616790771484e-01,-3.783658444881439209e-01,1.191553115844726562e+00,-5.223075747489929199e-01,7.129551470279693604e-02,8.085644990205764771e-02,-1.630669116973876953e+00,-4.570615291595458984e-01,3.963987231254577637e-01,1.018747925758361816e+00,5.787688493728637695e-01,8.315077424049377441e-02,-8.951151371002197266e-02
-2.164012752473354340e-03,6.138724857009947300e-04,7.685487270355224609e-01,9.956627488136291504e-01,3.722916590049862862e-03,8.763527870178222656e-02,3.101448155939579010e-02,-6.422126889228820801e-01,4.102958738803863525e-02,1.494781766086816788e-02,7.246214151382446289e-01,-1.803978383541107178e-01,1.221824530512094498e-02,-6.146118044853210449e-01,-5.683134868741035461e-02,-1.191610004752874374e-02,7.610622048377990723e-01,-2.367195188999176025e-01,-7.053966168314218521e-03,-2.982046082615852356e-02,1.645890879444777966e-03,5.030889511108398438e-01,-1.666587948799133301e+00,3.388597071170806885e-01,-3.758336305618286133e-01,1.191309452056884766e+00,-5.197166800498962402e-01,7.376538962125778198e-02,8.182773739099502563e-02,-1.627698898315429688e+00,-4.572927951812744141e-01,3.974070549011230469e-01,1.013929724693298340e+00,5.794532895088195801e-01,8.901683986186981201e-02,-9.102284908294677734e-02
1.415010774508118629e-04,-1.890758518129587173e-03,7.675454020500183105e-01,9.956028461456298828e-01,3.693096572533249855e-03,8.798183500766754150e-02,3.194574266672134399e-02,-6.574994921684265137e-01,4.375453293323516846e-02,1.695317402482032776e-02,7.276523113250732422e-01,-1.742932945489883423e-01,1.386125665158033371e-02,-6.088904142379760742e-01,-6.004087254405021667e-02,-1.003939006477594376e-02,7.678565979003906250e-01,-2.321423739194869995e-01,-8.424528874456882477e-03,-2.549671009182929993e-02,4.174500703811645508e-03,5.003476142883300781e-01,-1.662103772163391113e+00,3.509412407875061035e-01,-3.809486627578735352e-01,1.199853301048278809e+00,-5.502065420150756836e-01,7.449229061603546143e-02,9.678481519222259521e-02,-1.610105872154235840e+00,-4.714312851428985596e-01,3.981807231903076172e-01,1.027297019958496094e+00,5.831493139266967773e-01,6.433102488517761230e-02,-7.719102501869201660e-02
-1.647058175876736641e-03,6.620789063163101673e-04,7.689518928527832031e-01,9.957162737846374512e-01,3.471704199910163879e-03,8.699495345354080200e-02,3.112760931253433228e-02,-6.403835415840148926e-01,3.994116187095642090e-02,1.382850855588912964e-02,7.195156216621398926e-01,-1.765150576829910278e-01,1.140973996371030807e-02,-6.112769246101379395e-01,-5.720252916216850281e-02,-9.768783114850521088e-03,7.568991184234619141e-01,-2.391962409019470215e-01,-5.882262252271175385e-03,-2.898551337420940399e-02,6.474195979535579681e-03,5.040728449821472168e-01,-1.669050455093383789e+00,3.391454219818115234e-01,-3.822470605373382568e-01,1.187026619911193848e+00,-5.245271921157836914e-01,7.153582572937011719e-02,9.097966551780700684e-02,-1.622334837913513184e+00,-4.534414112567901611e-01,3.949373066425323486e-01,1.015758275985717773e+00,5.723814964294433594e-01,7.887811213731765747e-02,-1.005802452564239502e-01
-1.747153699398040771e-03,5.813866737298667431e-04,7.690414190292358398e-01,9.957284331321716309e-01,3.450647229328751564e-03,8.703665435314178467e-02,3.061906993389129639e-02,-6.413398981094360352e-01,4.043892771005630493e-02,1.460669934749603271e-02,7.205547094345092773e-01,-1.760975569486618042e-01,1.111302524805068970e-02,-6.115024089813232422e-01,-5.764048546552658081e-02,-1.056024804711341858e-02,7.576115131378173828e-01,-2.407066375017166138e-01,-5.385261494666337967e-03,-2.774472534656524658e-02,8.812132291495800018e-03,5.045942068099975586e-01,-1.670614480972290039e+00,3.395536839962005615e-01,-3.828690946102142334e-01,1.189063072204589844e+00,-5.264889001846313477e-01,6.880863755941390991e-02,9.112901985645294189e-02,-1.620212316513061523e+00,-4.501385688781738281e-01,3.943186104297637939e-01,1.017780661582946777e+00,5.696977972984313965e-01,7.448425889015197754e-02,-1.031458526849746704e-01
-1.912712119519710541e-03,8.095745579339563847e-04,7.689635753631591797e-01,9.957299232482910156e-01,3.550090827047824860e-03,8.706244081258773804e-02,3.048780746757984161e-02,-6.431931853294372559e-01,4.060950502753257751e-02,1.474751811474561691e-02,7.251397967338562012e-01,-1.776419132947921753e-01,1.126793492585420609e-02,-6.123967170715332031e-01,-5.801381915807723999e-02,-1.204764284193515778e-02,7.594925761222839355e-01,-2.412899136543273926e-01,-5.381535738706588745e-03,-2.671578899025917053e-02,1.100721769034862518e-02,5.049293637275695801e-01,-1.670794486999511719e+00,3.405324220657348633e-01,-3.820102214813232422e-01,1.192664265632629395e+00,-5.287467837333679199e-01,6.680028140544891357e-02,8.806953579187393188e-02,-1.618481159210205078e+00,-4.471064209938049316e-01,3.940798044204711914e-01,1.019515872001647949e+00,5.704402923583984375e-01,7.379015535116195679e-02,-1.050345003604888916e-01
-1.931838225573301315e-03,1.233805669471621513e-03,7.688259482383728027e-01,9.957491755485534668e-01,3.695016959682106972e-03,8.678381145000457764e-02,3.063430637121200562e-02,-6.435526013374328613e-01,4.024610668420791626e-02,1.345991902053356171e-02,7.287953495979309082e-01,-1.798032969236373901e-01,1.203043479472398758e-02,-6.126874685287475586e-01,-5.811904743313789368e-02,-1.295456197112798691e-02,7.611314654350280762e-01,-2.410602271556854248e-01,-6.235916633158922195e-03,-2.651891671121120453e-02,1.281420234590768814e-02,5.051885843276977539e-01,-1.670885682106018066e+00,3.437772691249847412e-01,-3.816526234149932861e-01,1.195990085601806641e+00,-5.318768024444580078e-01,6.595891714096069336e-02,8.416795730590820312e-02,-1.616904497146606445e+00,-4.449236690998077393e-01,3.945052623748779297e-01,1.017484426498413086e+00,5.731274485588073730e-01,7.515798509120941162e-02,-1.067612692713737488e-01
-1.769271213561296463e-03,1.559284981340169907e-03,7.686216831207275391e-01,9.957568049430847168e-01,3.658282803371548653e-03,8.645634353160858154e-02,3.130844607949256897e-02,-6.434901356697082520e-01,3.957818821072578430e-02,1.142748445272445679e-02,7.307861447334289551e-01,-1.813883334398269653e-01,1.292512100189924240e-02,-6.127505302429199219e-01,-5.855116248130798340e-02,-1.559475436806678772e-02,7.623108625411987305e-01,-2.404807358980178833e-01,-7.632721681147813797e-03,-2.796426601707935333e-02,1.484146993607282639e-02,5.046973228454589844e-01,-1.671377897262573242e+00,3.475974202156066895e-01,-3.823594152927398682e-01,1.198558449745178223e+00,-5.352848768234252930e-01,6.746673583984375000e-02,8.088055998086929321e-02,-1.614180088043212891e+00,-4.440652430057525635e-01,3.946845233440399170e-01,1.009339690208435059e+00,5.726567506790161133e-01,7.913693040609359741e-02,-1.060753092169761658e-01
-9.262878447771072388e-04,-2.509413752704858780e-05,7.672545313835144043e-01,9.957284331321716309e-01,2.734549110755324364e-03,8.648855984210968018e-02,3.220349177718162537e-02,-6.535161137580871582e-01,4.351780936121940613e-02,1.226062420755624771e-02,7.330127358436584473e-01,-1.753831654787063599e-01,1.492861006408929825e-02,-6.048144698143005371e-01,-6.017442792654037476e-02,-1.801303029060363770e-02,7.673141360282897949e-01,-2.397734075784683228e-01,-1.457639038562774658e-02,-2.391645498573780060e-02,1.622595451772212982e-02,4.981987476348876953e-01,-1.666460037231445312e+00,3.588728904724121094e-01,-3.848747014999389648e-01,1.212347626686096191e+00,-5.656067132949829102e-01,7.087569683790206909e-02,7.887259125709533691e-02,-1.590520501136779785e+00,-4.586800634860992432e-01,3.901900649070739746e-01,1.018932223320007324e+00,5.723096132278442383e-01,5.807995423674583435e-02,-9.047264605760574341e-02
-1.566753257066011429e-03,1.491564558818936348e-03,7.689267396926879883e-01,9.958543777465820312e-01,3.008354222401976585e-03,8.555896580219268799e-02,3.073591366410255432e-02,-6.409478783607482910e-01,3.966356441378593445e-02,9.230636060237884521e-03,7.282429933547973633e-01,-1.789453774690628052e-01,9.899105876684188843e-03,-6.089326143264770508e-01,-5.588116869330406189e-02,-1.490374282002449036e-02,7.562872767448425293e-01,-2.403944432735443115e-01,-1.017023064196109772e-02,-2.712174691259860992e-02,1.841894537210464478e-02,5.045198798179626465e-01,-1.678889989852905273e+00,3.560552597045898438e-01,-3.914358317852020264e-01,1.200610160827636719e+00,-5.449842810630798340e-01,6.664306670427322388e-02,8.365204930305480957e-02,-1.610199570655822754e+00,-4.398055970668792725e-01,3.913429975509643555e-01,1.002219200134277344e+00,5.647539496421813965e-01,6.975635141134262085e-02,-1.152173578739166260e-01
-1.719772582873702049e-03,1.291950931772589684e-03,7.688910961151123047e-01,9.958868622779846191e-01,2.744102152064442635e-03,8.551526069641113281e-02,2.981485985219478607e-02,-6.417493820190429688e-01,4.082872718572616577e-02,9.437540546059608459e-03,7.301587462425231934e-01,-1.790156960487365723e-01,8.199031464755535126e-03,-6.091294288635253906e-01,-5.447771027684211731e-02,-1.388022303581237793e-02,7.556030154228210449e-01,-2.412331402301788330e-01,-1.055428106337785721e-02,-2.614170685410499573e-02,1.954922452569007874e-02,5.043960809707641602e-01,-1.682219743728637695e+00,3.590250015258789062e-01,-3.939834237098693848e-01,1.203814744949340820e+00,-5.501672625541687012e-01,6.581334769725799561e-02,8.541203290224075317e-02,-1.611342549324035645e+00,-4.375565350055694580e-01,3.931665718555450439e-01,1.002519130706787109e+00,5.651510357856750488e-01,6.677763909101486206e-02,-1.197541952133178711e-01
-2.074397867545485497e-03,1.044217962771654129e-03,7.685179114341735840e-01,9.958974123001098633e-01,2.757414011284708977e-03,8.554330468177795410e-02,2.937808819115161896e-02,-6.437886357307434082e-01,4.160678759217262268e-02,9.218008257448673248e-03,7.355947494506835938e-01,-1.813431382179260254e-01,7.442464120686054230e-03,-6.108015775680541992e-01,-5.436934158205986023e-02,-1.384974364191293716e-02,7.573628425598144531e-01,-2.408374696969985962e-01,-1.027932483702898026e-02,-2.695428952574729919e-02,2.036347799003124237e-02,5.041980147361755371e-01,-1.684153199195861816e+00,3.623394370079040527e-01,-3.961178958415985107e-01,1.206741452217102051e+00,-5.547140836715698242e-01,6.705205142498016357e-02,8.545687794685363770e-02,-1.613456249237060547e+00,-4.364123344421386719e-01,3.984858393669128418e-01,1.001319169998168945e+00,5.695884823799133301e-01,7.039142400026321411e-02,-1.190729141235351562e-01
-2.191566629335284233e-03,8.245155331678688526e-04,7.679411768913269043e-01,9.959332942962646484e-01,2.974065486341714859e-03,8.515755087137222290e-02,2.926040068268775940e-02,-6.447105407714843750e-01,4.194495454430580139e-02,8.564190939068794250e-03,7.405978441238403320e-01,-1.839031875133514404e-01,7.446105126291513443e-03,-6.121465563774108887e-01,-5.392217263579368591e-02,-1.314887963235378265e-02,7.609575390815734863e-01,-2.412557452917098999e-01,-9.989306330680847168e-03,-2.878906764090061188e-02,2.081051282584667206e-02,5.039200186729431152e-01,-1.685300469398498535e+00,3.666772544384002686e-01,-3.992676138877868652e-01,1.205429553985595703e+00,-5.578163266181945801e-01,7.132547348737716675e-02,8.515770733356475830e-02,-1.615951895713806152e+00,-4.377112686634063721e-01,4.027031362056732178e-01,9.972317814826965332e-01,5.732100009918212891e-01,7.731515169143676758e-02,-1.160968393087387085e-01
9.102257899940013885e-04,-3.364137373864650726e-03,7.674037218093872070e-01,9.959314465522766113e-01,2.406659768894314766e-03,8.502461761236190796e-02,2.975697070360183716e-02,-6.538594365119934082e-01,4.586109146475791931e-02,9.802699089050292969e-03,7.392492294311523438e-01,-1.814599037170410156e-01,1.052292715758085251e-02,-6.059566140174865723e-01,-5.498877540230751038e-02,-1.621964946389198303e-02,7.661455273628234863e-01,-2.393438518047332764e-01,-1.418020296841859818e-02,-2.592094242572784424e-02,2.092280797660350800e-02,4.982155561447143555e-01,-1.674948811531066895e+00,3.772137761116027832e-01,-3.988019526004791260e-01,1.212845444679260254e+00,-5.836939811706542969e-01,8.336851745843887329e-02,7.608279585838317871e-02,-1.595347881317138672e+00,-4.528595209121704102e-01,4.007298350334167480e-01,1.008773803710937500e+00,5.771047472953796387e-01,6.644096970558166504e-02,-1.000030711293220520e-01
-2.176460111513733864e-03,4.320624284446239471e-04,7.677028179168701172e-01,9.960426688194274902e-01,2.690687077119946480e-03,8.439400047063827515e-02,2.773845940828323364e-02,-6.441076397895812988e-01,4.413131251931190491e-02,8.546141907572746277e-03,7.412384152412414551e-01,-1.823656111955642700e-01,6.674187257885932922e-03,-6.102635264396667480e-01,-4.945526644587516785e-02,-9.877324104309082031e-03,7.598963975906372070e-01,-2.430019229650497437e-01,-1.052049919962882996e-02,-2.657266706228256226e-02,2.143539860844612122e-02,5.043991208076477051e-01,-1.690605282783508301e+00,3.747338354587554932e-01,-4.085415601730346680e-01,1.197465181350708008e+00,-5.674216151237487793e-01,7.199715077877044678e-02,8.713396638631820679e-02,-1.619643211364746094e+00,-4.396479725837707520e-01,4.018642008304595947e-01,9.991820454597473145e-01,5.728372931480407715e-01,7.332023233175277710e-02,-1.202858909964561462e-01
-2.197792986407876015e-03,2.128886990249156952e-04,7.677364349365234375e-01,9.960402846336364746e-01,2.437777351588010788e-03,8.475352078676223755e-02,2.673098072409629822e-02,-6.448802351951599121e-01,4.623100906610488892e-02,1.025363244116306305e-02,7.421250939369201660e-01,-1.814534068107604980e-01,5.887418054044246674e-03,-6.117878556251525879e-01,-4.740471392869949341e-02,-9.698405861854553223e-03,7.592394351959228516e-01,-2.425184994935989380e-01,-1.126574166119098663e-02,-2.440656907856464386e-02,2.160043455660343170e-02,5.047423839569091797e-01,-1.692140102386474609e+00,3.755144178867340088e-01,-4.102291464805603027e-01,1.198300480842590332e+00,-5.721256136894226074e-01,6.909473240375518799e-02,8.633106201887130737e-02,-1.620534539222717285e+00,-4.412792921066284180e-01,4.029322862625122070e-01,1.000976085662841797e+00,5.739929080009460449e-01,7.024025171995162964e-02,-1.207808777689933777e-01
-2.294057747349143028e-03,-7.911468856036663055e-05,7.676243782043457031e-01,9.959976673126220703e-01,2.406388521194458008e-03,8.545654267072677612e-02,2.607636339962482452e-02,-6.468316912651062012e-01,4.774840548634529114e-02,1.200398150831460953e-02,7.441344857215881348e-01,-1.817668974399566650e-01,5.274222698062658310e-03,-6.149724721908569336e-01,-4.635389149188995361e-02,-9.222182445228099823e-03,7.592442035675048828e-01,-2.410246878862380981e-01,-1.177199184894561768e-02,-2.303627133369445801e-02,2.124539948999881744e-02,5.049536228179931641e-01,-1.691868424415588379e+00,3.755966126918792725e-01,-4.101932346820831299e-01,1.198358297348022461e+00,-5.755591392517089844e-01,6.710883229970932007e-02,8.577653765678405762e-02,-1.621865510940551758e+00,-4.434989690780639648e-01,4.049184918403625488e-01,1.002351403236389160e+00,5.779684782028198242e-01,6.980531662702560425e-02,-1.206937655806541443e-01
-2.348431386053562164e-03,-3.862878074869513512e-04,7.673573493957519531e-01,9.959379434585571289e-01,2.531082602217793465e-03,8.619853109121322632e-02,2.590393088757991791e-02,-6.487957835197448730e-01,4.824114590883255005e-02,1.317769289016723633e-02,7.448441982269287109e-01,-1.829013526439666748e-01,4.846771247684955597e-03,-6.184207797050476074e-01,-4.598637297749519348e-02,-8.069836534559726715e-03,7.596611380577087402e-01,-2.389391809701919556e-01,-1.215906441211700439e-02,-2.293785288929939270e-02,2.033274993300437927e-02,5.051596164703369141e-01,-1.691043972969055176e+00,3.770299851894378662e-01,-4.097506701946258545e-01,1.195335149765014648e+00,-5.769599676132202148e-01,6.769321113824844360e-02,8.683536201715469360e-02,-1.624318122863769531e+00,-4.465142786502838135e-01,4.072677493095397949e-01,1.001869678497314453e+00,5.841373801231384277e-01,7.202543318271636963e-02,-1.223386973142623901e-01
-2.397796837612986565e-03,-7.213887292891740799e-04,7.670928239822387695e-01,9.958725571632385254e-01,2.745466539636254311e-03,8.679962158203125000e-02,2.638546191155910492e-02,-6.502062082290649414e-01,4.758129641413688660e-02,1.334095187485218048e-02,7.441412210464477539e-01,-1.836480945348739624e-01,4.944336600601673126e-03,-6.214716434478759766e-01,-4.675924032926559448e-02,-8.118079043924808502e-03,7.609682083129882812e-01,-2.374734282493591309e-01,-1.231517735868692398e-02,-2.428923361003398895e-02,1.943315006792545319e-02,5.053158998489379883e-01,-1.690637111663818359e+00,3.781429827213287354e-01,-4.088489115238189697e-01,1.189365983009338379e+00,-5.761185884475708008e-01,7.094810903072357178e-02,8.931537717580795288e-02,-1.627294301986694336e+00,-4.496184885501861572e-01,4.085610508918762207e-01,9.989319443702697754e-01,5.875751972198486328e-01,7.651023566722869873e-02,-1.228959262371063232e-01
-2.566403243690729141e-03,-4.088639281690120697e-03,7.664915323257446289e-01,9.957168698310852051e-01,1.994760474190115929e-03,8.815667778253555298e-02,2.779121138155460358e-02,-6.652770042419433594e-01,5.145579576492309570e-02,1.243760716170072556e-02,7.392320036888122559e-01,-1.782096326351165771e-01,9.187781251966953278e-03,-6.140753626823425293e-01,-4.950436204671859741e-02,-9.670444764196872711e-03,7.613386511802673340e-01,-2.333498746156692505e-01,-1.546654384583234787e-02,-2.245947532355785370e-02,1.892133988440036774e-02,5.008812546730041504e-01,-1.684710741043090820e+00,3.819485306739807129e-01,-4.027240872383117676e-01,1.192828297615051270e+00,-5.995129346847534180e-01,7.922497391700744629e-02,8.296410739421844482e-02,-1.610715031623840332e+00,-4.647617042064666748e-01,4.051222205162048340e-01,1.014835357666015625e+00,5.945851206779479980e-01,6.063430756330490112e-02,-1.017719954252243042e-01
-3.158895531669259071e-03,-1.649893354624509811e-03,7.674360871315002441e-01,9.957490563392639160e-01,2.699506469070911407e-03,8.816932886838912964e-02,2.650767564773559570e-02,-6.521281003952026367e-01,4.708762094378471375e-02,1.289441622793674469e-02,7.350137829780578613e-01,-1.785545349121093750e-01,4.040590953081846237e-03,-6.229537725448608398e-01,-4.622143134474754333e-02,-7.882882840931415558e-03,7.542642354965209961e-01,-2.360883951187133789e-01,-1.271504443138837814e-02,-2.421791478991508484e-02,1.768933236598968506e-02,5.058814883232116699e-01,-1.692209482192993164e+00,3.806897401809692383e-01,-4.124002158641815186e-01,1.174471855163574219e+00,-5.763061642646789551e-01,7.197610288858413696e-02,9.303260594606399536e-02,-1.630764365196228027e+00,-4.518854618072509766e-01,4.058524370193481445e-01,9.972772598266601562e-01,5.878233909606933594e-01,7.104060798883438110e-02,-1.272219121456146240e-01
-3.987259231507778168e-03,-2.209718106314539909e-03,7.678256034851074219e-01,9.956531524658203125e-01,2.821451285853981972e-03,8.928149193525314331e-02,2.637338452041149139e-02,-6.537043452262878418e-01,4.731848835945129395e-02,1.337603293359279633e-02,7.308956384658813477e-01,-1.751312464475631714e-01,2.929359208792448044e-03,-6.252921223640441895e-01,-4.554644227027893066e-02,-9.190658107399940491e-03,7.514295578002929688e-01,-2.348380237817764282e-01,-1.347736828029155731e-02,-2.361212484538555145e-02,1.678579486906528473e-02,5.058032274246215820e-01,-1.692304968833923340e+00,3.799841701984405518e-01,-4.124637246131896973e-01,1.170800566673278809e+00,-5.769883394241333008e-01,6.984131038188934326e-02,9.407844394445419312e-02,-1.631708860397338867e+00,-4.535215198993682861e-01,4.043554961681365967e-01,9.935266971588134766e-01,5.879535079002380371e-01,6.915987282991409302e-02,-1.275024861097335815e-01
-4.871590062975883484e-03,-2.615000121295452118e-03,7.680286765098571777e-01,9.955443143844604492e-01,3.181461011990904808e-03,9.045720100402832031e-02,2.643554098904132843e-02,-6.557567715644836426e-01,4.696231335401535034e-02,1.329686585813760757e-02,7.283837795257568359e-01,-1.727811247110366821e-01,1.819705124944448471e-03,-6.285396218299865723e-01,-4.501092806458473206e-02,-9.450724348425865173e-03,7.496976256370544434e-01,-2.333146780729293823e-01,-1.373880077153444290e-02,-2.349223755300045013e-02,1.574569195508956909e-02,5.055539608001708984e-01,-1.690826892852783203e+00,3.796116709709167480e-01,-4.124081432819366455e-01,1.166473746299743652e+00,-5.776046514511108398e-01,6.839197129011154175e-02,9.516194462776184082e-02,-1.632959127426147461e+00,-4.552163481712341309e-01,4.031110107898712158e-01,9.887630939483642578e-01,5.897243618965148926e-01,6.917501240968704224e-02,-1.283181756734848022e-01
-5.578320473432540894e-03,-2.847986062988638878e-03,7.680072784423828125e-01,9.954385161399841309e-01,3.610847052186727524e-03,9.147981554269790649e-02,2.684231102466583252e-02,-6.575476527214050293e-01,4.574211314320564270e-02,1.260672230273485184e-02,7.256305813789367676e-01,-1.708718687295913696e-01,1.717958715744316578e-03,-6.316882967948913574e-01,-4.487284272909164429e-02,-8.613599464297294617e-03,7.489438056945800781e-01,-2.314865142107009888e-01,-1.380984485149383545e-02,-2.434978075325489044e-02,1.475360896438360214e-02,5.053960680961608887e-01,-1.688227057456970215e+00,3.809509575366973877e-01,-4.117247760295867920e-01,1.159102916717529297e+00,-5.758427381515502930e-01,6.928297132253646851e-02,9.676599502563476562e-02,-1.633886814117431641e+00,-4.567970633506774902e-01,4.015466868877410889e-01,9.799979329109191895e-01,5.927234292030334473e-01,7.182583212852478027e-02,-1.323476582765579224e-01
-6.061691790819168091e-03,-3.097569337114691734e-03,7.679224014282226562e-01,9.953505992889404297e-01,3.994689323008060455e-03,9.220357984304428101e-02,2.756485156714916229e-02,-6.582149863243103027e-01,4.395920783281326294e-02,1.194425020366907120e-02,7.228665947914123535e-01,-1.697047650814056396e-01,2.754499902948737144e-03,-6.341034770011901855e-01,-4.570059105753898621e-02,-8.979679085314273834e-03,7.491382360458374023e-01,-2.297661453485488892e-01,-1.389019470661878586e-02,-2.614992298185825348e-02,1.413756981492042542e-02,5.049580335617065430e-01,-1.684301853179931641e+00,3.821537792682647705e-01,-4.078748524188995361e-01,1.148680448532104492e+00,-5.708612203598022461e-01,7.374742627143859863e-02,9.924349188804626465e-02,-1.632789134979248047e+00,-4.587216675281524658e-01,3.983713984489440918e-01,9.666035175323486328e-01,5.928913950920104980e-01,7.828306406736373901e-02,-1.371192485094070435e-01
-7.649049628525972366e-03,-7.149282842874526978e-03,7.670169472694396973e-01,9.951235651969909668e-01,3.279345342889428139e-03,9.395728260278701782e-02,2.983913756906986237e-02,-6.732781529426574707e-01,4.627051204442977905e-02,9.123299270868301392e-03,7.136524319648742676e-01,-1.640866398811340332e-01,7.371367886662483215e-03,-6.292352080345153809e-01,-4.777261987328529358e-02,-8.103781379759311676e-03,7.524099349975585938e-01,-2.257417738437652588e-01,-1.793992891907691956e-02,-2.304304391145706177e-02,1.511255186051130295e-02,5.025343894958496094e-01,-1.682645916938781738e+00,3.896384239196777344e-01,-4.041236340999603271e-01,1.144274115562438965e+00,-5.901948809623718262e-01,8.122386783361434937e-02,1.065992414951324463e-01,-1.615969657897949219e+00,-4.787192940711975098e-01,4.006047546863555908e-01,9.714393019676208496e-01,6.032282710075378418e-01,6.174594536423683167e-02,-1.248888149857521057e-01
-7.493773009628057480e-03,-3.562599886208772659e-03,7.683549523353576660e-01,9.951948523521423340e-01,3.659102600067853928e-03,9.386621415615081787e-02,2.762221544981002808e-02,-6.595156192779541016e-01,4.358069226145744324e-02,1.105630211532115936e-02,7.130578756332397461e-01,-1.664756834506988525e-01,2.707722363993525505e-03,-6.346496939659118652e-01,-4.592215269804000854e-02,-9.591570124030113220e-03,7.413647174835205078e-01,-2.285376340150833130e-01,-1.515611913055181503e-02,-2.556912973523139954e-02,1.373346243053674698e-02,5.050285458564758301e-01,-1.683652162551879883e+00,3.828871846199035645e-01,-4.036457240581512451e-01,1.134413957595825195e+00,-5.626534819602966309e-01,7.580017298460006714e-02,1.059235408902168274e-01,-1.628935217857360840e+00,-4.589782655239105225e-01,3.884570598602294922e-01,9.550063014030456543e-01,5.906122922897338867e-01,7.279134541749954224e-02,-1.501863747835159302e-01
-8.190157823264598846e-03,-3.594005247578024864e-03,7.686207294464111328e-01,9.950906634330749512e-01,3.370589111000299454e-03,9.497290849685668945e-02,2.762953005731105804e-02,-6.624649167060852051e-01,4.443049430847167969e-02,1.046444941312074661e-02,7.127459645271301270e-01,-1.659915894269943237e-01,2.105010440573096275e-03,-6.358442902565002441e-01,-4.616455361247062683e-02,-1.192343607544898987e-02,7.386900782585144043e-01,-2.284945994615554810e-01,-1.597259752452373505e-02,-2.473433315753936768e-02,1.335208769887685776e-02,5.049024224281311035e-01,-1.682712554931640625e+00,3.809339702129364014e-01,-4.003253877162933350e-01,1.133386969566345215e+00,-5.608726739883422852e-01,7.451374828815460205e-02,1.068041995167732239e-01,-1.627530574798583984e+00,-4.599405527114868164e-01,3.864839076995849609e-01,9.518199563026428223e-01,5.929530858993530273e-01,7.037445157766342163e-02,-1.544743627309799194e-01
-8.594721555709838867e-03,-3.542034421116113663e-03,7.686076760292053223e-01,9.949665069580078125e-01,3.341480158269405365e-03,9.601061791181564331e-02,2.850230596959590912e-02,-6.666697263717651367e-01,4.455295205116271973e-02,9.379280731081962585e-03,7.163450717926025391e-01,-1.661401838064193726e-01,1.961133908480405807e-03,-6.376253962516784668e-01,-4.750204831361770630e-02,-1.516097504645586014e-02,7.379614710807800293e-01,-2.281353473663330078e-01,-1.585031114518642426e-02,-2.562771923840045929e-02,1.293386332690715790e-02,5.044586658477783203e-01,-1.680193901062011719e+00,3.781947791576385498e-01,-3.975017368793487549e-01,1.133690595626831055e+00,-5.602192282676696777e-01,7.403049618005752563e-02,1.060282364487648010e-01,-1.625647187232971191e+00,-4.617922604084014893e-01,3.862133920192718506e-01,9.474476575851440430e-01,5.956907272338867188e-01,7.267042249441146851e-02,-1.554510146379470825e-01
-8.315938524901866913e-03,-3.612071042880415916e-03,7.683995962142944336e-01,9.948858022689819336e-01,3.405601019039750099e-03,9.653153270483016968e-02,2.953418344259262085e-02,-6.687745451927185059e-01,4.419384896755218506e-02,8.461200632154941559e-03,7.194615006446838379e-01,-1.659842431545257568e-01,2.642791951075196266e-03,-6.382624506950378418e-01,-4.862098023295402527e-02,-1.675688289105892181e-02,7.378435730934143066e-01,-2.275058031082153320e-01,-1.551544666290283203e-02,-2.711466699838638306e-02,1.224288344383239746e-02,5.039854049682617188e-01,-1.677072286605834961e+00,3.772567510604858398e-01,-3.957762122154235840e-01,1.130317211151123047e+00,-5.601255297660827637e-01,7.695081084966659546e-02,1.057977005839347839e-01,-1.622994780540466309e+00,-4.643128812313079834e-01,3.850437998771667480e-01,9.394461512565612793e-01,5.970841050148010254e-01,7.832954823970794678e-02,-1.559945493936538696e-01
-6.029915530234575272e-03,-6.848009303212165833e-03,7.674937844276428223e-01,9.947940707206726074e-01,2.079552272334694862e-03,9.661934524774551392e-02,3.232929483056068420e-02,-6.832535862922668457e-01,4.683581367135047913e-02,4.385678097605705261e-03,7.222479581832885742e-01,-1.651276499032974243e-01,7.593248039484024048e-03,-6.309918165206909180e-01,-4.913947731256484985e-02,-1.981872692704200745e-02,7.460950613021850586e-01,-2.252984642982482910e-01,-1.857680827379226685e-02,-2.707789465785026550e-02,1.199182309210300446e-02,5.011812448501586914e-01,-1.678998589515686035e+00,3.846476972103118896e-01,-3.931979835033416748e-01,1.123542785644531250e+00,-5.729481577873229980e-01,8.522992581129074097e-02,1.043575331568717957e-01,-1.601602435111999512e+00,-4.797705113887786865e-01,3.881406784057617188e-01,9.428888559341430664e-01,6.038649678230285645e-01,6.519827246665954590e-02,-1.417745053768157959e-01
-7.289314642548561096e-03,-4.085293039679527283e-03,7.686624526977539062e-01,9.949193000793457031e-01,2.286128932610154152e-03,9.626939147710800171e-02,2.936913445591926575e-02,-6.676582098007202148e-01,4.683392122387886047e-02,6.793606560677289963e-03,7.157445549964904785e-01,-1.644856929779052734e-01,2.365784486755728722e-03,-6.317107081413269043e-01,-4.687644541263580322e-02,-1.862726733088493347e-02,7.290769219398498535e-01,-2.267612814903259277e-01,-1.598917134106159210e-02,-2.638600580394268036e-02,1.183816231787204742e-02,5.045617818832397461e-01,-1.676215171813964844e+00,3.768913149833679199e-01,-3.994732797145843506e-01,1.119740486145019531e+00,-5.607461929321289062e-01,7.909239083528518677e-02,1.085534170269966125e-01,-1.616295099258422852e+00,-4.638428092002868652e-01,3.814933300018310547e-01,9.343692660331726074e-01,5.938572883605957031e-01,7.249869406223297119e-02,-1.582483500242233276e-01
-6.925422698259353638e-03,-4.013300873339176178e-03,7.689240574836730957e-01,9.949287772178649902e-01,1.581607968546450138e-03,9.625345468521118164e-02,2.914545498788356781e-02,-6.679801940917968750e-01,4.847158119082450867e-02,6.686612032353878021e-03,7.165387272834777832e-01,-1.656240671873092651e-01,1.707560382783412933e-03,-6.299765706062316895e-01,-4.617899283766746521e-02,-2.137823775410652161e-02,7.276003956794738770e-01,-2.271994203329086304e-01,-1.635275594890117645e-02,-2.502530254423618317e-02,1.187070365995168686e-02,5.046111345291137695e-01,-1.676576852798461914e+00,3.737155497074127197e-01,-4.006938934326171875e-01,1.120316267013549805e+00,-5.616840720176696777e-01,7.719966024160385132e-02,1.098887845873832703e-01,-1.615222334861755371e+00,-4.626016020774841309e-01,3.820084929466247559e-01,9.349718689918518066e-01,5.923308730125427246e-01,7.016354799270629883e-02,-1.599305570125579834e-01
-6.673563737422227859e-03,-3.586993552744388580e-03,7.690356969833374023e-01,9.948855638504028320e-01,1.116139930672943592e-03,9.645774215459823608e-02,2.995763532817363739e-02,-6.700727939605712891e-01,4.865640774369239807e-02,5.758151412010192871e-03,7.214339971542358398e-01,-1.678168773651123047e-01,1.417987863533198833e-03,-6.294164061546325684e-01,-4.703458398580551147e-02,-2.486238442361354828e-02,7.277322411537170410e-01,-2.279590666294097900e-01,-1.623972877860069275e-02,-2.446402050554752350e-02,1.200165320187807083e-02,5.041813850402832031e-01,-1.676411509513854980e+00,3.702743947505950928e-01,-4.014280438423156738e-01,1.124213337898254395e+00,-5.628338456153869629e-01,7.470566034317016602e-02,1.097179353237152100e-01,-1.615476250648498535e+00,-4.620501399040222168e-01,3.846479356288909912e-01,9.366723299026489258e-01,5.943265557289123535e-01,6.967883557081222534e-02,-1.619157642126083374e-01
-6.199662573635578156e-03,-2.883570035919547081e-03,7.689603567123413086e-01,9.948248863220214844e-01,8.290511905215680599e-04,9.656032174825668335e-02,3.160428255796432495e-02,-6.721454262733459473e-01,4.761174321174621582e-02,4.044421482831239700e-03,7.273088693618774414e-01,-1.699687540531158447e-01,2.194439293816685677e-03,-6.281527280807495117e-01,-4.916375502943992615e-02,-2.731786668300628662e-02,7.281048297882080078e-01,-2.284118086099624634e-01,-1.567073725163936615e-02,-2.482104673981666565e-02,1.211303006857633591e-02,5.034265518188476562e-01,-1.675851106643676758e+00,3.692697584629058838e-01,-4.019075036048889160e-01,1.126251935958862305e+00,-5.635478496551513672e-01,7.377257943153381348e-02,1.082145497202873230e-01,-1.616564750671386719e+00,-4.633694291114807129e-01,3.888099193572998047e-01,9.379016160964965820e-01,5.991267561912536621e-01,7.048031687736511230e-02,-1.645231544971466064e-01
-5.256251897662878036e-03,-2.201444236561655998e-03,7.687622904777526855e-01,9.947624802589416504e-01,5.082477582618594170e-04,9.651678800582885742e-02,3.364294767379760742e-02,-6.734053492546081543e-01,4.625813663005828857e-02,2.635744167491793633e-03,7.321375608444213867e-01,-1.709882169961929321e-01,3.966599237173795700e-03,-6.262221336364746094e-01,-5.226789787411689758e-02,-3.022172860801219940e-02,7.291543483734130859e-01,-2.291871905326843262e-01,-1.498561725020408630e-02,-2.599390968680381775e-02,1.256474200636148453e-02,5.024041533470153809e-01,-1.676050543785095215e+00,3.700767755508422852e-01,-4.031411707401275635e-01,1.125961661338806152e+00,-5.640273094177246094e-01,7.472802698612213135e-02,1.076068505644798279e-01,-1.617822170257568359e+00,-4.669312834739685059e-01,3.933804929256439209e-01,9.356967210769653320e-01,6.025723814964294434e-01,7.191249728202819824e-02,-1.646939516067504883e-01
-1.221893820911645889e-03,-5.617239512503147125e-03,7.671598792076110840e-01,9.946056604385375977e-01,-7.670436170883476734e-04,9.714399278163909912e-02,3.635998070240020752e-02,-6.867552995681762695e-01,4.846458882093429565e-02,-2.560643479228019714e-03,7.360888719558715820e-01,-1.713643223047256470e-01,1.055430527776479721e-02,-6.156103610992431641e-01,-5.767703801393508911e-02,-3.719826042652130127e-02,7.373755574226379395e-01,-2.283842265605926514e-01,-1.765733398497104645e-02,-2.412706986069679260e-02,1.110268197953701019e-02,4.958846271038055420e-01,-1.680326700210571289e+00,3.828215301036834717e-01,-4.031003415584564209e-01,1.131205916404724121e+00,-5.772204399108886719e-01,8.061999827623367310e-02,1.061192601919174194e-01,-1.599458932876586914e+00,-4.845883250236511230e-01,3.961712718009948730e-01,9.461383819580078125e-01,6.035931110382080078e-01,5.566600337624549866e-02,-1.459121406078338623e-01
-3.054171334952116013e-03,-1.360540976747870445e-03,7.685906887054443359e-01,9.947218298912048340e-01,-1.160135725513100624e-03,9.625338017940521240e-02,3.552964329719543457e-02,-6.727048158645629883e-01,4.747691377997398376e-02,1.997773302718997002e-03,7.319837808609008789e-01,-1.717856526374816895e-01,5.224709864705801010e-03,-6.186281442642211914e-01,-5.414737388491630554e-02,-3.420428559184074402e-02,7.257305383682250977e-01,-2.327644228935241699e-01,-1.488837506622076035e-02,-2.573991380631923676e-02,1.404544152319431305e-02,5.016084909439086914e-01,-1.683558821678161621e+00,3.742381036281585693e-01,-4.135917425155639648e-01,1.120340466499328613e+00,-5.676702260971069336e-01,7.014288008213043213e-02,1.100980713963508606e-01,-1.621436595916748047e+00,-4.710597991943359375e-01,3.982291221618652344e-01,9.433171153068542480e-01,6.000583767890930176e-01,6.003732234239578247e-02,-1.644635051488876343e-01
-2.160071860998868942e-03,-8.498453535139560699e-04,7.685848474502563477e-01,9.947289228439331055e-01,-1.887532183900475502e-03,9.620308130979537964e-02,3.543723002076148987e-02,-6.720128059387207031e-01,4.887801781296730042e-02,3.331560175865888596e-03,7.327398061752319336e-01,-1.733804345130920410e-01,5.084097851067781448e-03,-6.163879036903381348e-01,-5.369887501001358032e-02,-3.555142879486083984e-02,7.257965803146362305e-01,-2.343459874391555786e-01,-1.483957469463348389e-02,-2.406055293977260590e-02,1.415773294866085052e-02,5.009215474128723145e-01,-1.686280012130737305e+00,3.748750090599060059e-01,-4.172212183475494385e-01,1.119713068008422852e+00,-5.701897144317626953e-01,6.709227710962295532e-02,1.120970323681831360e-01,-1.623672962188720703e+00,-4.707173407077789307e-01,4.012359678745269775e-01,9.492787718772888184e-01,6.003462076187133789e-01,5.669607594609260559e-02,-1.640790253877639771e-01
-1.485437620431184769e-03,-1.451317220926284790e-04,7.685216665267944336e-01,9.947066307067871094e-01,-2.455588430166244507e-03,9.637053310871124268e-02,3.557284921407699585e-02,-6.726999878883361816e-01,4.962142929434776306e-02,4.133605863898992538e-03,7.368010878562927246e-01,-1.758500933647155762e-01,5.065605510026216507e-03,-6.158335208892822266e-01,-5.376929789781570435e-02,-3.705096989870071411e-02,7.272379398345947266e-01,-2.349870651960372925e-01,-1.486203912645578384e-02,-2.272983454167842865e-02,1.393327768892049789e-02,5.003178715705871582e-01,-1.687616109848022461e+00,3.745760619640350342e-01,-4.200432598590850830e-01,1.121818184852600098e+00,-5.736548900604248047e-01,6.492932140827178955e-02,1.128822714090347290e-01,-1.625694274902343750e+00,-4.692508578300476074e-01,4.045962095260620117e-01,9.548325538635253906e-01,6.036124229431152344e-01,5.756339430809020996e-02,-1.636468768119812012e-01
-7.166023133322596550e-04,7.454233709722757339e-04,7.684067487716674805e-01,9.946573972702026367e-01,-3.024479374289512634e-03,9.656419605016708374e-02,3.637221455574035645e-02,-6.736661195755004883e-01,4.942855238914489746e-02,3.676932770758867264e-03,7.418854236602783203e-01,-1.787188202142715454e-01,6.146322470158338547e-03,-6.153261661529541016e-01,-5.446171760559082031e-02,-3.795336931943893433e-02,7.289621829986572266e-01,-2.348979115486145020e-01,-1.493898872286081314e-02,-2.301815152168273926e-02,1.353211794048547745e-02,4.999118149280548096e-01,-1.688937902450561523e+00,3.755784630775451660e-01,-4.226786792278289795e-01,1.123677730560302734e+00,-5.770629048347473145e-01,6.478028744459152222e-02,1.132298558950424194e-01,-1.627786397933959961e+00,-4.682689309120178223e-01,4.076274633407592773e-01,9.564884901046752930e-01,6.087107658386230469e-01,6.131863221526145935e-02,-1.635313481092453003e-01
4.251608625054359436e-04,1.678226282820105553e-03,7.683223485946655273e-01,9.945987462997436523e-01,-3.671949729323387146e-03,9.672055393457412720e-02,3.748277574777603149e-02,-6.742779612541198730e-01,4.858752340078353882e-02,3.065194934606552124e-03,7.457950711250305176e-01,-1.811026185750961304e-01,8.705447427928447723e-03,-6.139463782310485840e-01,-5.522523075342178345e-02,-3.842004388570785522e-02,7.305703759193420410e-01,-2.349646240472793579e-01,-1.490919291973114014e-02,-2.398853935301303864e-02,1.331057306379079819e-02,4.989296197891235352e-01,-1.690667867660522461e+00,3.771145045757293701e-01,-4.256720244884490967e-01,1.123279094696044922e+00,-5.788954496383666992e-01,6.709204614162445068e-02,1.155203133821487427e-01,-1.629633307456970215e+00,-4.691834449768066406e-01,4.095234870910644531e-01,9.524877071380615234e-01,6.121020913124084473e-01,6.483478844165802002e-02,-1.623016893863677979e-01
1.632693922147154808e-03,-1.506580505520105362e-03,7.671319842338562012e-01,9.944320321083068848e-01,-5.029805004596710205e-03,9.798305481672286987e-02,3.845558688044548035e-02,-6.852325201034545898e-01,5.321926251053810120e-02,7.111501879990100861e-03,7.439494729042053223e-01,-1.792592257261276245e-01,1.898821443319320679e-02,-6.030396223068237305e-01,-5.556847900152206421e-02,-3.693872690200805664e-02,7.337777614593505859e-01,-2.360261529684066772e-01,-2.043872885406017303e-02,-2.096525393426418304e-02,1.127703394740819931e-02,4.929449260234832764e-01,-1.695756196975708008e+00,3.898139595985412598e-01,-4.272813200950622559e-01,1.133735656738281250e+00,-5.904350280761718750e-01,7.674455642700195312e-02,1.120492741465568542e-01,-1.614624738693237305e+00,-4.799968004226684570e-01,4.109958112239837646e-01,9.677467942237854004e-01,6.187210083007812500e-01,4.634192585945129395e-02,-1.443907916545867920e-01
2.601284999400377274e-03,3.344282042235136032e-03,7.687292695045471191e-01,9.945154190063476562e-01,-5.600330885499715805e-03,9.749472886323928833e-02,3.745003417134284973e-02,-6.745644211769104004e-01,5.010210350155830383e-02,6.010896526277065277e-03,7.435606718063354492e-01,-1.825692951679229736e-01,1.270181778818368912e-02,-6.075571775436401367e-01,-5.260277166962623596e-02,-3.449452668428421021e-02,7.199693918228149414e-01,-2.344824224710464478e-01,-1.524357311427593231e-02,-2.153049409389495850e-02,1.227110624313354492e-02,4.976102411746978760e-01,-1.700076341629028320e+00,3.801737725734710693e-01,-4.369086921215057373e-01,1.120493054389953613e+00,-5.809640288352966309e-01,6.584983319044113159e-02,1.229257285594940186e-01,-1.634147405624389648e+00,-4.684433341026306152e-01,4.098760485649108887e-01,9.567881822586059570e-01,6.135738492012023926e-01,5.070986226201057434e-02,-1.612382233142852783e-01
3.279596334323287010e-03,4.373774398118257523e-03,7.689253687858581543e-01,9.944800734519958496e-01,-6.402614060789346695e-03,9.805268049240112305e-02,3.679671511054039001e-02,-6.757091283798217773e-01,5.151269212365150452e-02,8.572148159146308899e-03,7.447677254676818848e-01,-1.841033101081848145e-01,1.421312056481838226e-02,-6.067284941673278809e-01,-5.113656818866729736e-02,-3.320077061653137207e-02,7.167763710021972656e-01,-2.335145026445388794e-01,-1.528936810791492462e-02,-1.992100663483142853e-02,1.179477199912071228e-02,4.971792101860046387e-01,-1.704164028167724609e+00,3.797666132450103760e-01,-4.400602579116821289e-01,1.121198415756225586e+00,-5.824950337409973145e-01,6.248112022876739502e-02,1.240736469626426697e-01,-1.638339877128601074e+00,-4.678148329257965088e-01,4.141836464405059814e-01,9.607481360435485840e-01,6.134687662124633789e-01,4.609960690140724182e-02,-1.590608507394790649e-01
3.864802652969956398e-03,5.730788689106702805e-03,7.689256072044372559e-01,9.944387674331665039e-01,-7.105210330337285995e-03,9.856785088777542114e-02,3.640692308545112610e-02,-6.774832010269165039e-01,5.262145772576332092e-02,1.101338397711515427e-02,7.497537732124328613e-01,-1.875754892826080322e-01,1.648637279868125916e-02,-6.077576875686645508e-01,-5.069293826818466187e-02,-3.266814723610877991e-02,7.166468501091003418e-01,-2.310267537832260132e-01,-1.472570747137069702e-02,-2.004945091903209686e-02,1.168967224657535553e-02,4.964040219783782959e-01,-1.705056071281433105e+00,3.793418407440185547e-01,-4.414233863353729248e-01,1.120514869689941406e+00,-5.842314362525939941e-01,6.200204417109489441e-02,1.236236318945884705e-01,-1.642147898674011230e+00,-4.668138325214385986e-01,4.210042059421539307e-01,9.628084897994995117e-01,6.141871213912963867e-01,4.881063476204872131e-02,-1.551158577203750610e-01
4.593749530613422394e-03,7.389283273369073868e-03,7.687128782272338867e-01,9.944090247154235840e-01,-7.828559726476669312e-03,9.895966947078704834e-02,3.600508347153663635e-02,-6.786551475524902344e-01,5.335078760981559753e-02,1.393870078027248383e-02,7.550491690635681152e-01,-1.912444233894348145e-01,2.054480090737342834e-02,-6.090965270996093750e-01,-5.026639625430107117e-02,-2.974283695220947266e-02,7.177273631095886230e-01,-2.284156829118728638e-01,-1.344664301723241806e-02,-2.081888914108276367e-02,1.160576008260250092e-02,4.959023296833038330e-01,-1.705084800720214844e+00,3.788648843765258789e-01,-4.431795477867126465e-01,1.115476727485656738e+00,-5.852988362312316895e-01,6.564114242792129517e-02,1.243381872773170471e-01,-1.645774841308593750e+00,-4.666438102722167969e-01,4.268828928470611572e-01,9.625509977340698242e-01,6.143611669540405273e-01,5.443683639168739319e-02,-1.521733701229095459e-01
7.668578531593084335e-03,6.554257124662399292e-03,7.673543095588684082e-01,9.942459464073181152e-01,-8.724442683160305023e-03,1.004671826958656311e-01,3.612904623150825500e-02,-6.883424520492553711e-01,5.873735994100570679e-02,2.267553471028804779e-02,7.520518302917480469e-01,-1.861549019813537598e-01,3.022943809628486633e-02,-6.024454236030578613e-01,-5.177173763513565063e-02,-2.400023303925991058e-02,7.214021086692810059e-01,-2.242680639028549194e-01,-1.393331214785575867e-02,-1.417363341897726059e-02,1.048430241644382477e-02,4.912927150726318359e-01,-1.700648188591003418e+00,3.851986825466156006e-01,-4.406870603561401367e-01,1.122707962989807129e+00,-6.027415394783020020e-01,7.586727291345596313e-02,1.201795265078544617e-01,-1.634056925773620605e+00,-4.828098416328430176e-01,4.317024946212768555e-01,9.782415628433227539e-01,6.206961274147033691e-01,3.956865519285202026e-02,-1.362418383359909058e-01
5.824254825711250305e-03,1.099915988743305206e-02,7.689911723136901855e-01,9.943438172340393066e-01,-9.958256967365741730e-03,1.005496904253959656e-01,3.272662684321403503e-02,-6.785894632339477539e-01,5.689451843500137329e-02,2.435226738452911377e-02,7.556253671646118164e-01,-1.935439109802246094e-01,2.902838401496410370e-02,-6.064924001693725586e-01,-4.618912935256958008e-02,-1.741198077797889709e-02,7.033447027206420898e-01,-2.217386215925216675e-01,-8.021310903131961823e-03,-1.792802847921848297e-02,1.104654558002948761e-02,4.947689175605773926e-01,-1.708148121833801270e+00,3.755892813205718994e-01,-4.497205317020416260e-01,1.103612899780273438e+00,-5.889854431152343750e-01,6.722500920295715332e-02,1.263091415166854858e-01,-1.651336431503295898e+00,-4.652065634727478027e-01,4.306561946868896484e-01,9.701336026191711426e-01,6.056962013244628906e-01,4.990001395344734192e-02,-1.508955657482147217e-01
6.356822326779365540e-03,1.291225291788578033e-02,7.695191502571105957e-01,9.942321777343750000e-01,-1.082078460603952408e-02,1.023765951395034790e-01,3.007096983492374420e-02,-6.789466142654418945e-01,5.941141396760940552e-02,3.229499235749244690e-02,7.535551786422729492e-01,-1.930754184722900391e-01,3.396457433700561523e-02,-6.067309975624084473e-01,-4.410332813858985901e-02,-1.156215090304613113e-02,6.922725439071655273e-01,-2.150523662567138672e-01,-4.161129239946603775e-03,-1.567636430263519287e-02,1.068289112299680710e-02,4.933989048004150391e-01,-1.706992030143737793e+00,3.730712234973907471e-01,-4.484594166278839111e-01,1.100614905357360840e+00,-5.927100181579589844e-01,6.502387672662734985e-02,1.265005618333816528e-01,-1.654608249664306641e+00,-4.653469622135162354e-01,4.339676797389984131e-01,9.752833247184753418e-01,6.035271883010864258e-01,4.964622110128402710e-02,-1.471990346908569336e-01
6.717378273606300354e-03,1.503841485828161240e-02,7.701975703239440918e-01,9.940699338912963867e-01,-1.130520179867744446e-02,1.046744287014007568e-01,2.721009030938148499e-02,-6.790312528610229492e-01,6.124523282051086426e-02,4.130518808960914612e-02,7.495713233947753906e-01,-1.925607770681381226e-01,3.942509740591049194e-02,-6.073095202445983887e-01,-4.282461851835250854e-02,-4.150653723627328873e-03,6.788108944892883301e-01,-2.062149643898010254e-01,3.391211503185331821e-04,-1.361958216875791550e-02,9.992675855755805969e-03,4.918411374092102051e-01,-1.702767729759216309e+00,3.711065351963043213e-01,-4.454613924026489258e-01,1.095225334167480469e+00,-5.955534577369689941e-01,6.303410977125167847e-02,1.265189200639724731e-01,-1.658931016921997070e+00,-4.662222564220428467e-01,4.388294219970703125e-01,9.819367527961730957e-01,6.066510081291198730e-01,5.179090425372123718e-02,-1.416098177433013916e-01
7.008126005530357361e-03,1.750994473695755005e-02,7.709789872169494629e-01,9.938781857490539551e-01,-1.145315356552600861e-02,1.071902438998222351e-01,2.419305779039859772e-02,-6.777045130729675293e-01,6.164523214101791382e-02,5.087138712406158447e-02,7.427822947502136230e-01,-1.930261850357055664e-01,4.610818624496459961e-02,-6.084505319595336914e-01,-4.306646063923835754e-02,5.320757161825895309e-03,6.658458709716796875e-01,-1.951302886009216309e-01,4.856602754443883896e-03,-1.240309420973062515e-02,8.834755979478359222e-03,4.902467429637908936e-01,-1.695949435234069824e+00,3.704265952110290527e-01,-4.413630962371826172e-01,1.085099220275878906e+00,-5.948470830917358398e-01,6.357387453317642212e-02,1.274318695068359375e-01,-1.663979649543762207e+00,-4.690332710742950439e-01,4.445220828056335449e-01,9.872569441795349121e-01,6.111857891082763672e-01,5.783241614699363708e-02,-1.361727118492126465e-01
7.301922887563705444e-03,2.038055844604969025e-02,7.717652916908264160e-01,9.936485290527343750e-01,-1.142541319131851196e-02,1.099569126963615417e-01,2.101204544305801392e-02,-6.760708093643188477e-01,6.092517077922821045e-02,6.080953776836395264e-02,7.326512932777404785e-01,-1.926331222057342529e-01,5.390394479036331177e-02,-6.106619834899902344e-01,-4.440886527299880981e-02,1.470725238323211670e-02,6.568827629089355469e-01,-1.840460151433944702e-01,8.918871171772480011e-03,-1.234255079180002213e-02,7.912251166999340057e-03,4.885530173778533936e-01,-1.688836693763732910e+00,3.697102665901184082e-01,-4.367491602897644043e-01,1.071888208389282227e+00,-5.915765762329101562e-01,6.678888946771621704e-02,1.290489584207534790e-01,-1.668709754943847656e+00,-4.736269712448120117e-01,4.489755034446716309e-01,9.905295968055725098e-01,6.113546490669250488e-01,6.566969305276870728e-02,-1.294753253459930420e-01
1.016769930720329285e-02,1.957757025957107544e-02,7.720335721969604492e-01,9.932346940040588379e-01,-1.196037977933883667e-02,1.139326468110084534e-01,1.900476403534412384e-02,-6.856620907783508301e-01,6.134888157248497009e-02,6.660612672567367554e-02,7.085657119750976562e-01,-1.839097291231155396e-01,6.000115722417831421e-02,-6.034730076789855957e-01,-4.852865263819694519e-02,2.949396334588527679e-02,6.502969861030578613e-01,-1.777086555957794189e-01,1.094463467597961426e-02,-9.156927466392517090e-03,7.086138706654310226e-03,4.839267432689666748e-01,-1.673948884010314941e+00,3.737040162086486816e-01,-4.213591217994689941e-01,1.061537384986877441e+00,-6.086183190345764160e-01,8.487188816070556641e-02,1.332478672266006470e-01,-1.660262823104858398e+00,-4.940528571605682373e-01,4.615612924098968506e-01,1.016700744628906250e+00,6.245173215866088867e-01,5.546975135803222656e-02,-1.063123121857643127e-01
7.401464972645044327e-03,2.650411613285541534e-02,7.741759419441223145e-01,9.930167198181152344e-01,-1.154078543186187744e-02,1.169140934944152832e-01,1.076083071529865265e-02,-6.719199419021606445e-01,6.421069055795669556e-02,8.878523111343383789e-02,7.044817805290222168e-01,-1.821957975625991821e-01,6.730350852012634277e-02,-6.138570904731750488e-01,-4.133498296141624451e-02,3.965637087821960449e-02,6.380714178085327148e-01,-1.587014198303222656e-01,1.535650528967380524e-02,-5.735515151172876358e-03,5.318268667906522751e-03,4.877360165119171143e-01,-1.685266494750976562e+00,3.708103895187377930e-01,-4.323371946811676025e-01,1.050765752792358398e+00,-5.920836329460144043e-01,6.750483810901641846e-02,1.335517168045043945e-01,-1.681629419326782227e+00,-4.779785275459289551e-01,4.467592239379882812e-01,1.013326048851013184e+00,6.040893197059631348e-01,6.038508564233779907e-02,-1.228314563632011414e-01
7.382211741060018539e-03,2.968892082571983337e-02,7.770061492919921875e-01,9.922606945037841797e-01,-1.162856072187423706e-02,1.235570833086967468e-01,4.139587748795747757e-03,-6.730426549911499023e-01,6.974457204341888428e-02,1.108647808432579041e-01,6.839951872825622559e-01,-1.743668466806411743e-01,7.841491699218750000e-02,-6.273714303970336914e-01,-4.271267727017402649e-02,5.007294192910194397e-02,6.365820169448852539e-01,-1.456449627876281738e-01,1.680133491754531860e-02,1.187538029626011848e-03,3.367474069818854332e-03,4.871371388435363770e-01,-1.690824627876281738e+00,3.655522763729095459e-01,-4.290818274021148682e-01,1.046953320503234863e+00,-5.962188243865966797e-01,6.360774487257003784e-02,1.361197084188461304e-01,-1.692534208297729492e+00,-4.807380437850952148e-01,4.493409395217895508e-01,1.025749325752258301e+00,6.026674509048461914e-01,5.785048380494117737e-02,-1.168472915887832642e-01
6.984725594520568848e-03,3.280778229236602783e-02,7.776237726211547852e-01,9.915001392364501953e-01,-1.136670354753732681e-02,1.295931637287139893e-01,-1.963131129741668701e-03,-6.778340339660644531e-01,7.348974794149398804e-02,1.276361644268035889e-01,6.742290258407592773e-01,-1.682908236980438232e-01,8.823690563440322876e-02,-6.503088474273681641e-01,-4.915958270430564880e-02,5.688197538256645203e-02,6.469413042068481445e-01,-1.231272593140602112e-01,2.559573762118816376e-02,5.679257214069366455e-03,-4.200334660708904266e-04,4.890836477279663086e-01,-1.691755175590515137e+00,3.765919208526611328e-01,-4.295034706592559814e-01,1.035262703895568848e+00,-6.091830134391784668e-01,5.907651409506797791e-02,1.370406150817871094e-01,-1.703451395034790039e+00,-4.859809577465057373e-01,4.418284595012664795e-01,1.033282399177551270e+00,5.990443825721740723e-01,6.421358138322830200e-02,-1.216791719198226929e-01
6.908091250807046890e-03,3.538570180535316467e-02,7.774637937545776367e-01,9.906129837036132812e-01,-1.144558656960725784e-02,1.361165195703506470e-01,-5.224886815994977951e-03,-6.885076761245727539e-01,7.557581365108489990e-02,1.410991847515106201e-01,6.740701794624328613e-01,-1.688115000724792480e-01,9.617692977190017700e-02,-6.714788079261779785e-01,-5.744417384266853333e-02,4.988929629325866699e-02,6.952433586120605469e-01,-1.252377331256866455e-01,3.004814684391021729e-02,8.302321657538414001e-03,-2.982117002829909325e-03,4.888489544391632080e-01,-1.695431709289550781e+00,3.808657228946685791e-01,-4.273998439311981201e-01,1.020538568496704102e+00,-6.104121804237365723e-01,6.106610596179962158e-02,1.420626938343048096e-01,-1.719303488731384277e+00,-4.958701133728027344e-01,4.416002631187438965e-01,1.036880016326904297e+00,6.038408279418945312e-01,6.711120903491973877e-02,-1.243654116988182068e-01
7.179532200098037720e-03,3.739934787154197693e-02,7.764940857887268066e-01,9.895613193511962891e-01,-1.207547634840011597e-02,1.434745341539382935e-01,-6.131993606686592102e-03,-7.076576948165893555e-01,7.582420110702514648e-02,1.497401148080825806e-01,6.847233772277832031e-01,-1.763223558664321899e-01,1.035411655902862549e-01,-6.899190545082092285e-01,-7.352872192859649658e-02,3.075579740107059479e-02,7.729645371437072754e-01,-1.460737287998199463e-01,3.213688731193542480e-02,9.038023650646209717e-03,-4.386703949421644211e-03,4.868792295455932617e-01,-1.699898362159729004e+00,3.832179009914398193e-01,-4.261440336704254150e-01,1.003105759620666504e+00,-6.074405908584594727e-01,6.496213376522064209e-02,1.503147780895233154e-01,-1.738599896430969238e+00,-5.077607035636901855e-01,4.405580759048461914e-01,1.037609577178955078e+00,6.081054210662841797e-01,7.109941542148590088e-02,-1.295523941516876221e-01
1.027000974863767624e-02,3.722863644361495972e-02,7.746133804321289062e-01,9.886814951896667480e-01,-1.356999576091766357e-02,1.493442356586456299e-01,-4.582608118653297424e-03,-7.386135458946228027e-01,7.833363860845565796e-02,1.540029346942901611e-01,6.935695409774780273e-01,-1.898007988929748535e-01,1.050589084625244141e-01,-6.938180923461914062e-01,-9.602179378271102905e-02,1.875445432960987091e-02,8.822565078735351562e-01,-1.704265028238296509e-01,2.666654810309410095e-02,1.014244649559259415e-02,-4.347971174865961075e-03,4.864490032196044922e-01,-1.685797810554504395e+00,3.888736963272094727e-01,-4.146310687065124512e-01,9.776737689971923828e-01,-6.016583442687988281e-01,7.631165534257888794e-02,1.426956802606582642e-01,-1.739669084548950195e+00,-5.197382569313049316e-01,4.462217986583709717e-01,1.060217261314392090e+00,6.301501989364624023e-01,5.353884771466255188e-02,-1.103596240282058716e-01
8.321854285895824432e-03,4.024975746870040894e-02,7.717778086662292480e-01,9.872490763664245605e-01,-1.349334232509136200e-02,1.585847586393356323e-01,-2.844132948666810989e-03,-7.591462731361389160e-01,7.679248601198196411e-02,1.589436233043670654e-01,7.224471569061279297e-01,-1.940809637308120728e-01,1.091178581118583679e-01,-6.925367712974548340e-01,-1.109099537134170532e-01,-1.126089785248041153e-02,9.346502423286437988e-01,-2.126011699438095093e-01,2.946380525827407837e-02,9.692967869341373444e-03,-7.257240824401378632e-03,4.831871688365936279e-01,-1.725737214088439941e+00,3.770034015178680420e-01,-4.327459335327148438e-01,9.824882149696350098e-01,-6.020225882530212402e-01,6.798058748245239258e-02,1.635008603334426880e-01,-1.776330947875976562e+00,-5.235156416893005371e-01,4.275569915771484375e-01,1.057336688041687012e+00,6.074928045272827148e-01,5.310852453112602234e-02,-1.428833305835723877e-01
8.851614780724048615e-03,4.115812480449676514e-02,7.680451273918151855e-01,9.859814047813415527e-01,-1.406322326511144638e-02,1.662584394216537476e-01,9.905378101393580437e-04,-7.913298606872558594e-01,7.637367397546768188e-02,1.616718769073486328e-01,7.487432956695556641e-01,-2.051266729831695557e-01,1.115712001919746399e-01,-6.808624267578125000e-01,-1.259180903434753418e-01,-2.876659482717514038e-02,1.006236910820007324e+00,-2.357290834188461304e-01,2.759046480059623718e-02,1.004724204540252686e-02,-9.144372306764125824e-03,4.813642203807830811e-01,-1.741810321807861328e+00,3.688947558403015137e-01,-4.338907599449157715e-01,9.837893843650817871e-01,-6.012437939643859863e-01,6.379398703575134277e-02,1.655529886484146118e-01,-1.795119166374206543e+00,-5.303694605827331543e-01,4.221258163452148438e-01,1.062551379203796387e+00,6.051570773124694824e-01,4.789870232343673706e-02,-1.506267338991165161e-01
9.152689948678016663e-03,4.189074784517288208e-02,7.625554203987121582e-01,9.844883680343627930e-01,-1.466488931328058243e-02,1.747193634510040283e-01,6.382083520293235779e-03,-8.323640227317810059e-01,7.510738074779510498e-02,1.616612672805786133e-01,7.838166356086730957e-01,-2.207845598459243774e-01,1.148078367114067078e-01,-6.610876917839050293e-01,-1.382552236318588257e-01,-4.363422095775604248e-02,1.067905783653259277e+00,-2.481905370950698853e-01,2.747388184070587158e-02,1.023953408002853394e-02,-1.131750456988811493e-02,4.797993302345275879e-01,-1.759756088256835938e+00,3.573994338512420654e-01,-4.344448149204254150e-01,9.885697960853576660e-01,-6.011958718299865723e-01,5.835334211587905884e-02,1.662019491195678711e-01,-1.817133426666259766e+00,-5.392480492591857910e-01,4.182895123958587646e-01,1.065972805023193359e+00,6.051068902015686035e-01,4.875851795077323914e-02,-1.580434143543243408e-01
9.489806368947029114e-03,4.244003817439079285e-02,7.553569674491882324e-01,9.827786087989807129e-01,-1.557188387960195541e-02,1.837823092937469482e-01,1.130391098558902740e-02,-8.785237073898315430e-01,7.566616684198379517e-02,1.608704179525375366e-01,8.260151743888854980e-01,-2.403011471033096313e-01,1.173061430454254150e-01,-6.325719356536865234e-01,-1.444858312606811523e-01,-5.447694659233093262e-02,1.105945348739624023e+00,-2.496839463710784912e-01,2.919987030327320099e-02,1.200705301016569138e-02,-1.397180650383234024e-02,4.785001575946807861e-01,-1.782026290893554688e+00,3.459021449089050293e-01,-4.369832575321197510e-01,9.918556213378906250e-01,-6.010015606880187988e-01,5.236158892512321472e-02,1.707699298858642578e-01,-1.842406868934631348e+00,-5.492512583732604980e-01,4.169089794158935547e-01,1.067781448364257812e+00,6.063854694366455078e-01,5.359282344579696655e-02,-1.651580184698104858e-01
1.158601045608520508e-02,3.851462528109550476e-02,7.482724189758300781e-01,9.807533621788024902e-01,-1.908370666205883026e-02,1.939318776130676270e-01,1.221126969903707504e-02,-9.382412433624267578e-01,8.777142316102981567e-02,1.666907519102096558e-01,8.628545403480529785e-01,-2.650690078735351562e-01,1.177174746990203857e-01,-6.001296043395996094e-01,-1.383357197046279907e-01,-5.441362038254737854e-02,1.110079407691955566e+00,-2.309369593858718872e-01,2.699581347405910492e-02,2.056509442627429962e-02,-1.496471557766199112e-02,4.777134954929351807e-01,-1.795476317405700684e+00,3.446693122386932373e-01,-4.312544763088226318e-01,9.988576173782348633e-01,-6.080222725868225098e-01,5.006147548556327820e-02,1.681710481643676758e-01,-1.862685322761535645e+00,-5.539342164993286133e-01,4.261597692966461182e-01,1.094710707664489746e+00,6.500320434570312500e-01,4.813802614808082581e-02,-1.432152837514877319e-01
1.022234186530113220e-02,4.183393716812133789e-02,7.389792203903198242e-01,9.790424704551696777e-01,-2.006879821419715881e-02,2.022254765033721924e-01,1.333915162831544876e-02,-9.759375452995300293e-01,9.666719287633895874e-02,1.646189689636230469e-01,9.375714659690856934e-01,-2.805587947368621826e-01,1.209989413619041443e-01,-5.716668367385864258e-01,-1.385022550821304321e-01,-8.554434031248092651e-02,1.084940552711486816e+00,-2.790809273719787598e-01,2.508663572371006012e-02,2.367166616022586823e-02,-2.035186253488063812e-02,4.749929606914520264e-01,-1.844187617301940918e+00,3.278487026691436768e-01,-4.463994503021240234e-01,1.012498855590820312e+00,-5.929667353630065918e-01,3.851417079567909241e-02,1.891612261533737183e-01,-1.887531757354736328e+00,-5.567214488983154297e-01,4.138141274452209473e-01,1.076057314872741699e+00,6.136466264724731445e-01,3.061273507773876190e-02,-1.746935248374938965e-01
9.805127047002315521e-03,4.055686667561531067e-02,7.296546697616577148e-01,9.775078296661376953e-01,-2.162400633096694946e-02,2.094766795635223389e-01,1.141735538840293884e-02,-1.022806644439697266e+00,1.102231442928314209e-01,1.678663939237594604e-01,9.985170364379882812e-01,-3.065572977066040039e-01,1.235516667366027832e-01,-5.700121521949768066e-01,-1.360598057508468628e-01,-9.448873251676559448e-02,1.090032696723937988e+00,-3.236550986766815186e-01,2.374392747879028320e-02,2.980038523674011230e-02,-2.667715027928352356e-02,4.769215583801269531e-01,-1.863762259483337402e+00,3.251938521862030029e-01,-4.465951025485992432e-01,1.026466131210327148e+00,-5.920852422714233398e-01,2.986392006278038025e-02,1.885016262531280518e-01,-1.903153538703918457e+00,-5.552633404731750488e-01,4.123373031616210938e-01,1.079120278358459473e+00,6.146002411842346191e-01,1.924487948417663574e-02,-1.804882884025573730e-01
9.347068145871162415e-03,3.932747244834899902e-02,7.197412848472595215e-01,9.761214852333068848e-01,-2.297667600214481354e-02,2.158124893903732300e-01,9.158055298030376434e-03,-1.068789839744567871e+00,1.218999326229095459e-01,1.682944446802139282e-01,1.061676025390625000e+00,-3.339506089687347412e-01,1.271097064018249512e-01,-5.800030827522277832e-01,-1.355234980583190918e-01,-1.004811525344848633e-01,1.111898899078369141e+00,-3.647244274616241455e-01,2.227807790040969849e-02,3.326458483934402466e-02,-3.283982723951339722e-02,4.790488481521606445e-01,-1.877816438674926758e+00,3.241810500621795654e-01,-4.456633329391479492e-01,1.043733835220336914e+00,-5.911061167716979980e-01,2.089047804474830627e-02,1.848846524953842163e-01,-1.914244294166564941e+00,-5.507376194000244141e-01,4.147225618362426758e-01,1.081306338310241699e+00,6.199161410331726074e-01,1.296974811702966690e-02,-1.827312260866165161e-01
8.886689320206642151e-03,3.844647109508514404e-02,7.087692022323608398e-01,9.748224616050720215e-01,-2.440751902759075165e-02,2.215230613946914673e-01,7.277505006641149521e-03,-1.115586280822753906e+00,1.327609866857528687e-01,1.653907895088195801e-01,1.125897049903869629e+00,-3.624066710472106934e-01,1.312640309333801270e-01,-5.949434638023376465e-01,-1.364120095968246460e-01,-1.044764071702957153e-01,1.143330335617065430e+00,-4.051289856433868408e-01,2.196069434285163879e-02,3.383402153849601746e-02,-3.885638341307640076e-02,4.813422858715057373e-01,-1.888177752494812012e+00,3.258406817913055420e-01,-4.438264369964599609e-01,1.058274269104003906e+00,-5.876283645629882812e-01,1.552084367722272873e-02,1.817101687192916870e-01,-1.923470973968505859e+00,-5.458280444145202637e-01,4.204291999340057373e-01,1.079422593116760254e+00,6.273607611656188965e-01,1.048712246119976044e-02,-1.830360442399978638e-01
8.620655164122581482e-03,3.780362755060195923e-02,6.965890526771545410e-01,9.736300110816955566e-01,-2.586717717349529266e-02,2.265935093164443970e-01,5.552273243665695190e-03,-1.162983894348144531e+00,1.443943828344345093e-01,1.596735417842864990e-01,1.192707538604736328e+00,-3.918126225471496582e-01,1.358034312725067139e-01,-6.152970790863037109e-01,-1.394111812114715576e-01,-1.064046248793601990e-01,1.186658740043640137e+00,-4.447330832481384277e-01,2.183460816740989685e-02,3.242220357060432434e-02,-4.440128430724143982e-02,4.834163486957550049e-01,-1.894783020019531250e+00,3.280871808528900146e-01,-4.394387304782867432e-01,1.066136002540588379e+00,-5.827562212944030762e-01,1.539607066661119461e-02,1.824166923761367798e-01,-1.930171132087707520e+00,-5.425838828086853027e-01,4.259794354438781738e-01,1.071346163749694824e+00,6.303920745849609375e-01,1.068875286728143692e-02,-1.827925592660903931e-01
1.113408897072076797e-02,3.543938696384429932e-02,6.821838021278381348e-01,9.726340770721435547e-01,-2.823097445070743561e-02,2.306205630302429199e-01,3.434945538174360991e-04,-1.229126572608947754e+00,1.639126539230346680e-01,1.588146835565567017e-01,1.270175099372863770e+00,-4.293829798698425293e-01,1.339402049779891968e-01,-6.289691329002380371e-01,-1.434833556413650513e-01,-1.085852459073066711e-01,1.242404580116271973e+00,-4.772569239139556885e-01,1.814636588096618652e-02,3.049948997795581818e-02,-4.782684147357940674e-02,4.887180328369140625e-01,-1.873778223991394043e+00,3.461922705173492432e-01,-4.194525480270385742e-01,1.068557620048522949e+00,-5.794282555580139160e-01,2.202962525188922882e-02,1.824285387992858887e-01,-1.919788122177124023e+00,-5.415064096450805664e-01,4.393816292285919189e-01,1.071543335914611816e+00,6.569092273712158203e-01,6.164842285215854645e-03,-1.725862771272659302e-01
8.596941828727722168e-03,3.618183732032775879e-02,6.707735657691955566e-01,9.713325500488281250e-01,-2.825104072690010071e-02,2.360388487577438354e-01,8.313932921737432480e-04,-1.254660367965698242e+00,1.707768291234970093e-01,1.486866027116775513e-01,1.328760266304016113e+00,-4.502207636833190918e-01,1.422882378101348877e-01,-6.651624441146850586e-01,-1.449696868658065796e-01,-1.106473729014396667e-01,1.290930151939392090e+00,-5.166866779327392578e-01,1.926438324153423309e-02,2.829935960471630096e-02,-5.309209227561950684e-02,4.875343441963195801e-01,-1.911828041076660156e+00,3.367240428924560547e-01,-4.408712089061737061e-01,1.074161767959594727e+00,-5.841242074966430664e-01,9.237512946128845215e-03,1.892000585794448853e-01,-1.926974177360534668e+00,-5.323282480239868164e-01,4.253597259521484375e-01,1.055308938026428223e+00,6.271538734436035156e-01,-1.134949550032615662e-02,-1.919218003749847412e-01
8.618367835879325867e-03,3.487659245729446411e-02,6.574872732162475586e-01,9.704369902610778809e-01,-2.849227003753185272e-02,2.396632879972457886e-01,-1.335139502771198750e-03,-1.298184633255004883e+00,1.816170066595077515e-01,1.440878212451934814e-01,1.395950675010681152e+00,-4.782048463821411133e-01,1.440599858760833740e-01,-6.965020895004272461e-01,-1.494084000587463379e-01,-1.114610210061073303e-01,1.358678698539733887e+00,-5.475906729698181152e-01,1.660531572997570038e-02,2.686843276023864746e-02,-5.737095698714256287e-02,4.895550906658172607e-01,-1.915111541748046875e+00,3.426097333431243896e-01,-4.406363368034362793e-01,1.081000924110412598e+00,-5.882444381713867188e-01,2.978350035846233368e-03,1.904730498790740967e-01,-1.920352339744567871e+00,-5.256120562553405762e-01,4.238569140434265137e-01,1.049174427986145020e+00,6.246392726898193359e-01,-2.288614399731159210e-02,-1.982867121696472168e-01
8.283928968012332916e-03,3.359749168157577515e-02,6.440014243125915527e-01,9.697535037994384766e-01,-2.823903970420360565e-02,2.424386143684387207e-01,-2.053259173408150673e-03,-1.339985370635986328e+00,1.889337897300720215e-01,1.382533609867095947e-01,1.461108803749084473e+00,-5.045613050460815430e-01,1.453828364610671997e-01,-7.298792600631713867e-01,-1.552501767873764038e-01,-1.107166707515716553e-01,1.432618379592895508e+00,-5.748025774955749512e-01,1.340916380286216736e-02,2.439858950674533844e-02,-6.047339737415313721e-02,4.914085566997528076e-01,-1.915479540824890137e+00,3.491325080394744873e-01,-4.401252865791320801e-01,1.088286519050598145e+00,-5.899818539619445801e-01,-2.733093453571200371e-03,1.870259493589401245e-01,-1.912451386451721191e+00,-5.203107595443725586e-01,4.246043860912322998e-01,1.042597651481628418e+00,6.250446438789367676e-01,-3.025113418698310852e-02,-2.021180689334869385e-01
7.644337601959705353e-03,3.236667439341545105e-02,6.292671561241149902e-01,9.692865014076232910e-01,-2.752200327813625336e-02,2.443814873695373535e-01,-1.975710736587643623e-03,-1.381556868553161621e+00,1.947579383850097656e-01,1.302468478679656982e-01,1.527927756309509277e+00,-5.316977500915527344e-01,1.465298235416412354e-01,-7.647894620895385742e-01,-1.619929820299148560e-01,-1.064666062593460083e-01,1.513681054115295410e+00,-5.998387932777404785e-01,1.022609136998653412e-02,2.022069506347179413e-02,-6.264208257198333740e-02,4.926431179046630859e-01,-1.913468122482299805e+00,3.570455312728881836e-01,-4.382909536361694336e-01,1.090236186981201172e+00,-5.870736241340637207e-01,-4.626326262950897217e-03,1.822421997785568237e-01,-1.904522180557250977e+00,-5.182085037231445312e-01,4.276466071605682373e-01,1.033007979393005371e+00,6.271293163299560547e-01,-3.270409628748893738e-02,-2.040706276893615723e-01
7.021996192634105682e-03,3.099380247294902802e-02,6.139148473739624023e-01,9.690395593643188477e-01,-2.635694853961467743e-02,2.454879432916641235e-01,-1.819458324462175369e-03,-1.421373963356018066e+00,2.002727985382080078e-01,1.211924850940704346e-01,1.593548893928527832e+00,-5.572080612182617188e-01,1.471271514892578125e-01,-7.997649312019348145e-01,-1.687176972627639771e-01,-9.802252799272537231e-02,1.598299503326416016e+00,-6.221039295196533203e-01,8.032285608351230621e-03,1.614765636622905731e-02,-6.446238607168197632e-02,4.931662678718566895e-01,-1.912084102630615234e+00,3.635244369506835938e-01,-4.367509484291076660e-01,1.087445020675659180e+00,-5.821506381034851074e-01,-3.698251442983746529e-03,1.810826808214187622e-01,-1.897767066955566406e+00,-5.200129747390747070e-01,4.304124414920806885e-01,1.021004080772399902e+00,6.246706843376159668e-01,-3.232989832758903503e-02,-2.063425332307815552e-01
5.888331681489944458e-03,2.814946137368679047e-02,5.970529913902282715e-01,9.692873954772949219e-01,-2.573209442198276520e-02,2.444985955953598022e-01,-6.347464397549629211e-03,-1.468494057655334473e+00,2.122683674097061157e-01,1.295105963945388794e-01,1.660027861595153809e+00,-5.935682058334350586e-01,1.404298543930053711e-01,-8.108531236648559570e-01,-1.775819808244705200e-01,-8.609952777624130249e-02,1.679674148559570312e+00,-6.403391361236572266e-01,4.656735807657241821e-03,1.510648615658283234e-02,-6.392637640237808228e-02,4.983027279376983643e-01,-1.900067090988159180e+00,3.817186057567596436e-01,-4.283678829669952393e-01,1.085381388664245605e+00,-5.786697268486022949e-01,3.374363586772233248e-04,1.649719923734664917e-01,-1.879695057868957520e+00,-5.229324102401733398e-01,4.355085790157318115e-01,1.026510477066040039e+00,6.357224583625793457e-01,-4.232039675116539001e-02,-1.988983303308486938e-01
5.498280283063650131e-03,2.769417315721511841e-02,5.863480567932128906e-01,9.687533974647521973e-01,-2.423501387238502502e-02,2.468108236789703369e-01,-3.738811705261468887e-03,-1.491505742073059082e+00,2.130648195743560791e-01,1.076826527714729309e-01,1.705248594284057617e+00,-5.981228947639465332e-01,1.480946540832519531e-01,-8.614723086357116699e-01,-1.734514981508255005e-01,-8.055367320775985718e-02,1.742738485336303711e+00,-6.559012532234191895e-01,4.130913410335779190e-03,1.275321003049612045e-02,-6.654194742441177368e-02,4.951442778110504150e-01,-1.924161672592163086e+00,3.732828795909881592e-01,-4.470497071743011475e-01,1.093453049659729004e+00,-5.853034257888793945e-01,-9.364467114210128784e-03,1.816500425338745117e-01,-1.880668401718139648e+00,-5.205440521240234375e-01,4.360522329807281494e-01,1.013515233993530273e+00,6.179760098457336426e-01,-4.686530679464340210e-02,-2.151435315608978271e-01
4.110027104616165161e-03,2.576962299644947052e-02,5.733957290649414062e-01,9.686750769615173340e-01,-2.287755161523818970e-02,2.472332268953323364e-01,-4.569570999592542648e-03,-1.526008486747741699e+00,2.192470580339431763e-01,1.029703840613365173e-01,1.756778955459594727e+00,-6.142898797988891602e-01,1.480343639850616455e-01,-8.940193057060241699e-01,-1.753240227699279785e-01,-7.189494371414184570e-02,1.813173294067382812e+00,-6.654611825942993164e-01,2.267002593725919724e-03,1.286626514047384262e-02,-6.670974195003509521e-02,4.961016476154327393e-01,-1.929034233093261719e+00,3.762688934803009033e-01,-4.493899345397949219e-01,1.099968791007995605e+00,-5.926246047019958496e-01,-1.441801432520151138e-02,1.811417490243911743e-01,-1.870538473129272461e+00,-5.203323364257812500e-01,4.401896297931671143e-01,1.013325452804565430e+00,6.173304319381713867e-01,-5.436738580465316772e-02,-2.208403944969177246e-01
2.415377181023359299e-03,2.404048293828964233e-02,5.609258413314819336e-01,9.685978889465332031e-01,-2.147904224693775177e-02,2.476667761802673340e-01,-4.240231122821569443e-03,-1.559368014335632324e+00,2.236156016588211060e-01,9.890925884246826172e-02,1.804577946662902832e+00,-6.285855174064636230e-01,1.486362963914871216e-01,-9.251977801322937012e-01,-1.784510910511016846e-01,-6.463629007339477539e-02,1.880457997322082520e+00,-6.729450821876525879e-01,3.746266011148691177e-04,1.146592386066913605e-02,-6.568905711174011230e-02,4.970124065876007080e-01,-1.930227279663085938e+00,3.794445693492889404e-01,-4.484225213527679443e-01,1.106934309005737305e+00,-6.005784273147583008e-01,-1.852550357580184937e-02,1.775405853986740112e-01,-1.860969781875610352e+00,-5.207172036170959473e-01,4.466585814952850342e-01,1.012947916984558105e+00,6.212478280067443848e-01,-5.670668557286262512e-02,-2.244665920734405518e-01
7.483349181711673737e-04,2.261249721050262451e-02,5.482871532440185547e-01,9.685821533203125000e-01,-1.992427371442317963e-02,2.478773891925811768e-01,-2.906444482505321503e-03,-1.590939998626708984e+00,2.268738150596618652e-01,9.525169432163238525e-02,1.850447177886962891e+00,-6.440120935440063477e-01,1.497125327587127686e-01,-9.546250104904174805e-01,-1.810206919908523560e-01,-5.630065500736236572e-02,1.945875406265258789e+00,-6.816588044166564941e-01,-1.431540149496868253e-04,8.346787653863430023e-03,-6.407904624938964844e-02,4.975163340568542480e-01,-1.928628563880920410e+00,3.836253583431243896e-01,-4.462425708770751953e-01,1.109352827072143555e+00,-6.068645715713500977e-01,-1.980662345886230469e-02,1.744076013565063477e-01,-1.851564288139343262e+00,-5.222406983375549316e-01,4.548873901367187500e-01,1.011808991432189941e+00,6.289744377136230469e-01,-5.562203750014305115e-02,-2.271856516599655151e-01
-6.803376600146293640e-04,2.138871885836124420e-02,5.356596708297729492e-01,9.686685204505920410e-01,-1.821077056229114532e-02,2.476858049631118774e-01,-1.185729168355464935e-03,-1.620940566062927246e+00,2.291846275329589844e-01,9.077351540327072144e-02,1.893968224525451660e+00,-6.586002111434936523e-01,1.501959264278411865e-01,-9.842341542243957520e-01,-1.817727535963058472e-01,-4.482881352305412292e-02,2.010229110717773438e+00,-6.893779039382934570e-01,1.568522886373102665e-03,5.415052641183137894e-03,-6.131396815180778503e-02,4.970992207527160645e-01,-1.925675392150878906e+00,3.862803280353546143e-01,-4.439074397087097168e-01,1.107003808021545410e+00,-6.125695705413818359e-01,-1.866007782518863678e-02,1.744939833879470825e-01,-1.843764781951904297e+00,-5.257591605186462402e-01,4.634742736816406250e-01,1.011222720146179199e+00,6.344800591468811035e-01,-5.372400209307670593e-02,-2.289258092641830444e-01
-2.437520772218704224e-03,1.799154095351696014e-02,5.224215984344482422e-01,9.690805673599243164e-01,-1.743629574775695801e-02,2.460651248693466187e-01,-5.552437622100114822e-03,-1.644510507583618164e+00,2.350365966558456421e-01,1.081214994192123413e-01,1.927066206932067871e+00,-6.879196166992187500e-01,1.416345834732055664e-01,-9.810502529144287109e-01,-1.893530488014221191e-01,-2.979780361056327820e-02,2.057247400283813477e+00,-6.969930529594421387e-01,3.156791441142559052e-03,1.055757049471139908e-02,-5.980087444186210632e-02,4.988134801387786865e-01,-1.907199859619140625e+00,3.945298492908477783e-01,-4.318781197071075439e-01,1.098674297332763672e+00,-6.122189760208129883e-01,-8.678850717842578888e-03,1.636125147342681885e-01,-1.826009273529052734e+00,-5.336054563522338867e-01,4.709266722202301025e-01,1.032646059989929199e+00,6.518255472183227539e-01,-7.183274626731872559e-02,-2.234821617603302002e-01
-3.571372944861650467e-03,1.875471323728561401e-02,5.137225389480590820e-01,9.690117239952087402e-01,-1.498629152774810791e-02,2.465571612119674683e-01,1.108570606447756290e-03,-1.676423192024230957e+00,2.309735268354415894e-01,8.229689300060272217e-02,1.962742090225219727e+00,-6.770335435867309570e-01,1.498961150646209717e-01,-1.038376092910766602e+00,-1.762917488813400269e-01,-2.179275266826152802e-02,2.117010593414306641e+00,-7.013930678367614746e-01,3.966190561186522245e-04,4.954671021550893784e-03,-5.190323293209075928e-02,4.976821243762969971e-01,-1.934117078781127930e+00,3.826782703399658203e-01,-4.548069536685943604e-01,1.114007472991943359e+00,-6.270561218261718750e-01,-1.742039807140827179e-02,1.752614378929138184e-01,-1.830862164497375488e+00,-5.291833281517028809e-01,4.782029390335083008e-01,1.026534795761108398e+00,6.400554180145263672e-01,-6.244594976305961609e-02,-2.305875718593597412e-01
-5.682875402271747589e-03,1.702447608113288879e-02,5.040155053138732910e-01,9.692377448081970215e-01,-1.327053923159837723e-02,2.457578182220458984e-01,2.264388836920261383e-03,-1.702552080154418945e+00,2.300328910350799561e-01,7.667788118124008179e-02,1.992510914802551270e+00,-6.820591688156127930e-01,1.495436728000640869e-01,-1.065135836601257324e+00,-1.739268302917480469e-01,-1.200150884687900543e-02,2.168222188949584961e+00,-7.031147480010986328e-01,2.676124568097293377e-04,7.721712812781333923e-03,-4.546011984348297119e-02,4.980816245079040527e-01,-1.938989400863647461e+00,3.780892789363861084e-01,-4.576765894889831543e-01,1.122652411460876465e+00,-6.338613033294677734e-01,-1.892393082380294800e-02,1.750256270170211792e-01,-1.826857805252075195e+00,-5.308284759521484375e-01,4.873166978359222412e-01,1.036349654197692871e+00,6.424584984779357910e-01,-6.578042358160018921e-02,-2.316860854625701904e-01
-8.316449820995330811e-03,1.529049966484308243e-02,4.949213564395904541e-01,9.694594144821166992e-01,-1.185034681111574173e-02,2.449139356613159180e-01,5.021022167056798935e-03,-1.726145386695861816e+00,2.275172919034957886e-01,7.153014838695526123e-02,2.018817186355590820e+00,-6.870459318161010742e-01,1.494788676500320435e-01,-1.090327262878417969e+00,-1.726913154125213623e-01,-5.492739845067262650e-03,2.215700864791870117e+00,-7.061375975608825684e-01,2.512628911063075066e-03,8.895719423890113831e-03,-3.784306719899177551e-02,4.981648027896881104e-01,-1.941134572029113770e+00,3.743250668048858643e-01,-4.585381448268890381e-01,1.129151701927185059e+00,-6.388843655586242676e-01,-1.968288049101829529e-02,1.732106357812881470e-01,-1.824079155921936035e+00,-5.349538326263427734e-01,4.979270100593566895e-01,1.044330596923828125e+00,6.477020382881164551e-01,-6.438580155372619629e-02,-2.308872789144515991e-01
-1.120672281831502914e-02,1.368366740643978119e-02,4.863974452018737793e-01,9.697883725166320801e-01,-1.042687986046075821e-02,2.435767352581024170e-01,8.495584130287170410e-03,-1.747112274169921875e+00,2.250471264123916626e-01,6.647853553295135498e-02,2.041985988616943359e+00,-6.912603974342346191e-01,1.488936245441436768e-01,-1.113750934600830078e+00,-1.705934852361679077e-01,1.777312601916491985e-03,2.259794712066650391e+00,-7.095062732696533203e-01,6.167280953377485275e-03,1.007794123142957687e-02,-3.026063740253448486e-02,4.980508983135223389e-01,-1.942833781242370605e+00,3.700542747974395752e-01,-4.600407183170318604e-01,1.131440043449401855e+00,-6.444815993309020996e-01,-1.744009740650653839e-02,1.733750104904174805e-01,-1.823441863059997559e+00,-5.414513945579528809e-01,5.082250833511352539e-01,1.052607655525207520e+00,6.527322530746459961e-01,-6.098582595586776733e-02,-2.283848971128463745e-01
-1.453375630080699921e-02,1.012736186385154724e-02,4.772495329380035400e-01,9.708515405654907227e-01,-8.063154295086860657e-03,2.394894361495971680e-01,5.195552948862314224e-03,-1.758667469024658203e+00,2.217078655958175659e-01,8.256006240844726562e-02,2.051512241363525391e+00,-7.142791748046875000e-01,1.419304758310317993e-01,-1.107473492622375488e+00,-1.761474758386611938e-01,1.666898466646671295e-02,2.293183565139770508e+00,-7.108796834945678711e-01,8.660803548991680145e-03,1.924747787415981293e-02,-2.645360864698886871e-02,5.009260177612304688e-01,-1.918074846267700195e+00,3.764185309410095215e-01,-4.497085809707641602e-01,1.124562621116638184e+00,-6.481267809867858887e-01,-6.537667475640773773e-03,1.606668531894683838e-01,-1.808863401412963867e+00,-5.475376248359680176e-01,5.176471471786499023e-01,1.076865315437316895e+00,6.695008277893066406e-01,-8.237902075052261353e-02,-2.153293788433074951e-01
-1.713138073682785034e-02,1.057893596589565277e-02,4.722196161746978760e-01,9.704785943031311035e-01,-8.801767602562904358e-03,2.406827509403228760e-01,1.286891661584377289e-02,-1.785342216491699219e+00,2.218715846538543701e-01,5.902105569839477539e-02,2.075247049331665039e+00,-6.910226941108703613e-01,1.496718227863311768e-01,-1.152369618415832520e+00,-1.634996980428695679e-01,1.572581194341182709e-02,2.326298236846923828e+00,-7.167782783508300781e-01,2.933360170572996140e-03,1.553396694362163544e-02,-1.502539310604333878e-02,4.994669854640960693e-01,-1.958441019058227539e+00,3.614375591278076172e-01,-4.710819125175476074e-01,1.147443294525146484e+00,-6.607406735420227051e-01,-1.381731592118740082e-02,1.707821935415267944e-01,-1.826986432075500488e+00,-5.485419631004333496e-01,5.273118019104003906e-01,1.079382538795471191e+00,6.667402386665344238e-01,-6.688351929187774658e-02,-2.166969776153564453e-01
-1.966976001858711243e-02,8.752085268497467041e-03,4.666311442852020264e-01,9.708509445190429688e-01,-8.158098906278610229e-03,2.391443699598312378e-01,1.384864654392004013e-02,-1.800212979316711426e+00,2.215402424335479736e-01,5.593736469745635986e-02,2.088501214981079102e+00,-6.893943548202514648e-01,1.511227786540985107e-01,-1.171359062194824219e+00,-1.576493680477142334e-01,2.179590612649917603e-02,2.355832338333129883e+00,-7.148196101188659668e-01,1.165234134532511234e-03,2.231056243181228638e-02,-7.638631854206323624e-03,5.003983378410339355e-01,-1.965646028518676758e+00,3.571735620498657227e-01,-4.725458323955535889e-01,1.158875942230224609e+00,-6.678333282470703125e-01,-1.365599781274795532e-02,1.685100346803665161e-01,-1.832858920097351074e+00,-5.521852970123291016e-01,5.361732840538024902e-01,1.090687751770019531e+00,6.720155477523803711e-01,-6.835267692804336548e-02,-2.107699960470199585e-01
-2.173195220530033112e-02,6.887956988066434860e-03,4.619955420494079590e-01,9.711826443672180176e-01,-7.800707593560218811e-03,2.376944571733474731e-01,1.564675755798816681e-02,-1.812054872512817383e+00,2.202116549015045166e-01,5.301241949200630188e-02,2.099152565002441406e+00,-6.880156397819519043e-01,1.522242426872253418e-01,-1.188610076904296875e+00,-1.529765427112579346e-01,2.464589290320873260e-02,2.381399154663085938e+00,-7.107447385787963867e-01,9.635629248805344105e-04,2.799202129244804382e-02,-3.575300215743482113e-04,5.013538599014282227e-01,-1.970378279685974121e+00,3.531711995601654053e-01,-4.721187651157379150e-01,1.170592665672302246e+00,-6.733646988868713379e-01,-1.509548909962177277e-02,1.640770286321640015e-01,-1.840588450431823730e+00,-5.559964179992675781e-01,5.438523292541503906e-01,1.098353743553161621e+00,6.756435036659240723e-01,-6.663590669631958008e-02,-2.051111012697219849e-01
-2.343840338289737701e-02,5.335765890777111053e-03,4.577398598194122314e-01,9.714296460151672363e-01,-7.502053398638963699e-03,2.364939749240875244e-01,1.840714365243911743e-02,-1.822113037109375000e+00,2.180096060037612915e-01,5.055854842066764832e-02,2.107788324356079102e+00,-6.870325207710266113e-01,1.534854024648666382e-01,-1.204849243164062500e+00,-1.482748985290527344e-01,2.630612440407276154e-02,2.404240846633911133e+00,-7.069107890129089355e-01,3.092558588832616806e-03,3.160675615072250366e-02,6.296493578702211380e-03,5.016561746597290039e-01,-1.974350333213806152e+00,3.503125011920928955e-01,-4.720813930034637451e-01,1.178976535797119141e+00,-6.772015690803527832e-01,-1.580577902495861053e-02,1.606342494487762451e-01,-1.850293397903442383e+00,-5.608065724372863770e-01,5.510625243186950684e-01,1.103587269783020020e+00,6.797502636909484863e-01,-6.370273977518081665e-02,-2.010781764984130859e-01
-2.499535866081714630e-02,4.188696853816509247e-03,4.537975788116455078e-01,9.716348052024841309e-01,-6.944943685084581375e-03,2.354260832071304321e-01,2.126283943653106689e-02,-1.831304073333740234e+00,2.153257131576538086e-01,4.764254018664360046e-02,2.114776372909545898e+00,-6.853205561637878418e-01,1.534810364246368408e-01,-1.219824790954589844e+00,-1.420802175998687744e-01,3.060348890721797943e-02,2.426155567169189453e+00,-7.039332985877990723e-01,7.885527797043323517e-03,3.534919023513793945e-02,1.106479018926620483e-02,5.007265806198120117e-01,-1.978532671928405762e+00,3.477080762386322021e-01,-4.705698490142822266e-01,1.181434631347656250e+00,-6.800962090492248535e-01,-1.579084619879722595e-02,1.617265790700912476e-01,-1.861982583999633789e+00,-5.666853785514831543e-01,5.579695105552673340e-01,1.107493162155151367e+00,6.823778152465820312e-01,-6.182160228490829468e-02,-1.997412592172622681e-01
-2.648578584194183350e-02,4.421165212988853455e-04,4.461182057857513428e-01,9.725372791290283203e-01,-5.692969076335430145e-03,2.319141626358032227e-01,1.883066073060035706e-02,-1.839197874069213867e+00,2.089903354644775391e-01,5.695163086056709290e-02,2.112436056137084961e+00,-6.998359560966491699e-01,1.449417024850845337e-01,-1.213694691658020020e+00,-1.439764648675918579e-01,3.972843661904335022e-02,2.445842504501342773e+00,-7.033424377441406250e-01,1.698812469840049744e-02,4.068421572446823120e-02,1.174777653068304062e-02,5.017117261886596680e-01,-1.966155290603637695e+00,3.527297079563140869e-01,-4.626717567443847656e-01,1.181190609931945801e+00,-6.875250339508056641e-01,-1.599335297942161560e-02,1.582195460796356201e-01,-1.862713456153869629e+00,-5.685302019119262695e-01,5.655794739723205566e-01,1.128945231437683105e+00,6.995145082473754883e-01,-8.254861086606979370e-02,-1.833946555852890015e-01
-2.960534021258354187e-02,2.513526007533073425e-03,4.487541913986206055e-01,9.722025990486145020e-01,-5.884422920644283295e-03,2.326635867357254028e-01,2.559711225330829620e-02,-1.845736384391784668e+00,2.103752344846725464e-01,4.626784101128578186e-02,2.114437103271484375e+00,-6.730243563652038574e-01,1.520143300294876099e-01,-1.241713881492614746e+00,-1.350017189979553223e-01,3.925365209579467773e-02,2.449513435363769531e+00,-6.994671821594238281e-01,9.729568846523761749e-03,4.107333719730377197e-02,1.767357252538204193e-02,5.014489889144897461e-01,-1.996186256408691406e+00,3.432101309299468994e-01,-4.744058251380920410e-01,1.193060040473937988e+00,-6.836571693420410156e-01,-1.698261685669422150e-02,1.614180803298950195e-01,-1.880984067916870117e+00,-5.691940784454345703e-01,5.712730884552001953e-01,1.126990199089050293e+00,6.919754743576049805e-01,-7.127271592617034912e-02,-1.894685178995132446e-01
-3.220369666814804077e-02,1.441843807697296143e-03,4.473625421524047852e-01,9.724766612052917480e-01,-5.101105663925409317e-03,2.313311845064163208e-01,2.736663073301315308e-02,-1.851009011268615723e+00,2.065451294183731079e-01,4.581838473677635193e-02,2.112515211105346680e+00,-6.652845740318298340e-01,1.508059948682785034e-01,-1.252014994621276855e+00,-1.323192566633224487e-01,4.266510903835296631e-02,2.459068536758422852e+00,-6.930654644966125488e-01,1.002208981662988663e-02,4.557215794920921326e-02,1.983841508626937866e-02,5.020520091056823730e-01,-2.001756906509399414e+00,3.387782275676727295e-01,-4.729689657688140869e-01,1.198880434036254883e+00,-6.840124130249023438e-01,-1.686584390699863434e-02,1.603334397077560425e-01,-1.888316154479980469e+00,-5.700819492340087891e-01,5.756872296333312988e-01,1.133879184722900391e+00,6.935787200927734375e-01,-7.435090839862823486e-02,-1.824064999818801880e-01
-3.421014919877052307e-02,1.374837011098861694e-04,4.463824033737182617e-01,9.726942181587219238e-01,-4.307909868657588959e-03,2.301228493452072144e-01,2.984575368463993073e-02,-1.853995800018310547e+00,2.020167857408523560e-01,4.548924416303634644e-02,2.111384868621826172e+00,-6.599887013435363770e-01,1.502163857221603394e-01,-1.261038899421691895e+00,-1.302010864019393921e-01,4.384279996156692505e-02,2.467922925949096680e+00,-6.868441104888916016e-01,1.133726444095373154e-02,4.809954762458801270e-02,2.156874537467956543e-02,5.026664733886718750e-01,-2.003414154052734375e+00,3.350505232810974121e-01,-4.700442254543304443e-01,1.203826665878295898e+00,-6.836497187614440918e-01,-1.707128994166851044e-02,1.581658869981765747e-01,-1.894970655441284180e+00,-5.705994367599487305e-01,5.790523886680603027e-01,1.138436317443847656e+00,6.934189200401306152e-01,-7.336691021919250488e-02,-1.755633950233459473e-01
-3.545524552464485168e-02,-1.220528967678546906e-03,4.451498091220855713e-01,9.727709889411926270e-01,-3.608097555115818977e-03,2.293709516525268555e-01,3.305470943450927734e-02,-1.856587886810302734e+00,1.974107772111892700e-01,4.458620771765708923e-02,2.112243175506591797e+00,-6.577880382537841797e-01,1.508653461933135986e-01,-1.268105387687683105e+00,-1.271289587020874023e-01,4.424760118126869202e-02,2.477514505386352539e+00,-6.841449141502380371e-01,1.421263534575700760e-02,4.804302006959915161e-02,2.309024147689342499e-02,5.030247569084167480e-01,-2.001394748687744141e+00,3.335821032524108887e-01,-4.668557643890380859e-01,1.206094861030578613e+00,-6.809278130531311035e-01,-1.598544605076313019e-02,1.576532274484634399e-01,-1.901802778244018555e+00,-5.706971287727355957e-01,5.834035277366638184e-01,1.140536069869995117e+00,6.942605376243591309e-01,-6.920690089464187622e-02,-1.698525995016098022e-01
-3.592391684651374817e-02,-2.493668347597122192e-03,4.436501264572143555e-01,9.727286696434020996e-01,-2.622381784021854401e-03,2.291906327009201050e-01,3.554870933294296265e-02,-1.859547972679138184e+00,1.942301541566848755e-01,4.271050542593002319e-02,2.115518093109130859e+00,-6.578675508499145508e-01,1.512775570154190063e-01,-1.274184942245483398e+00,-1.230171844363212585e-01,4.708081111311912537e-02,2.489298343658447266e+00,-6.828300952911376953e-01,1.817979104816913605e-02,4.822071269154548645e-02,2.320706285536289215e-02,5.021404623985290527e-01,-1.998223304748535156e+00,3.334779143333435059e-01,-4.620401859283447266e-01,1.203541159629821777e+00,-6.771778464317321777e-01,-1.352053042501211166e-02,1.620100289583206177e-01,-1.909843087196350098e+00,-5.720268487930297852e-01,5.875780582427978516e-01,1.139549493789672852e+00,6.937314867973327637e-01,-6.511902064085006714e-02,-1.678558588027954102e-01
-3.491046279668807983e-02,-6.475660018622875214e-03,4.393153786659240723e-01,9.738617539405822754e-01,-1.471172319725155830e-03,2.252136021852493286e-01,2.949499152600765228e-02,-1.853985667228698730e+00,1.906825006008148193e-01,5.339795351028442383e-02,2.110781192779541016e+00,-6.754103302955627441e-01,1.425073146820068359e-01,-1.245195031166076660e+00,-1.210244968533515930e-01,4.764725640416145325e-02,2.493614196777343750e+00,-6.817831993103027344e-01,2.821063622832298279e-02,4.944999516010284424e-02,1.652974449098110199e-02,5.015513896942138672e-01,-1.975496053695678711e+00,3.510282635688781738e-01,-4.427542686462402344e-01,1.201678991317749023e+00,-6.766256690025329590e-01,-1.106736436486244202e-02,1.571618914604187012e-01,-1.900235056877136230e+00,-5.651700496673583984e-01,5.917284488677978516e-01,1.164261102676391602e+00,7.076680660247802734e-01,-8.667051792144775391e-02,-1.528045833110809326e-01
-3.783240169286727905e-02,-3.814986906945705414e-03,4.415190815925598145e-01,9.727109074592590332e-01,-1.717529841698706150e-03,2.291561812162399292e-01,3.630417957901954651e-02,-1.864741921424865723e+00,1.930431425571441650e-01,4.384229332208633423e-02,2.116409778594970703e+00,-6.548494100570678711e-01,1.519741863012313843e-01,-1.283533453941345215e+00,-1.160230636596679688e-01,5.156926065683364868e-02,2.499280452728271484e+00,-6.779304742813110352e-01,1.728936843574047089e-02,4.817924648523330688e-02,2.418878860771656036e-02,5.041326880455017090e-01,-2.005241632461547852e+00,3.355326652526855469e-01,-4.651736617088317871e-01,1.206491827964782715e+00,-6.761818528175354004e-01,-1.359792519360780716e-02,1.670132875442504883e-01,-1.921483397483825684e+00,-5.694394707679748535e-01,5.953342914581298828e-01,1.146842002868652344e+00,7.004879713058471680e-01,-7.025057077407836914e-02,-1.646213978528976440e-01
-3.930918127298355103e-02,-4.304558038711547852e-03,4.406735897064208984e-01,9.727610349655151367e-01,-1.167168724350631237e-03,2.289993017911911011e-01,3.597122430801391602e-02,-1.867352724075317383e+00,1.928782761096954346e-01,4.336500912904739380e-02,2.118079423904418945e+00,-6.533857583999633789e-01,1.516440808773040771e-01,-1.288906931877136230e+00,-1.119378581643104553e-01,5.349297076463699341e-02,2.505217313766479492e+00,-6.738861799240112305e-01,1.902687549591064453e-02,5.037204921245574951e-02,2.370633557438850403e-02,5.047880411148071289e-01,-2.004494428634643555e+00,3.342786431312561035e-01,-4.638302922248840332e-01,1.208866834640502930e+00,-6.765229105949401855e-01,-1.337274536490440369e-02,1.651955246925354004e-01,-1.924229025840759277e+00,-5.691996216773986816e-01,5.960947871208190918e-01,1.148212194442749023e+00,7.024481296539306641e-01,-7.242702692747116089e-02,-1.630942821502685547e-01
-4.056859016418457031e-02,-4.877352155745029449e-03,4.399014115333557129e-01,9.727736115455627441e-01,-6.887596100568771362e-04,2.288552820682525635e-01,3.655447438359260559e-02,-1.869181275367736816e+00,1.919005513191223145e-01,4.219107329845428467e-02,2.120381832122802734e+00,-6.529920697212219238e-01,1.516992598772048950e-01,-1.293174982070922852e+00,-1.092824563384056091e-01,5.356205254793167114e-02,2.510185241699218750e+00,-6.730214357376098633e-01,2.268054150044918060e-02,5.089634284377098083e-02,2.401570789515972137e-02,5.048577785491943359e-01,-1.999147415161132812e+00,3.319475650787353516e-01,-4.594229459762573242e-01,1.210304975509643555e+00,-6.765514016151428223e-01,-1.355285383760929108e-02,1.612440496683120728e-01,-1.924584627151489258e+00,-5.698249936103820801e-01,5.953634381294250488e-01,1.147341251373291016e+00,7.043081521987915039e-01,-6.976145505905151367e-02,-1.607924699783325195e-01
-4.125920683145523071e-02,-5.611628293991088867e-03,4.392677843570709229e-01,9.726816415786743164e-01,1.690702629275619984e-04,2.291362583637237549e-01,3.724225237965583801e-02,-1.870483875274658203e+00,1.918937414884567261e-01,4.034670814871788025e-02,2.123037338256835938e+00,-6.535634398460388184e-01,1.515772640705108643e-01,-1.296611905097961426e+00,-1.065979897975921631e-01,5.625367909669876099e-02,2.515082597732543945e+00,-6.729480028152465820e-01,2.744518592953681946e-02,5.141253396868705750e-02,2.393412776291370392e-02,5.037342905998229980e-01,-1.990489840507507324e+00,3.295541703701019287e-01,-4.521150887012481689e-01,1.207899808883666992e+00,-6.767666935920715332e-01,-1.338357012718915939e-02,1.607277989387512207e-01,-1.925816535949707031e+00,-5.719922184944152832e-01,5.946258902549743652e-01,1.145214915275573730e+00,7.042629122734069824e-01,-6.451524794101715088e-02,-1.589103639125823975e-01
-3.774267435073852539e-02,-1.084486674517393112e-02,4.359304010868072510e-01,9.734679460525512695e-01,2.386289415881037712e-03,2.264756262302398682e-01,3.260745108127593994e-02,-1.863545298576354980e+00,1.899462491273880005e-01,5.489759147167205811e-02,2.117643594741821289e+00,-6.729232072830200195e-01,1.486844420433044434e-01,-1.265184521675109863e+00,-1.087907031178474426e-01,5.303046852350234985e-02,2.511657476425170898e+00,-6.718236207962036133e-01,3.340446949005126953e-02,5.240895226597785950e-02,1.889462955296039581e-02,5.019577741622924805e-01,-1.959805607795715332e+00,3.458839356899261475e-01,-4.333542883396148682e-01,1.202035665512084961e+00,-6.822127699851989746e-01,-2.062463760375976562e-02,1.541201919317245483e-01,-1.906051158905029297e+00,-5.715801715850830078e-01,5.932025313377380371e-01,1.165632963180541992e+00,7.119188904762268066e-01,-7.535190135240554810e-02,-1.483415514230728149e-01
-4.195661097764968872e-02,-6.612268276512622833e-03,4.391376078128814697e-01,9.724233150482177734e-01,1.712382538244128227e-03,2.303319126367568970e-01,3.656813502311706543e-02,-1.873083114624023438e+00,1.953836828470230103e-01,4.218705743551254272e-02,2.120725154876708984e+00,-6.517414450645446777e-01,1.522717475891113281e-01,-1.301478266716003418e+00,-1.051785722374916077e-01,6.105683371424674988e-02,2.513418674468994141e+00,-6.708920001983642578e-01,2.654690109193325043e-02,5.134461820125579834e-02,2.457036264240741730e-02,5.042615532875061035e-01,-1.984796047210693359e+00,3.295778334140777588e-01,-4.521188735961914062e-01,1.210281014442443848e+00,-6.880235075950622559e-01,-1.946587674319744110e-02,1.606888920068740845e-01,-1.925222277641296387e+00,-5.731561183929443359e-01,5.961018800735473633e-01,1.150469779968261719e+00,7.061491012573242188e-01,-6.446576118469238281e-02,-1.553194373846054077e-01
-4.205004125833511353e-02,-6.732990033924579620e-03,4.392106235027313232e-01,9.722355604171752930e-01,2.735288115218281746e-03,2.312988340854644775e-01,3.537619858980178833e-02,-1.874439120292663574e+00,1.983733773231506348e-01,4.395360872149467468e-02,2.119271039962768555e+00,-6.503861546516418457e-01,1.520071774721145630e-01,-1.306237936019897461e+00,-1.021903008222579956e-01,6.465306878089904785e-02,2.514343976974487305e+00,-6.680203080177307129e-01,2.640881948173046112e-02,5.324695631861686707e-02,2.379694208502769470e-02,5.047353506088256836e-01,-1.981709361076354980e+00,3.306949436664581299e-01,-4.516407549381256104e-01,1.211582541465759277e+00,-6.929308176040649414e-01,-2.090938203036785126e-02,1.597886532545089722e-01,-1.924450516700744629e+00,-5.740582942962646484e-01,5.970489382743835449e-01,1.151567101478576660e+00,7.071729898452758789e-01,-6.506280601024627686e-02,-1.553049683570861816e-01
-4.206004366278648376e-02,-6.622628308832645416e-03,4.396403431892395020e-01,9.720727801322937012e-01,3.436372848227620125e-03,2.320414781570434570e-01,3.492007404565811157e-02,-1.874615192413330078e+00,2.006487250328063965e-01,4.573426395654678345e-02,2.117609262466430664e+00,-6.494880318641662598e-01,1.519857496023178101e-01,-1.309540987014770508e+00,-9.931090474128723145e-02,6.616891175508499146e-02,2.514145374298095703e+00,-6.664206385612487793e-01,2.740813791751861572e-02,5.427457764744758606e-02,2.345353737473487854e-02,5.055366158485412598e-01,-1.976036071777343750e+00,3.325310051441192627e-01,-4.486935436725616455e-01,1.211384892463684082e+00,-6.945451498031616211e-01,-2.068061754107475281e-02,1.565627157688140869e-01,-1.920885086059570312e+00,-5.746978521347045898e-01,5.971386432647705078e-01,1.150467991828918457e+00,7.075528502464294434e-01,-6.392751634120941162e-02,-1.554460972547531128e-01
-4.182152822613716125e-02,-6.521871313452720642e-03,4.401882290840148926e-01,9.718419909477233887e-01,4.051884170621633530e-03,2.329124808311462402e-01,3.547549620270729065e-02,-1.873854875564575195e+00,2.022581249475479126e-01,4.740916565060615540e-02,2.115929841995239258e+00,-6.492353081703186035e-01,1.525231748819351196e-01,-1.311004519462585449e+00,-9.690066426992416382e-02,6.607819348573684692e-02,2.512782096862792969e+00,-6.687411665916442871e-01,3.017851710319519043e-02,5.397627130150794983e-02,2.362476289272308350e-02,5.061783194541931152e-01,-1.966726899147033691e+00,3.351500034332275391e-01,-4.420547485351562500e-01,1.208208799362182617e+00,-6.935265660285949707e-01,-1.949428953230381012e-02,1.521412730216979980e-01,-1.914721369743347168e+00,-5.755479335784912109e-01,5.964624285697937012e-01,1.146971583366394043e+00,7.098885774612426758e-01,-6.061927601695060730e-02,-1.553325206041336060e-01
-4.135227203369140625e-02,-6.803149357438087463e-03,4.406033158302307129e-01,9.714715480804443359e-01,4.964973777532577515e-03,2.342683523893356323e-01,3.656164556741714478e-02,-1.872455835342407227e+00,2.035468369722366333e-01,4.848171025514602661e-02,2.114603519439697266e+00,-6.492705941200256348e-01,1.520508974790573120e-01,-1.310683369636535645e+00,-9.526963531970977783e-02,6.700408458709716797e-02,2.512437582015991211e+00,-6.736645698547363281e-01,3.357585892081260681e-02,5.379028245806694031e-02,2.351744100451469421e-02,5.059695243835449219e-01,-1.956395506858825684e+00,3.376463353633880615e-01,-4.323213398456573486e-01,1.200140357017517090e+00,-6.900557875633239746e-01,-1.772995479404926300e-02,1.517551839351654053e-01,-1.907921552658081055e+00,-5.781861543655395508e-01,5.942784547805786133e-01,1.140643835067749023e+00,7.104144096374511719e-01,-5.704943090677261353e-02,-1.552664786577224731e-01
-3.850735351443290710e-02,-1.351308263838291168e-02,4.384999871253967285e-01,9.717969894409179688e-01,7.970087230205535889e-03,2.335960119962692261e-01,3.130537271499633789e-02,-1.870137810707092285e+00,2.044169455766677856e-01,6.442514806985855103e-02,2.102711915969848633e+00,-6.611099243164062500e-01,1.436978876590728760e-01,-1.278063178062438965e+00,-1.009648144245147705e-01,6.293064355850219727e-02,2.505392313003540039e+00,-6.812216043472290039e-01,3.447737917304039001e-02,5.726671963930130005e-02,1.839911378920078278e-02,5.050073862075805664e-01,-1.923318862915039062e+00,3.539885282516479492e-01,-4.198751151561737061e-01,1.197053670883178711e+00,-6.970174908638000488e-01,-2.662853710353374481e-02,1.564020663499832153e-01,-1.874155998229980469e+00,-5.774322152137756348e-01,5.822574496269226074e-01,1.152970910072326660e+00,7.156003117561340332e-01,-7.842139899730682373e-02,-1.493190824985504150e-01
-4.155002906918525696e-02,-8.813083171844482422e-03,4.414764344692230225e-01,9.705997705459594727e-01,7.137483917176723480e-03,2.375665903091430664e-01,3.804322704672813416e-02,-1.872784972190856934e+00,2.045845240354537964e-01,5.225112661719322205e-02,2.106808423995971680e+00,-6.442055106163024902e-01,1.504036039113998413e-01,-1.311403155326843262e+00,-9.882598370313644409e-02,6.872457265853881836e-02,2.504106521606445312e+00,-6.758098602294921875e-01,2.888305671513080597e-02,5.324175208806991577e-02,2.543569542467594147e-02,5.069321990013122559e-01,-1.953172564506530762e+00,3.390373885631561279e-01,-4.290507733821868896e-01,1.196084380149841309e+00,-6.888622641563415527e-01,-2.388093061745166779e-02,1.519207358360290527e-01,-1.894243955612182617e+00,-5.820490717887878418e-01,5.881924629211425781e-01,1.141808032989501953e+00,7.062158584594726562e-01,-6.390861421823501587e-02,-1.512767374515533447e-01
-4.218397662043571472e-02,-1.040198560804128647e-02,4.419136047363281250e-01,9.701991081237792969e-01,8.614893071353435516e-03,2.391766607761383057e-01,3.786937519907951355e-02,-1.873445153236389160e+00,2.048902511596679688e-01,5.308955535292625427e-02,2.103312253952026367e+00,-6.409268975257873535e-01,1.474089622497558594e-01,-1.313641309738159180e+00,-1.002087295055389404e-01,7.092135399580001831e-02,2.503538846969604492e+00,-6.726771593093872070e-01,2.519359067082405090e-02,5.578698962926864624e-02,2.583452686667442322e-02,5.071464180946350098e-01,-1.954352021217346191e+00,3.389276862144470215e-01,-4.284530878067016602e-01,1.197626948356628418e+00,-6.870341897010803223e-01,-2.638626657426357269e-02,1.532191634178161621e-01,-1.889543652534484863e+00,-5.843528509140014648e-01,5.852640271186828613e-01,1.142670273780822754e+00,7.002281546592712402e-01,-6.828960031270980835e-02,-1.506613940000534058e-01
-4.313522577285766602e-02,-1.178266666829586029e-02,4.423164725303649902e-01,9.698330163955688477e-01,9.901662357151508331e-03,2.405072599649429321e-01,3.849724680185317993e-02,-1.874135255813598633e+00,2.037256658077239990e-01,5.376941710710525513e-02,2.100547790527343750e+00,-6.380484104156494141e-01,1.446895599365234375e-01,-1.315854787826538086e+00,-1.023609340190887451e-01,7.063370943069458008e-02,2.503993511199951172e+00,-6.714091300964355469e-01,2.269578911364078522e-02,5.690836161375045776e-02,2.691626548767089844e-02,5.069088339805603027e-01,-1.953030586242675781e+00,3.396938741207122803e-01,-4.261883497238159180e-01,1.199486970901489258e+00,-6.833736896514892578e-01,-2.793688327074050903e-02,1.520634591579437256e-01,-1.885855674743652344e+00,-5.865624547004699707e-01,5.838035941123962402e-01,1.142222523689270020e+00,6.944400072097778320e-01,-6.870216131210327148e-02,-1.508941054344177246e-01
-4.407615959644317627e-02,-1.289817690849304199e-02,4.425359070301055908e-01,9.694657325744628906e-01,1.113113109022378922e-02,2.416904419660568237e-01,3.997405990958213806e-02,-1.874233722686767578e+00,2.019048184156417847e-01,5.507750809192657471e-02,2.098689079284667969e+00,-6.365662813186645508e-01,1.429783701896667480e-01,-1.317911624908447266e+00,-1.045235842466354370e-01,6.940384954214096069e-02,2.504705190658569336e+00,-6.731141209602355957e-01,2.178256586194038391e-02,5.619591847062110901e-02,2.889287099242210388e-02,5.063453912734985352e-01,-1.949154257774353027e+00,3.416368365287780762e-01,-4.209739267826080322e-01,1.199521899223327637e+00,-6.796094179153442383e-01,-2.809787355363368988e-02,1.493584215641021729e-01,-1.882420897483825684e+00,-5.890291333198547363e-01,5.842958688735961914e-01,1.141480088233947754e+00,6.912575960159301758e-01,-6.686872988939285278e-02,-1.526071727275848389e-01
-4.471092298626899719e-02,-1.377585809677839279e-02,4.423831403255462646e-01,9.690516591072082520e-01,1.240164600312709808e-02,2.430044412612915039e-01,4.164025932550430298e-02,-1.874961137771606445e+00,2.000158876180648804e-01,5.610805749893188477e-02,2.098415374755859375e+00,-6.359714865684509277e-01,1.410850882530212402e-01,-1.320228099822998047e+00,-1.057913079857826233e-01,6.970665603876113892e-02,2.507046699523925781e+00,-6.763374209403991699e-01,2.224008180201053619e-02,5.558065325021743774e-02,3.118734806776046753e-02,5.054969787597656250e-01,-1.945187568664550781e+00,3.433116674423217773e-01,-4.133544862270355225e-01,1.195979356765747070e+00,-6.761665344238281250e-01,-2.734160050749778748e-02,1.497596800327301025e-01,-1.878229022026062012e+00,-5.924460887908935547e-01,5.854464173316955566e-01,1.139156579971313477e+00,6.884675025939941406e-01,-6.418397277593612671e-02,-1.556308567523956299e-01
-4.253724217414855957e-02,-1.896794140338897705e-02,4.394232928752899170e-01,9.695541858673095703e-01,1.478952821344137192e-02,2.415887713432312012e-01,3.716016560792922974e-02,-1.874844312667846680e+00,1.943896859884262085e-01,7.736036926507949829e-02,2.096422910690307617e+00,-6.530020833015441895e-01,1.319161504507064819e-01,-1.289852261543273926e+00,-1.145272627472877502e-01,6.741714477539062500e-02,2.504613161087036133e+00,-6.882094144821166992e-01,1.982937566936016083e-02,6.018351390957832336e-02,2.958654239773750305e-02,5.045240521430969238e-01,-1.915269732475280762e+00,3.598158061504364014e-01,-4.059088230133056641e-01,1.193014740943908691e+00,-6.821457147598266602e-01,-2.726324275135993958e-02,1.521887630224227905e-01,-1.851922869682312012e+00,-5.896094441413879395e-01,5.836247801780700684e-01,1.150382399559020996e+00,7.053750753402709961e-01,-8.432995527982711792e-02,-1.589937508106231689e-01
-4.579361900687217712e-02,-1.538213156163692474e-02,4.417404532432556152e-01,9.680727720260620117e-01,1.471741124987602234e-02,2.462973743677139282e-01,4.422811046242713928e-02,-1.879963397979736328e+00,1.971063762903213501e-01,6.321185827255249023e-02,2.096484184265136719e+00,-6.331724524497985840e-01,1.393025219440460205e-01,-1.324867010116577148e+00,-1.124760806560516357e-01,7.009022682905197144e-02,2.507500648498535156e+00,-6.806690096855163574e-01,1.376967784017324448e-02,5.668192729353904724e-02,3.691817075014114380e-02,5.052242875099182129e-01,-1.948935508728027344e+00,3.433506786823272705e-01,-4.098443090915679932e-01,1.194406986236572266e+00,-6.812072396278381348e-01,-3.568061813712120056e-02,1.534056812524795532e-01,-1.865746498107910156e+00,-5.976573228836059570e-01,5.857328772544860840e-01,1.144271850585937500e+00,6.826016306877136230e-01,-7.295396178960800171e-02,-1.607978492975234985e-01
-4.618423804640769958e-02,-1.610196754336357117e-02,4.412590861320495605e-01,9.676923751831054688e-01,1.563441567122936249e-02,2.476064115762710571e-01,4.492364451289176941e-02,-1.883338570594787598e+00,1.960483193397521973e-01,6.543853878974914551e-02,2.097195863723754883e+00,-6.321396827697753906e-01,1.379916518926620483e-01,-1.327282547950744629e+00,-1.154962629079818726e-01,6.936243176460266113e-02,2.511663198471069336e+00,-6.799257397651672363e-01,1.040938962250947952e-02,5.952130630612373352e-02,3.976053744554519653e-02,5.055708885192871094e-01,-1.950985908508300781e+00,3.427107036113739014e-01,-4.095573127269744873e-01,1.195235371589660645e+00,-6.841021180152893066e-01,-3.849036619067192078e-02,1.547573804855346680e-01,-1.860411405563354492e+00,-6.014020442962646484e-01,5.851739645004272461e-01,1.143629789352416992e+00,6.785274147987365723e-01,-7.589275389909744263e-02,-1.630567759275436401e-01
-4.644338786602020264e-02,-1.664553582668304443e-02,4.408510327339172363e-01,9.674005508422851562e-01,1.606749556958675385e-02,2.484666705131530762e-01,4.628523066639900208e-02,-1.885716557502746582e+00,1.951785087585449219e-01,6.643683463335037231e-02,2.098525524139404297e+00,-6.325631737709045410e-01,1.373698711395263672e-01,-1.328683733940124512e+00,-1.192879378795623779e-01,6.513814628124237061e-02,2.515767574310302734e+00,-6.809784770011901855e-01,8.833270519971847534e-03,6.075577437877655029e-02,4.409012570977210999e-02,5.059041976928710938e-01,-1.949651837348937988e+00,3.425445556640625000e-01,-4.078966379165649414e-01,1.194295048713684082e+00,-6.848847866058349609e-01,-3.860821947455406189e-02,1.549780070781707764e-01,-1.854409933090209961e+00,-6.058670282363891602e-01,5.851818323135375977e-01,1.139726281166076660e+00,6.742637157440185547e-01,-7.393450289964675903e-02,-1.633443087339401245e-01
-4.645565152168273926e-02,-1.708965748548507690e-02,4.404345154762268066e-01,9.671700596809387207e-01,1.637714356184005737e-02,2.491283565759658813e-01,4.742337390780448914e-02,-1.887020587921142578e+00,1.951560974121093750e-01,6.597735732793807983e-02,2.099525928497314453e+00,-6.337081193923950195e-01,1.371153593063354492e-01,-1.329494714736938477e+00,-1.210941299796104431e-01,6.306964904069900513e-02,2.519439220428466797e+00,-6.830800771713256836e-01,9.686999954283237457e-03,6.214290112257003784e-02,4.867878928780555725e-02,5.058448910713195801e-01,-1.947209239006042480e+00,3.420844674110412598e-01,-4.049937427043914795e-01,1.190479397773742676e+00,-6.852689981460571289e-01,-3.603278845548629761e-02,1.573206037282943726e-01,-1.849346518516540527e+00,-6.105395555496215820e-01,5.841561555862426758e-01,1.135866045951843262e+00,6.687299609184265137e-01,-6.937148422002792358e-02,-1.632831543684005737e-01
-4.326460137963294983e-02,-2.153987623751163483e-02,4.365749359130859375e-01,9.680363535881042480e-01,1.745779439806938171e-02,2.467161864042282104e-01,4.161720350384712219e-02,-1.886949896812438965e+00,1.909449547529220581e-01,8.087838441133499146e-02,2.098529577255249023e+00,-6.559581756591796875e-01,1.273993849754333496e-01,-1.300502896308898926e+00,-1.262565106153488159e-01,6.124329939484596252e-02,2.515989303588867188e+00,-6.866520047187805176e-01,1.509871054440736771e-02,6.988714635372161865e-02,4.895736649632453918e-02,5.059545636177062988e-01,-1.923111319541931152e+00,3.576949238777160645e-01,-3.967047631740570068e-01,1.182827472686767578e+00,-6.917043328285217285e-01,-2.666165493428707123e-02,1.648235470056533813e-01,-1.830728530883789062e+00,-6.099978089332580566e-01,5.771359205245971680e-01,1.148872256278991699e+00,6.791710853576660156e-01,-8.109258860349655151e-02,-1.603999733924865723e-01
-4.701649025082588196e-02,-1.804782636463642120e-02,4.403218924999237061e-01,9.666849374771118164e-01,1.749810203909873962e-02,2.508659064769744873e-01,4.775349423289299011e-02,-1.888386368751525879e+00,1.960367709398269653e-01,6.849575042724609375e-02,2.094141244888305664e+00,-6.328749656677246094e-01,1.376565098762512207e-01,-1.332318186759948730e+00,-1.255232691764831543e-01,6.286089122295379639e-02,2.515406847000122070e+00,-6.831049323081970215e-01,5.261694546788930893e-03,6.554004549980163574e-02,5.908736586570739746e-02,5.076800584793090820e-01,-1.953420758247375488e+00,3.401689827442169189e-01,-4.076855480670928955e-01,1.191390991210937500e+00,-6.973092555999755859e-01,-3.815958648920059204e-02,1.627499610185623169e-01,-1.840769886970520020e+00,-6.131356954574584961e-01,5.839394330978393555e-01,1.150320053100585938e+00,6.618112921714782715e-01,-7.187715172767639160e-02,-1.567608714103698730e-01
-4.709650948643684387e-02,-1.890074089169502258e-02,4.399393796920776367e-01,9.664131999015808105e-01,1.814857684075832367e-02,2.519401311874389648e-01,4.735331237316131592e-02,-1.890493750572204590e+00,1.953642815351486206e-01,6.894582509994506836e-02,2.092652320861816406e+00,-6.316919326782226562e-01,1.365146934986114502e-01,-1.337278127670288086e+00,-1.258912980556488037e-01,6.373859941959381104e-02,2.516464710235595703e+00,-6.788829565048217773e-01,5.629032384604215622e-03,6.969213485717773438e-02,6.416136771440505981e-02,5.094608068466186523e-01,-1.958098769187927246e+00,3.388103842735290527e-01,-4.076533019542694092e-01,1.194769978523254395e+00,-7.021548151969909668e-01,-4.004760459065437317e-02,1.640676707029342651e-01,-1.838339924812316895e+00,-6.139537096023559570e-01,5.838682055473327637e-01,1.158971309661865234e+00,6.597082018852233887e-01,-7.239788025617599487e-02,-1.557722687721252441e-01
-4.682729765772819519e-02,-1.981018297374248505e-02,4.393392205238342285e-01,9.660415053367614746e-01,1.873691938817501068e-02,2.532368302345275879e-01,4.778927937150001526e-02,-1.893662095069885254e+00,1.934444457292556763e-01,6.851357221603393555e-02,2.092937707901000977e+00,-6.312761902809143066e-01,1.360534876585006714e-01,-1.343018889427185059e+00,-1.259931921958923340e-01,6.411923468112945557e-02,2.518970489501953125e+00,-6.754869222640991211e-01,8.931156247854232788e-03,7.284587621688842773e-02,7.005114853382110596e-02,5.111941099166870117e-01,-1.960356950759887695e+00,3.394045233726501465e-01,-4.055823385715484619e-01,1.198023915290832520e+00,-7.036393880844116211e-01,-4.142428562045097351e-02,1.625941842794418335e-01,-1.836486697196960449e+00,-6.158311963081359863e-01,5.853312611579895020e-01,1.164317965507507324e+00,6.601269245147705078e-01,-6.973893940448760986e-02,-1.553565114736557007e-01
-4.619440063834190369e-02,-2.048295736312866211e-02,4.387611746788024902e-01,9.655852317810058594e-01,1.938197948038578033e-02,2.546474635601043701e-01,4.923621937632560730e-02,-1.896452307701110840e+00,1.910225301980972290e-01,6.800363957881927490e-02,2.093115091323852539e+00,-6.310917735099792480e-01,1.368274837732315063e-01,-1.347190380096435547e+00,-1.266650408506393433e-01,6.469713151454925537e-02,2.521016836166381836e+00,-6.757882833480834961e-01,1.307960692793130875e-02,7.394445687532424927e-02,7.648351043462753296e-02,5.122123360633850098e-01,-1.959919691085815430e+00,3.411538004875183105e-01,-4.021417796611785889e-01,1.199870467185974121e+00,-7.030649781227111816e-01,-4.081638529896736145e-02,1.602763831615447998e-01,-1.834738850593566895e+00,-6.189910769462585449e-01,5.878832340240478516e-01,1.165930747985839844e+00,6.631887555122375488e-01,-6.389189511537551880e-02,-1.544657200574874878e-01
-4.528871923685073853e-02,-2.101085707545280457e-02,4.384016096591949463e-01,9.651442170143127441e-01,1.996579952538013458e-02,2.560173869132995605e-01,5.052722245454788208e-02,-1.898400068283081055e+00,1.890515238046646118e-01,6.695149093866348267e-02,2.092324018478393555e+00,-6.296471953392028809e-01,1.375312209129333496e-01,-1.349187374114990234e+00,-1.267675906419754028e-01,6.751140207052230835e-02,2.522413015365600586e+00,-6.769929528236389160e-01,1.702783815562725067e-02,7.552240043878555298e-02,8.230081200599670410e-02,5.125001072883605957e-01,-1.959934592247009277e+00,3.417734205722808838e-01,-3.992625474929809570e-01,1.198923587799072266e+00,-7.030526995658874512e-01,-3.838432580232620239e-02,1.605196893215179443e-01,-1.831739664077758789e+00,-6.232206225395202637e-01,5.891832113265991211e-01,1.164942026138305664e+00,6.652998328208923340e-01,-5.841122940182685852e-02,-1.529476493597030640e-01
-4.259097576141357422e-02,-2.545791491866111755e-02,4.336626529693603516e-01,9.660730361938476562e-01,2.207406796514987946e-02,2.534223794937133789e-01,4.463835060596466064e-02,-1.899511098861694336e+00,1.851446777582168579e-01,8.122923225164413452e-02,2.094644308090209961e+00,-6.532271504402160645e-01,1.302686929702758789e-01,-1.319871425628662109e+00,-1.273751556873321533e-01,6.779293715953826904e-02,2.519212484359741211e+00,-6.718273758888244629e-01,2.702233940362930298e-02,8.109100162982940674e-02,7.764534652233123779e-02,5.110183954238891602e-01,-1.931882858276367188e+00,3.598826229572296143e-01,-3.877374827861785889e-01,1.186822652816772461e+00,-7.041621804237365723e-01,-3.532838076353073120e-02,1.611719876527786255e-01,-1.816372871398925781e+00,-6.251043081283569336e-01,5.870154500007629395e-01,1.174000024795532227e+00,6.808127164840698242e-01,-7.485284656286239624e-02,-1.479605585336685181e-01
-4.427992552518844604e-02,-2.142503298819065094e-02,4.388116896152496338e-01,9.644524455070495605e-01,2.204676531255245209e-02,2.582868337631225586e-01,5.131521821022033691e-02,-1.899179577827453613e+00,1.888568997383117676e-01,7.105953991413116455e-02,2.085132837295532227e+00,-6.240775585174560547e-01,1.397224366664886475e-01,-1.350218176841735840e+00,-1.301076710224151611e-01,7.370579987764358521e-02,2.518778085708618164e+00,-6.789371371269226074e-01,1.480938866734504700e-02,7.929205894470214844e-02,9.326247870922088623e-02,5.139098167419433594e-01,-1.966860890388488770e+00,3.409819602966308594e-01,-4.000870287418365479e-01,1.203374147415161133e+00,-7.087933421134948730e-01,-3.810131922364234924e-02,1.589481234550476074e-01,-1.820851683616638184e+00,-6.293420195579528809e-01,5.897769927978515625e-01,1.173006653785705566e+00,6.654066443443298340e-01,-5.834515020251274109e-02,-1.410499960184097290e-01
-4.420425370335578918e-02,-2.188451588153839111e-02,4.390650689601898193e-01,9.641846418380737305e-01,2.383573167026042938e-02,2.591169476509094238e-01,5.136429890990257263e-02,-1.898803591728210449e+00,1.883763521909713745e-01,7.398673892021179199e-02,2.082255601882934570e+00,-6.216641068458557129e-01,1.389523893594741821e-01,-1.352982997894287109e+00,-1.309402137994766235e-01,7.769754528999328613e-02,2.520246505737304688e+00,-6.774649620056152344e-01,1.387273427098989487e-02,8.280669152736663818e-02,9.771168231964111328e-02,5.147752165794372559e-01,-1.969034671783447266e+00,3.402606248855590820e-01,-3.995606899261474609e-01,1.204908728599548340e+00,-7.109909653663635254e-01,-3.702306747436523438e-02,1.563023179769515991e-01,-1.815968513488769531e+00,-6.324326992034912109e-01,5.903512239456176758e-01,1.177125453948974609e+00,6.637024283409118652e-01,-5.865547060966491699e-02,-1.358513087034225464e-01
-4.428466409444808960e-02,-2.260211855173110962e-02,4.395037889480590820e-01,9.638987183570861816e-01,2.588887140154838562e-02,2.598222792148590088e-01,5.216723680496215820e-02,-1.897748231887817383e+00,1.868131309747695923e-01,7.711717486381530762e-02,2.079673290252685547e+00,-6.208359003067016602e-01,1.377155780792236328e-01,-1.356642842292785645e+00,-1.323801726102828979e-01,8.111628890037536621e-02,2.522292137145996094e+00,-6.771469116210937500e-01,1.445625629276037216e-02,8.560340851545333862e-02,1.029890030622482300e-01,5.154002308845520020e-01,-1.967603802680969238e+00,3.397527039051055908e-01,-3.968168199062347412e-01,1.205996632575988770e+00,-7.136069536209106445e-01,-3.580990806221961975e-02,1.513666361570358276e-01,-1.810653448104858398e+00,-6.355835199356079102e-01,5.920816063880920410e-01,1.180652737617492676e+00,6.629207134246826172e-01,-5.813091248273849487e-02,-1.316688656806945801e-01
-4.453783109784126282e-02,-2.337657846510410309e-02,4.400809705257415771e-01,9.636032581329345703e-01,2.777955494821071625e-02,2.603578567504882812e-01,5.395150184631347656e-02,-1.895365476608276367e+00,1.843908131122589111e-01,8.049613237380981445e-02,2.076818704605102539e+00,-6.217617392539978027e-01,1.374406367540359497e-01,-1.359037756919860840e+00,-1.345692873001098633e-01,8.306971192359924316e-02,2.523530483245849609e+00,-6.791706681251525879e-01,1.627485640347003937e-02,8.636522293090820312e-02,1.095970869064331055e-01,5.155320763587951660e-01,-1.961958646774291992e+00,3.400424122810363770e-01,-3.914690613746643066e-01,1.204260468482971191e+00,-7.144563794136047363e-01,-3.498459979891777039e-02,1.452894359827041626e-01,-1.803696393966674805e+00,-6.389922499656677246e-01,5.958127975463867188e-01,1.181890130043029785e+00,6.636947393417358398e-01,-5.635145306587219238e-02,-1.275911629199981689e-01
-4.467205703258514404e-02,-2.415819279849529266e-02,4.403635859489440918e-01,9.632550477981567383e-01,2.952496334910392761e-02,2.611201107501983643e-01,5.553622543811798096e-02,-1.893354535102844238e+00,1.822899878025054932e-01,8.334524929523468018e-02,2.074443101882934570e+00,-6.223025918006896973e-01,1.369199454784393311e-01,-1.360757827758789062e+00,-1.357356905937194824e-01,8.632545918226242065e-02,2.525726556777954102e+00,-6.814668178558349609e-01,1.842215470969676971e-02,8.737296611070632935e-02,1.159465983510017395e-01,5.149067044258117676e-01,-1.956314802169799805e+00,3.402170836925506592e-01,-3.853049874305725098e-01,1.199990987777709961e+00,-7.151215672492980957e-01,-3.403390944004058838e-02,1.429934352636337280e-01,-1.795085191726684570e+00,-6.435664296150207520e-01,5.985738635063171387e-01,1.180319786071777344e+00,6.631537079811096191e-01,-5.537701398134231567e-02,-1.247004345059394836e-01
-4.093867912888526917e-02,-2.806408330798149109e-02,4.388031363487243652e-01,9.636167287826538086e-01,3.271882236003875732e-02,2.601463198661804199e-01,5.192495882511138916e-02,-1.884320974349975586e+00,1.764017641544342041e-01,1.043123826384544373e-01,2.064805269241333008e+00,-6.450132727622985840e-01,1.311765462160110474e-01,-1.331526517868041992e+00,-1.420355886220932007e-01,8.317413181066513062e-02,2.513552188873291016e+00,-6.754760146141052246e-01,2.646232396364212036e-02,9.036846458911895752e-02,1.199821755290031433e-01,5.142946243286132812e-01,-1.932898521423339844e+00,3.683657646179199219e-01,-3.754211366176605225e-01,1.195619821548461914e+00,-7.269291877746582031e-01,-3.368013724684715271e-02,1.459488272666931152e-01,-1.770956635475158691e+00,-6.479687094688415527e-01,6.006888747215270996e-01,1.193239808082580566e+00,6.776403784751892090e-01,-7.239741832017898560e-02,-1.099368333816528320e-01
-4.498706012964248657e-02,-2.415249496698379517e-02,4.410452842712402344e-01,9.625784754753112793e-01,3.285777196288108826e-02,2.628392875194549561e-01,5.725871399044990540e-02,-1.890961170196533203e+00,1.794296354055404663e-01,9.257845580577850342e-02,2.065797567367553711e+00,-6.193950176239013672e-01,1.371278464794158936e-01,-1.365497708320617676e+00,-1.419472992420196533e-01,9.238543361425399780e-02,2.523456335067749023e+00,-6.791686415672302246e-01,1.172750256955623627e-02,9.054269641637802124e-02,1.308781057596206665e-01,5.164854526519775391e-01,-1.959044933319091797e+00,3.423237502574920654e-01,-3.859207630157470703e-01,1.202233791351318359e+00,-7.265723943710327148e-01,-3.791891038417816162e-02,1.372978985309600830e-01,-1.772850990295410156e+00,-6.518550515174865723e-01,6.038993000984191895e-01,1.189525604248046875e+00,6.606093049049377441e-01,-5.770966038107872009e-02,-1.142213642597198486e-01
-4.517219588160514832e-02,-2.384536340832710266e-02,4.410940408706665039e-01,9.622457623481750488e-01,3.488083183765411377e-02,2.636431455612182617e-01,5.795468017458915710e-02,-1.890449762344360352e+00,1.776360869407653809e-01,9.698361158370971680e-02,2.062045335769653320e+00,-6.170930266380310059e-01,1.364563554525375366e-01,-1.369802236557006836e+00,-1.454131305217742920e-01,9.643600881099700928e-02,2.525846719741821289e+00,-6.760333180427551270e-01,9.267790243029594421e-03,9.328743815422058105e-02,1.373613774776458740e-01,5.176320075988769531e-01,-1.960384249687194824e+00,3.448570966720581055e-01,-3.880289494991302490e-01,1.204040527343750000e+00,-7.308539748191833496e-01,-3.666650131344795227e-02,1.326226890087127686e-01,-1.758903503417968750e+00,-6.564733386039733887e-01,6.060507297515869141e-01,1.192327022552490234e+00,6.564466357231140137e-01,-5.528035014867782593e-02,-1.097188070416450500e-01
-4.532429575920104980e-02,-2.364255115389823914e-02,4.412287175655364990e-01,9.619767665863037109e-01,3.687512874603271484e-02,2.640864849090576172e-01,5.915522202849388123e-02,-1.888032317161560059e+00,1.752631366252899170e-01,1.008557155728340149e-01,2.058570146560668945e+00,-6.158623099327087402e-01,1.350638866424560547e-01,-1.374244451522827148e+00,-1.492030918598175049e-01,9.847798943519592285e-02,2.528644800186157227e+00,-6.744868159294128418e-01,9.735665284097194672e-03,9.467924386262893677e-02,1.444449275732040405e-01,5.185055732727050781e-01,-1.957235693931579590e+00,3.478495180606842041e-01,-3.876989185810089111e-01,1.203526616096496582e+00,-7.336699366569519043e-01,-3.377278894186019897e-02,1.266153007745742798e-01,-1.744335532188415527e+00,-6.609494686126708984e-01,6.094447374343872070e-01,1.190108895301818848e+00,6.517418622970581055e-01,-4.847856611013412476e-02,-1.057649478316307068e-01
-4.535841569304466248e-02,-2.386105060577392578e-02,4.411699473857879639e-01,9.616114497184753418e-01,3.887645900249481201e-02,2.648314535617828369e-01,6.046751514077186584e-02,-1.886466383934020996e+00,1.727941334247589111e-01,1.036066189408302307e-01,2.055228710174560547e+00,-6.146972775459289551e-01,1.331636160612106323e-01,-1.378016591072082520e+00,-1.517507582902908325e-01,1.012466624379158020e-01,2.532260894775390625e+00,-6.749504804611206055e-01,1.163608301430940628e-02,9.574081748723983765e-02,1.511515676975250244e-01,5.185250043869018555e-01,-1.953203678131103516e+00,3.498612940311431885e-01,-3.848769068717956543e-01,1.200706481933593750e+00,-7.360823154449462891e-01,-3.153155744075775146e-02,1.248263195157051086e-01,-1.731421589851379395e+00,-6.659364700317382812e-01,6.134878993034362793e-01,1.184555530548095703e+00,6.474859714508056641e-01,-4.221283271908760071e-02,-1.043835952877998352e-01
-4.434639215469360352e-02,-2.869227901101112366e-02,4.376328587532043457e-01,9.622778892517089844e-01,4.174246639013290405e-02,2.629421353340148926e-01,5.603777617216110229e-02,-1.881184458732604980e+00,1.672637462615966797e-01,1.242815852165222168e-01,2.052471876144409180e+00,-6.324243545532226562e-01,1.269878000020980835e-01,-1.352002143859863281e+00,-1.579917222261428833e-01,9.435505419969558716e-02,2.527493238449096680e+00,-6.766418218612670898e-01,1.507022138684988022e-02,9.774100780487060547e-02,1.502155959606170654e-01,5.157570838928222656e-01,-1.932233095169067383e+00,3.708899319171905518e-01,-3.791868686676025391e-01,1.200474500656127930e+00,-7.414340972900390625e-01,-2.021559327840805054e-02,1.322503834962844849e-01,-1.712304592132568359e+00,-6.647447347640991211e-01,6.175428628921508789e-01,1.195145964622497559e+00,6.544595956802368164e-01,-5.318377912044525146e-02,-1.093425378203392029e-01
-4.614464193582534790e-02,-2.534273266792297363e-02,4.408063888549804688e-01,9.606065750122070312e-01,4.250138252973556519e-02,2.675936520099639893e-01,6.182409822940826416e-02,-1.888941526412963867e+00,1.710842698812484741e-01,1.122666150331497192e-01,2.047661304473876953e+00,-6.107366085052490234e-01,1.329050511121749878e-01,-1.389581680297851562e+00,-1.568987667560577393e-01,1.088474243879318237e-01,2.530868291854858398e+00,-6.738421320915222168e-01,6.042699329555034637e-03,1.015344187617301941e-01,1.661922931671142578e-01,5.201402306556701660e-01,-1.964360713958740234e+00,3.497290313243865967e-01,-3.867091834545135498e-01,1.206512093544006348e+00,-7.486002445220947266e-01,-4.147455841302871704e-02,1.298476457595825195e-01,-1.711862683296203613e+00,-6.806902885437011719e-01,6.200413107872009277e-01,1.181596159934997559e+00,6.373345851898193359e-01,-4.388684779405593872e-02,-9.851862490177154541e-02
-4.650191217660903931e-02,-2.638634853065013885e-02,4.407519400119781494e-01,9.600991606712341309e-01,4.426733031868934631e-02,2.690452635288238525e-01,6.216633692383766174e-02,-1.890615224838256836e+00,1.708049029111862183e-01,1.169498562812805176e-01,2.043845653533935547e+00,-6.075116395950317383e-01,1.323616504669189453e-01,-1.396248340606689453e+00,-1.585922837257385254e-01,1.123389527201652527e-01,2.531666755676269531e+00,-6.725342273712158203e-01,1.951373415067791939e-03,1.059013158082962036e-01,1.721831709146499634e-01,5.210045576095581055e-01,-1.971132159233093262e+00,3.486739099025726318e-01,-3.894012272357940674e-01,1.208486437797546387e+00,-7.541784644126892090e-01,-4.580409452319145203e-02,1.307057887315750122e-01,-1.701050758361816406e+00,-6.882264614105224609e-01,6.213964223861694336e-01,1.176855325698852539e+00,6.297407746315002441e-01,-4.506440833210945129e-02,-9.754706174135208130e-02
-4.682331532239913940e-02,-2.726021781563758850e-02,4.409026801586151123e-01,9.596359133720397949e-01,4.593458026647567749e-02,2.701614201068878174e-01,6.325895339250564575e-02,-1.891226172447204590e+00,1.700686812400817871e-01,1.218801215291023254e-01,2.039615154266357422e+00,-6.051384210586547852e-01,1.315026581287384033e-01,-1.401670217514038086e+00,-1.613155752420425415e-01,1.131449341773986816e-01,2.532693386077880859e+00,-6.720086336135864258e-01,-7.188610034063458443e-04,1.081823781132698059e-01,1.784339994192123413e-01,5.220423936843872070e-01,-1.974130988121032715e+00,3.494667410850524902e-01,-3.927987813949584961e-01,1.207579612731933594e+00,-7.603447437286376953e-01,-4.814567044377326965e-02,1.287306100130081177e-01,-1.688160061836242676e+00,-6.945405602455139160e-01,6.236372590065002441e-01,1.169655323028564453e+00,6.224807500839233398e-01,-4.277906566858291626e-02,-9.699406474828720093e-02
-4.718813300132751465e-02,-2.778058685362339020e-02,4.409101307392120361e-01,9.592005014419555664e-01,4.744909703731536865e-02,2.710664570331573486e-01,6.485324352979660034e-02,-1.891181945800781250e+00,1.688508689403533936e-01,1.261824220418930054e-01,2.035845756530761719e+00,-6.045244336128234863e-01,1.311063021421432495e-01,-1.406366229057312012e+00,-1.645312011241912842e-01,1.125225126743316650e-01,2.534265041351318359e+00,-6.723352074623107910e-01,-7.560108206234872341e-04,1.079293116927146912e-01,1.847858130931854248e-01,5.228250622749328613e-01,-1.972535610198974609e+00,3.526401221752166748e-01,-3.943801224231719971e-01,1.201787710189819336e+00,-7.659258842468261719e-01,-4.849458858370780945e-02,1.275116801261901855e-01,-1.674359917640686035e+00,-6.999789476394653320e-01,6.268248558044433594e-01,1.161488652229309082e+00,6.170586943626403809e-01,-3.835662081837654114e-02,-9.680725634098052979e-02
-4.739763587713241577e-02,-2.809127047657966614e-02,4.406071901321411133e-01,9.587788581848144531e-01,4.890450090169906616e-02,2.719701826572418213e-01,6.620886176824569702e-02,-1.891661405563354492e+00,1.670195609331130981e-01,1.289341151714324951e-01,2.032731771469116211e+00,-6.045098304748535156e-01,1.304207593202590942e-01,-1.409956455230712891e+00,-1.670607328414916992e-01,1.139265373349189758e-01,2.537133932113647461e+00,-6.735990643501281738e-01,1.261897617951035500e-03,1.075905486941337585e-01,1.904610544443130493e-01,5.231585502624511719e-01,-1.970435023307800293e+00,3.566984236240386963e-01,-3.932923972606658936e-01,1.193218588829040527e+00,-7.703640460968017578e-01,-4.730282351374626160e-02,1.306756734848022461e-01,-1.662132978439331055e+00,-7.047330737113952637e-01,6.301317811012268066e-01,1.154566764831542969e+00,6.128624081611633301e-01,-3.427892923355102539e-02,-9.826811403036117554e-02
-4.688660427927970886e-02,-3.331079334020614624e-02,4.377832710742950439e-01,9.593662619590759277e-01,5.005191266536712646e-02,2.707594931125640869e-01,6.164806336164474487e-02,-1.889934659004211426e+00,1.614283323287963867e-01,1.452890336513519287e-01,2.027653455734252930e+00,-6.248410940170288086e-01,1.222115233540534973e-01,-1.384668946266174316e+00,-1.709798723459243774e-01,1.113060265779495239e-01,2.529341936111450195e+00,-6.728109717369079590e-01,9.510756470263004303e-03,1.090227738022804260e-01,1.862396150827407837e-01,5.211464166641235352e-01,-1.944786787033081055e+00,3.789454698562622070e-01,-3.876828253269195557e-01,1.190814733505249023e+00,-7.761530280113220215e-01,-3.351615369319915771e-02,1.485875695943832397e-01,-1.645072221755981445e+00,-7.035378217697143555e-01,6.362755298614501953e-01,1.156478524208068848e+00,6.300784349441528320e-01,-4.725441709160804749e-02,-9.916462749242782593e-02
-4.771687090396881104e-02,-2.867179922759532928e-02,4.395431578159332275e-01,9.581886529922485352e-01,5.158758163452148438e-02,2.734426856040954590e-01,6.665068864822387695e-02,-1.894590258598327637e+00,1.645117551088333130e-01,1.357077658176422119e-01,2.027441024780273438e+00,-6.028791069984436035e-01,1.301923543214797974e-01,-1.416925668716430664e+00,-1.718179434537887573e-01,1.188835874199867249e-01,2.539770126342773438e+00,-6.748303771018981934e-01,-1.747579197399318218e-03,1.109584867954254150e-01,2.028985917568206787e-01,5.251515507698059082e-01,-1.976640462875366211e+00,3.649648129940032959e-01,-3.907185196876525879e-01,1.187072277069091797e+00,-7.765394449234008789e-01,-4.717879369854927063e-02,1.381140202283859253e-01,-1.643378138542175293e+00,-7.163017988204956055e-01,6.357655525207519531e-01,1.155859351158142090e+00,6.071143746376037598e-01,-3.235141932964324951e-02,-1.004843637347221375e-01
-4.759699851274490356e-02,-2.911829762160778046e-02,4.389905631542205811e-01,9.580451250076293945e-01,5.272414162755012512e-02,2.738336622714996338e-01,6.621770560741424561e-02,-1.896431922912597656e+00,1.639098227024078369e-01,1.380514055490493774e-01,2.027482271194458008e+00,-6.028079390525817871e-01,1.297529786825180054e-01,-1.421537995338439941e+00,-1.723962873220443726e-01,1.219007223844528198e-01,2.542513608932495117e+00,-6.744876503944396973e-01,-3.124671289697289467e-03,1.146742030978202820e-01,2.087909728288650513e-01,5.262871980667114258e-01,-1.979594588279724121e+00,3.680375218391418457e-01,-3.888340890407562256e-01,1.187348842620849609e+00,-7.791751027107238770e-01,-4.633322358131408691e-02,1.396593898534774780e-01,-1.632880687713623047e+00,-7.239040136337280273e-01,6.360615491867065430e-01,1.155679702758789062e+00,6.024530529975891113e-01,-3.155038878321647644e-02,-1.027472391724586487e-01
-4.725410789251327515e-02,-2.946553379297256470e-02,4.384846687316894531e-01,9.579985141754150391e-01,5.357405170798301697e-02,2.738506793975830078e-01,6.613977998495101929e-02,-1.897479057312011719e+00,1.636920124292373657e-01,1.390946954488754272e-01,2.029085397720336914e+00,-6.042656898498535156e-01,1.295620203018188477e-01,-1.425814032554626465e+00,-1.728323549032211304e-01,1.234073191881179810e-01,2.546010494232177734e+00,-6.751894354820251465e-01,-3.434970276430249214e-03,1.171660125255584717e-01,2.141676247119903564e-01,5.276646614074707031e-01,-1.979205608367919922e+00,3.711750209331512451e-01,-3.872757256031036377e-01,1.186877489089965820e+00,-7.827114462852478027e-01,-4.354385659098625183e-02,1.384873241186141968e-01,-1.620946645736694336e+00,-7.306336164474487305e-01,6.358229517936706543e-01,1.154061675071716309e+00,5.974773764610290527e-01,-2.942290343344211578e-02,-1.052775904536247253e-01
-4.700744524598121643e-02,-2.963326498866081238e-02,4.378685057163238525e-01,9.579895138740539551e-01,5.415958538651466370e-02,2.736687064170837402e-01,6.654488295316696167e-02,-1.897954702377319336e+00,1.638555079698562622e-01,1.389219462871551514e-01,2.031355619430541992e+00,-6.069193482398986816e-01,1.298203766345977783e-01,-1.429020047187805176e+00,-1.729844063520431519e-01,1.242501288652420044e-01,2.549719095230102539e+00,-6.773216128349304199e-01,-1.853641704656183720e-03,1.179718524217605591e-01,2.191053628921508789e-01,5.287867188453674316e-01,-1.975315451622009277e+00,3.741280734539031982e-01,-3.860521316528320312e-01,1.185072898864746094e+00,-7.875747084617614746e-01,-3.959593176841735840e-02,1.363016515970230103e-01,-1.608973145484924316e+00,-7.352188825607299805e-01,6.358801722526550293e-01,1.153293490409851074e+00,5.943158864974975586e-01,-2.665635198354721069e-02,-1.071535721421241760e-01
-4.698646441102027893e-02,-2.957084961235523224e-02,4.369010627269744873e-01,9.579473733901977539e-01,5.464843660593032837e-02,2.736137509346008301e-01,6.697666645050048828e-02,-1.899364352226257324e+00,1.637966930866241455e-01,1.379151791334152222e-01,2.034190416336059570e+00,-6.090475320816040039e-01,1.302637457847595215e-01,-1.431513786315917969e+00,-1.728211790323257446e-01,1.265244036912918091e-01,2.554679632186889648e+00,-6.791430711746215820e-01,1.031227526254951954e-03,1.187763214111328125e-01,2.230934947729110718e-01,5.290988683700561523e-01,-1.970538854598999023e+00,3.763360381126403809e-01,-3.838050961494445801e-01,1.182176351547241211e+00,-7.920693755149841309e-01,-3.572981059551239014e-02,1.359255462884902954e-01,-1.598027229309082031e+00,-7.384420037269592285e-01,6.352341175079345703e-01,1.153918504714965820e+00,5.915829539299011230e-01,-2.499125152826309204e-02,-1.098615676164627075e-01
-4.471915215253829956e-02,-3.207641839981079102e-02,4.335950016975402832e-01,9.587239027023315430e-01,5.506062507629394531e-02,2.716679871082305908e-01,6.335043907165527344e-02,-1.899261713027954102e+00,1.594983786344528198e-01,1.493604481220245361e-01,2.031009197235107422e+00,-6.290075778961181641e-01,1.206458732485771179e-01,-1.405132174491882324e+00,-1.757318228483200073e-01,1.268804222345352173e-01,2.548892736434936523e+00,-6.761085987091064453e-01,1.270225923508405685e-02,1.238081380724906921e-01,2.220243066549301147e-01,5.261842608451843262e-01,-1.947997808456420898e+00,3.921693861484527588e-01,-3.729885816574096680e-01,1.193676233291625977e+00,-7.961266040802001953e-01,-1.646473444998264313e-02,1.360207349061965942e-01,-1.584031224250793457e+00,-7.367782592773437500e-01,6.404851675033569336e-01,1.166299223899841309e+00,5.972059965133666992e-01,-3.630742430686950684e-02,-1.027706190943717957e-01
-4.822184890508651733e-02,-2.885645441710948944e-02,4.345043301582336426e-01,9.578099846839904785e-01,5.515382811427116394e-02,2.741302847862243652e-01,6.641301512718200684e-02,-1.906714916229248047e+00,1.649802178144454956e-01,1.380001902580261230e-01,2.038017034530639648e+00,-6.078472137451171875e-01,1.330648511648178101e-01,-1.439979553222656250e+00,-1.751265823841094971e-01,1.301666796207427979e-01,2.561750411987304688e+00,-6.757270097732543945e-01,1.587211590958759189e-04,1.230012252926826477e-01,2.314405590295791626e-01,5.319430828094482422e-01,-1.974273681640625000e+00,3.815259635448455811e-01,-3.808223903179168701e-01,1.190746307373046875e+00,-7.944778203964233398e-01,-3.598069399595260620e-02,1.324203908443450928e-01,-1.589061498641967773e+00,-7.435758113861083984e-01,6.369603872299194336e-01,1.166527152061462402e+00,5.899094343185424805e-01,-2.661566808819770813e-02,-1.063921451568603516e-01
-4.864298179745674133e-02,-2.851593121886253357e-02,4.336006045341491699e-01,9.576470255851745605e-01,5.527397617697715759e-02,2.748050093650817871e-01,6.587262451648712158e-02,-1.911008954048156738e+00,1.653501689434051514e-01,1.380128711462020874e-01,2.039264202117919922e+00,-6.058126091957092285e-01,1.335809230804443359e-01,-1.446608185768127441e+00,-1.754316538572311401e-01,1.309438198804855347e-01,2.565632581710815430e+00,-6.730429530143737793e-01,8.532179053872823715e-04,1.258870065212249756e-01,2.349698692560195923e-01,5.331601500511169434e-01,-1.976658463478088379e+00,3.844580352306365967e-01,-3.774663209915161133e-01,1.196619868278503418e+00,-7.932811379432678223e-01,-3.698129951953887939e-02,1.293537914752960205e-01,-1.586203694343566895e+00,-7.465645074844360352e-01,6.356115937232971191e-01,1.168176412582397461e+00,5.880513787269592285e-01,-2.673782408237457275e-02,-1.047021448612213135e-01
-4.864364117383956909e-02,-2.810470573604106903e-02,4.330140650272369385e-01,9.575207829475402832e-01,5.514848977327346802e-02,2.752972543239593506e-01,6.575696915388107300e-02,-1.913668632507324219e+00,1.648661494255065918e-01,1.376375406980514526e-01,2.039500951766967773e+00,-6.045061349868774414e-01,1.332071870565414429e-01,-1.452221274375915527e+00,-1.755304485559463501e-01,1.293407678604125977e-01,2.568171739578247070e+00,-6.733906865119934082e-01,2.840324304997920990e-03,1.273123621940612793e-01,2.386533021926879883e-01,5.339967608451843262e-01,-1.977441072463989258e+00,3.872732222080230713e-01,-3.754699230194091797e-01,1.200429081916809082e+00,-7.931317090988159180e-01,-3.803461790084838867e-02,1.266371905803680420e-01,-1.582473635673522949e+00,-7.489783763885498047e-01,6.348906755447387695e-01,1.165481448173522949e+00,5.840482711791992188e-01,-2.506524883210659027e-02,-1.043240875005722046e-01
-4.833229258656501770e-02,-2.770450152456760406e-02,4.322327077388763428e-01,9.573462009429931641e-01,5.511824786663055420e-02,2.759451568126678467e-01,6.560908257961273193e-02,-1.916517734527587891e+00,1.644060909748077393e-01,1.370140016078948975e-01,2.039934158325195312e+00,-6.043844819068908691e-01,1.325266212224960327e-01,-1.457290410995483398e+00,-1.745826303958892822e-01,1.300490349531173706e-01,2.570704221725463867e+00,-6.766566634178161621e-01,5.693920888006687164e-03,1.287607550621032715e-01,2.417333573102951050e-01,5.342218279838562012e-01,-1.978872418403625488e+00,3.887982070446014404e-01,-3.747008740901947021e-01,1.201526880264282227e+00,-7.954767942428588867e-01,-3.834974765777587891e-02,1.270018070936203003e-01,-1.578852534294128418e+00,-7.505624890327453613e-01,6.344414353370666504e-01,1.163125395774841309e+00,5.804198980331420898e-01,-2.362211607396602631e-02,-1.041544079780578613e-01
-4.739723354578018188e-02,-3.164123743772506714e-02,4.286747574806213379e-01,9.580921530723571777e-01,5.491736531257629395e-02,2.742593288421630859e-01,6.184954941272735596e-02,-1.916745305061340332e+00,1.591414362192153931e-01,1.466454714536666870e-01,2.037289619445800781e+00,-6.252676844596862793e-01,1.215987652540206909e-01,-1.430928230285644531e+00,-1.769046187400817871e-01,1.267285794019699097e-01,2.560707092285156250e+00,-6.765438914299011230e-01,1.701772771775722504e-02,1.304596215486526489e-01,2.371564954519271851e-01,5.338374972343444824e-01,-1.964891433715820312e+00,4.071643650531768799e-01,-3.690012991428375244e-01,1.205369591712951660e+00,-8.009213209152221680e-01,-2.497440017759799957e-02,1.304974704980850220e-01,-1.568494439125061035e+00,-7.476488351821899414e-01,6.458098888397216797e-01,1.171652197837829590e+00,5.891609787940979004e-01,-3.494484722614288330e-02,-8.533343672752380371e-02
-4.864827543497085571e-02,-2.670010924339294434e-02,4.304395020008087158e-01,9.571570754051208496e-01,5.509681254625320435e-02,2.769987583160400391e-01,6.392414122819900513e-02,-1.923247098922729492e+00,1.667150110006332397e-01,1.377561390399932861e-01,2.040159225463867188e+00,-6.035967469215393066e-01,1.338748335838317871e-01,-1.465412259101867676e+00,-1.725129187107086182e-01,1.337696909904479980e-01,2.570992708206176758e+00,-6.835600137710571289e-01,4.604434128850698471e-03,1.328332722187042236e-01,2.487246990203857422e-01,5.373139977455139160e-01,-1.992300033569335938e+00,3.929790854454040527e-01,-3.835867941379547119e-01,1.211501717567443848e+00,-8.051907420158386230e-01,-3.743220120668411255e-02,1.274632811546325684e-01,-1.576567769050598145e+00,-7.508376836776733398e-01,6.416271328926086426e-01,1.172821402549743652e+00,5.779953598976135254e-01,-2.281147986650466919e-02,-9.943618625402450562e-02
-4.970290511846542358e-02,-2.632504701614379883e-02,4.297213852405548096e-01,9.571109414100646973e-01,5.522328242659568787e-02,2.773533165454864502e-01,6.296116858720779419e-02,-1.926306605339050293e+00,1.681300252676010132e-01,1.369374841451644897e-01,2.041138648986816406e+00,-6.025096774101257324e-01,1.348982900381088257e-01,-1.469215989112854004e+00,-1.706082373857498169e-01,1.369886249303817749e-01,2.572871923446655273e+00,-6.840138435363769531e-01,4.747832659631967545e-03,1.356980353593826294e-01,2.516888976097106934e-01,5.383557081222534180e-01,-1.997512578964233398e+00,3.950366973876953125e-01,-3.867909014225006104e-01,1.217649817466735840e+00,-8.083096742630004883e-01,-3.652154654264450073e-02,1.261214911937713623e-01,-1.575254440307617188e+00,-7.511093020439147949e-01,6.458443999290466309e-01,1.176883101463317871e+00,5.758242011070251465e-01,-2.115627937018871307e-02,-9.897787123918533325e-02
-5.107544735074043274e-02,-2.624487876892089844e-02,4.294655025005340576e-01,9.570605754852294922e-01,5.524098128080368042e-02,2.775828242301940918e-01,6.270023435354232788e-02,-1.927051901817321777e+00,1.689289212226867676e-01,1.360400319099426270e-01,2.041909217834472656e+00,-6.024770140647888184e-01,1.360903829336166382e-01,-1.471241950988769531e+00,-1.694264560937881470e-01,1.382135450839996338e-01,2.574217557907104492e+00,-6.846536993980407715e-01,6.568016950041055679e-03,1.374728232622146606e-01,2.547342181205749512e-01,5.388450026512145996e-01,-1.998923897743225098e+00,3.973481059074401855e-01,-3.881754279136657715e-01,1.221869230270385742e+00,-8.102508783340454102e-01,-3.606646507978439331e-02,1.228146702051162720e-01,-1.573210597038269043e+00,-7.515220642089843750e-01,6.494374275207519531e-01,1.177426934242248535e+00,5.736669301986694336e-01,-1.831750199198722839e-02,-9.863422811031341553e-02
-5.233896151185035706e-02,-2.651057578623294830e-02,4.296051561832427979e-01,9.570019245147705078e-01,5.515537038445472717e-02,2.777146100997924805e-01,6.308603286743164062e-02,-1.925864934921264648e+00,1.689608246088027954e-01,1.352820247411727905e-01,2.041563272476196289e+00,-6.031658649444580078e-01,1.372486501932144165e-01,-1.470397949218750000e+00,-1.687093526124954224e-01,1.374378949403762817e-01,2.574461460113525391e+00,-6.878281831741333008e-01,9.700016118586063385e-03,1.381623148918151855e-01,2.581590116024017334e-01,5.388746857643127441e-01,-1.997803330421447754e+00,3.995439410209655762e-01,-3.870925605297088623e-01,1.223265409469604492e+00,-8.111451864242553711e-01,-3.651542589068412781e-02,1.196680143475532532e-01,-1.570765256881713867e+00,-7.516325712203979492e-01,6.520335078239440918e-01,1.175941228866577148e+00,5.727267861366271973e-01,-1.567384786903858185e-02,-9.747721999883651733e-02
-5.300381407141685486e-02,-2.707081660628318787e-02,4.294789433479309082e-01,9.569230079650878906e-01,5.521825700998306274e-02,2.779104709625244141e-01,6.336479634046554565e-02,-1.925019860267639160e+00,1.691127717494964600e-01,1.348449140787124634e-01,2.041904926300048828e+00,-6.043878793716430664e-01,1.379625499248504639e-01,-1.468815684318542480e+00,-1.678647994995117188e-01,1.387408226728439331e-01,2.576211214065551758e+00,-6.911723017692565918e-01,1.319850049912929535e-02,1.398960202932357788e-01,2.605863511562347412e-01,5.381264686584472656e-01,-1.996798157691955566e+00,4.003156423568725586e-01,-3.845935165882110596e-01,1.221930861473083496e+00,-8.125119209289550781e-01,-3.620743006467819214e-02,1.198275089263916016e-01,-1.565608620643615723e+00,-7.527138590812683105e-01,6.510509252548217773e-01,1.173786163330078125e+00,5.712329745292663574e-01,-1.369290519505739212e-02,-9.756493568420410156e-02
-4.697126895189285278e-02,-3.151399642229080200e-02,4.261614978313446045e-01,9.573845267295837402e-01,5.527978017926216125e-02,2.766999304294586182e-01,6.161356344819068909e-02,-1.924437522888183594e+00,1.632186174392700195e-01,1.489610224962234497e-01,2.038237571716308594e+00,-6.200400590896606445e-01,1.281794458627700806e-01,-1.441781759262084961e+00,-1.720657944679260254e-01,1.405939161777496338e-01,2.565874576568603516e+00,-6.886259317398071289e-01,2.575344406068325043e-02,1.438374817371368408e-01,2.553935647010803223e-01,5.344727039337158203e-01,-1.978580117225646973e+00,4.190504550933837891e-01,-3.754537105560302734e-01,1.230387449264526367e+00,-8.222953677177429199e-01,-2.290874719619750977e-02,1.266889721155166626e-01,-1.559891223907470703e+00,-7.497715950012207031e-01,6.660486459732055664e-01,1.178495407104492188e+00,5.853005051612854004e-01,-2.682531811296939850e-02,-7.893232256174087524e-02
-5.312307924032211304e-02,-2.789825946092605591e-02,4.290724992752075195e-01,9.571307897567749023e-01,5.509774759411811829e-02,2.773214578628540039e-01,6.291069090366363525e-02,-1.925688624382019043e+00,1.697218567132949829e-01,1.347510516643524170e-01,2.039787054061889648e+00,-6.019592285156250000e-01,1.378930956125259399e-01,-1.465395331382751465e+00,-1.684738099575042725e-01,1.412948369979858398e-01,2.575927495956420898e+00,-6.934968829154968262e-01,1.050590816885232925e-02,1.436609029769897461e-01,2.646501362323760986e-01,5.389295220375061035e-01,-2.005634307861328125e+00,4.006882905960083008e-01,-3.873231709003448486e-01,1.223990201950073242e+00,-8.178669214248657227e-01,-3.752414137125015259e-02,1.204171702265739441e-01,-1.558768630027770996e+00,-7.541394233703613281e-01,6.538934707641601562e-01,1.179866909980773926e+00,5.721697211265563965e-01,-1.307266857475042343e-02,-9.226702898740768433e-02
-5.307058244943618774e-02,-2.816041186451911926e-02,4.285321831703186035e-01,9.572811722755432129e-01,5.507112666964530945e-02,2.768833637237548828e-01,6.257471442222595215e-02,-1.928317904472351074e+00,1.683642715215682983e-01,1.332982480525970459e-01,2.040012598037719727e+00,-5.995138883590698242e-01,1.364846527576446533e-01,-1.466419100761413574e+00,-1.684526801109313965e-01,1.441057026386260986e-01,2.577538013458251953e+00,-6.917390823364257812e-01,9.544451721012592316e-03,1.466754078865051270e-01,2.657537460327148438e-01,5.387771129608154297e-01,-2.010413169860839844e+00,4.000697135925292969e-01,-3.895873725414276123e-01,1.227402567863464355e+00,-8.197160959243774414e-01,-3.636926412582397461e-02,1.182304397225379944e-01,-1.555457830429077148e+00,-7.552257776260375977e-01,6.552925705909729004e-01,1.181757569313049316e+00,5.721067190170288086e-01,-1.302352081984281540e-02,-9.149783104658126831e-02
-5.356495454907417297e-02,-2.836301922798156738e-02,4.280185997486114502e-01,9.574421048164367676e-01,5.490725114941596985e-02,2.762135565280914307e-01,6.321292370557785034e-02,-1.930368661880493164e+00,1.650688350200653076e-01,1.313533782958984375e-01,2.041413545608520508e+00,-5.985200405120849609e-01,1.352868974208831787e-01,-1.468047022819519043e+00,-1.699349135160446167e-01,1.440300047397613525e-01,2.579532146453857422e+00,-6.893882155418395996e-01,9.890874847769737244e-03,1.482967734336853027e-01,2.677348852157592773e-01,5.384542942047119141e-01,-2.011728525161743164e+00,3.997893333435058594e-01,-3.898156881332397461e-01,1.231859564781188965e+00,-8.204737901687622070e-01,-3.477209806442260742e-02,1.123518869280815125e-01,-1.552638888359069824e+00,-7.565238475799560547e-01,6.576734185218811035e-01,1.180551052093505859e+00,5.718124508857727051e-01,-1.103348564356565475e-02,-9.205712378025054932e-02
-5.447074770927429199e-02,-2.858312055468559265e-02,4.274727404117584229e-01,9.575151801109313965e-01,5.472424998879432678e-02,2.756756842136383057e-01,6.459766626358032227e-02,-1.931915283203125000e+00,1.608399450778961182e-01,1.292562037706375122e-01,2.043712377548217773e+00,-5.997062921524047852e-01,1.341918110847473145e-01,-1.468714118003845215e+00,-1.720853596925735474e-01,1.415817290544509888e-01,2.582200050354003906e+00,-6.898388862609863281e-01,1.087597757577896118e-02,1.481159329414367676e-01,2.697972059249877930e-01,5.380203127861022949e-01,-2.009721994400024414e+00,4.005976319313049316e-01,-3.868795931339263916e-01,1.236021280288696289e+00,-8.212263584136962891e-01,-3.297236189246177673e-02,1.050767749547958374e-01,-1.550874471664428711e+00,-7.574169039726257324e-01,6.603795886039733887e-01,1.178586959838867188e+00,5.713582634925842285e-01,-7.877969183027744293e-03,-9.287471324205398560e-02
-5.557582527399063110e-02,-2.892888709902763367e-02,4.267518222332000732e-01,9.574444890022277832e-01,5.471029877662658691e-02,2.756149768829345703e-01,6.590285897254943848e-02,-1.934149622917175293e+00,1.572163105010986328e-01,1.269107758998870850e-01,2.046447992324829102e+00,-6.017084717750549316e-01,1.333617419004440308e-01,-1.469462513923645020e+00,-1.734189987182617188e-01,1.409919410943984985e-01,2.586393117904663086e+00,-6.918881535530090332e-01,1.300346292555332184e-02,1.477577686309814453e-01,2.709142565727233887e-01,5.374541878700256348e-01,-2.007659912109375000e+00,4.019954502582550049e-01,-3.813290297985076904e-01,1.238346934318542480e+00,-8.216504454612731934e-01,-3.127575293183326721e-02,1.008893176913261414e-01,-1.549151539802551270e+00,-7.578495740890502930e-01,6.601648926734924316e-01,1.176379680633544922e+00,5.697287321090698242e-01,-5.311531946063041687e-03,-9.468160569667816162e-02
-5.073330923914909363e-02,-3.163273632526397705e-02,4.252618253231048584e-01,9.586319327354431152e-01,5.393844097852706909e-02,2.724673449993133545e-01,6.226548179984092712e-02,-1.927874565124511719e+00,1.521145403385162354e-01,1.399939954280853271e-01,2.046144008636474609e+00,-6.263455748558044434e-01,1.242108047008514404e-01,-1.433692336082458496e+00,-1.732753515243530273e-01,1.319326311349868774e-01,2.574971914291381836e+00,-6.931870579719543457e-01,2.212274447083473206e-02,1.496807932853698730e-01,2.644489109516143799e-01,5.344880819320678711e-01,-1.994245290756225586e+00,4.274670779705047607e-01,-3.771706223487854004e-01,1.244566679000854492e+00,-8.342886567115783691e-01,-2.148825488984584808e-02,1.087367832660675049e-01,-1.547713398933410645e+00,-7.531545758247375488e-01,6.696885824203491211e-01,1.180405020713806152e+00,5.792415142059326172e-01,-1.675324514508247375e-02,-8.577224612236022949e-02
-5.741498619318008423e-02,-2.935997024178504944e-02,4.262574613094329834e-01,9.574797749519348145e-01,5.474128946661949158e-02,2.753687798976898193e-01,6.639215350151062012e-02,-1.937120914459228516e+00,1.545659154653549194e-01,1.243194788694381714e-01,2.046173095703125000e+00,-6.017839312553405762e-01,1.321895569562911987e-01,-1.469448328018188477e+00,-1.739190816879272461e-01,1.403406858444213867e-01,2.587983846664428711e+00,-6.970181465148925781e-01,1.223762426525354385e-02,1.485977321863174438e-01,2.723566889762878418e-01,5.395639538764953613e-01,-2.013580322265625000e+00,4.061611890792846680e-01,-3.770718872547149658e-01,1.246789813041687012e+00,-8.253377676010131836e-01,-3.227856755256652832e-02,9.718623757362365723e-02,-1.550355195999145508e+00,-7.590804100036621094e-01,6.607401371002197266e-01,1.180032610893249512e+00,5.681201219558715820e-01,-4.377095028758049011e-03,-9.127838164567947388e-02
-5.775809288024902344e-02,-2.949465438723564148e-02,4.261873066425323486e-01,9.575112462043762207e-01,5.487364530563354492e-02,2.752476632595062256e-01,6.633111089468002319e-02,-1.939008355140686035e+00,1.544824838638305664e-01,1.236504018306732178e-01,2.045797348022460938e+00,-5.997611284255981445e-01,1.313733011484146118e-01,-1.470409035682678223e+00,-1.738011091947555542e-01,1.410578936338424683e-01,2.589219808578491211e+00,-6.989398598670959473e-01,1.211844757199287415e-02,1.499436348676681519e-01,2.725061178207397461e-01,5.401949286460876465e-01,-2.016153812408447266e+00,4.076278805732727051e-01,-3.769575059413909912e-01,1.250554203987121582e+00,-8.278899788856506348e-01,-3.358117863535881042e-02,9.665159881114959717e-02,-1.549173831939697266e+00,-7.611784934997558594e-01,6.614791154861450195e-01,1.179036498069763184e+00,5.664725899696350098e-01,-4.557176027446985245e-03,-9.173563867807388306e-02
-5.768661946058273315e-02,-2.940874360501766205e-02,4.262627661228179932e-01,9.576014876365661621e-01,5.482377856969833374e-02,2.748609185218811035e-01,6.667222827672958374e-02,-1.939332842826843262e+00,1.542063206434249878e-01,1.235773190855979919e-01,2.045588493347167969e+00,-5.977796316146850586e-01,1.309465020895004272e-01,-1.470725655555725098e+00,-1.740042418241500854e-01,1.396650075912475586e-01,2.590037107467651367e+00,-7.021446228027343750e-01,1.286725327372550964e-02,1.505494415760040283e-01,2.738188505172729492e-01,5.403291583061218262e-01,-2.014451265335083008e+00,4.088194668292999268e-01,-3.762829601764678955e-01,1.252543568611145020e+00,-8.316698670387268066e-01,-3.515608236193656921e-02,9.577825665473937988e-02,-1.547095417976379395e+00,-7.638137340545654297e-01,6.640298366546630859e-01,1.174453496932983398e+00,5.659849643707275391e-01,-2.463351003825664520e-03,-9.440590441226959229e-02
-5.741278082132339478e-02,-2.937084436416625977e-02,4.259698987007141113e-01,9.576163887977600098e-01,5.480697378516197205e-02,2.747481167316436768e-01,6.693617254495620728e-02,-1.940128922462463379e+00,1.540408134460449219e-01,1.236602440476417542e-01,2.046838998794555664e+00,-5.967460870742797852e-01,1.309635490179061890e-01,-1.471312403678894043e+00,-1.729590892791748047e-01,1.403717249631881714e-01,2.592397451400756836e+00,-7.050092816352844238e-01,1.476492080837488174e-02,1.519440114498138428e-01,2.748705744743347168e-01,5.394212007522583008e-01,-2.011154651641845703e+00,4.090729653835296631e-01,-3.729881942272186279e-01,1.252491831779479980e+00,-8.343278169631958008e-01,-3.624588996171951294e-02,9.774471074342727661e-02,-1.544623136520385742e+00,-7.665698528289794922e-01,6.651012897491455078e-01,1.169541716575622559e+00,5.648063421249389648e-01,-3.687110438477247953e-04,-9.817691892385482788e-02
-5.271492153406143188e-02,-3.250581771135330200e-02,4.239545762538909912e-01,9.582253098487854004e-01,5.477487668395042419e-02,2.735986709594726562e-01,6.283112615346908569e-02,-1.935990691184997559e+00,1.533654183149337769e-01,1.389139443635940552e-01,2.045388698577880859e+00,-6.185150742530822754e-01,1.245654001832008362e-01,-1.443007230758666992e+00,-1.740672588348388672e-01,1.392946690320968628e-01,2.579579114913940430e+00,-7.088155746459960938e-01,2.411151304841041565e-02,1.542700231075286865e-01,2.671076655387878418e-01,5.347231030464172363e-01,-1.997626423835754395e+00,4.295438528060913086e-01,-3.650908172130584717e-01,1.268502950668334961e+00,-8.393298387527465820e-01,-2.535129152238368988e-02,1.002778932452201843e-01,-1.542398333549499512e+00,-7.620489597320556641e-01,6.823163032531738281e-01,1.179631471633911133e+00,5.701594352722167969e-01,-1.882025040686130524e-02,-8.498369902372360229e-02
-5.793886259198188782e-02,-2.986639365553855896e-02,4.257130026817321777e-01,9.577354192733764648e-01,5.462227389216423035e-02,2.745392620563507080e-01,6.623793393373489380e-02,-1.941552758216857910e+00,1.557442396879196167e-01,1.255566775798797607e-01,2.046754598617553711e+00,-5.945546030998229980e-01,1.313296407461166382e-01,-1.473113894462585449e+00,-1.712855845689773560e-01,1.423637568950653076e-01,2.589335203170776367e+00,-7.037520408630371094e-01,1.126036420464515686e-02,1.563335955142974854e-01,2.782387733459472656e-01,5.403671860694885254e-01,-2.013313055038452148e+00,4.102415442466735840e-01,-3.696520328521728516e-01,1.256074428558349609e+00,-8.369237184524536133e-01,-3.721039742231369019e-02,1.008113324642181396e-01,-1.543600559234619141e+00,-7.716466784477233887e-01,6.692863702774047852e-01,1.172377824783325195e+00,5.677454471588134766e-01,1.150576164945960045e-03,-9.574320912361145020e-02
-5.871574580669403076e-02,-3.072221577167510986e-02,4.256515204906463623e-01,9.576595425605773926e-01,5.494460836052894592e-02,2.748196125030517578e-01,6.590466201305389404e-02,-1.943108797073364258e+00,1.564914137125015259e-01,1.257870048284530640e-01,2.046823501586914062e+00,-5.929619073867797852e-01,1.295954734086990356e-01,-1.475705146789550781e+00,-1.715105473995208740e-01,1.440079063177108765e-01,2.588756322860717773e+00,-7.002590894699096680e-01,9.485977701842784882e-03,1.585365682840347290e-01,2.789103984832763672e-01,5.404067635536193848e-01,-2.014412641525268555e+00,4.109202921390533447e-01,-3.662881255149841309e-01,1.255609750747680664e+00,-8.356052041053771973e-01,-3.455291315913200378e-02,1.008024290204048157e-01,-1.542132496833801270e+00,-7.743107676506042480e-01,6.691067218780517578e-01,1.170310020446777344e+00,5.686572194099426270e-01,1.973866252228617668e-03,-9.572934359312057495e-02
-5.962934717535972595e-02,-3.174453601241111755e-02,4.260441958904266357e-01,9.575189948081970215e-01,5.533124879002571106e-02,2.750551998615264893e-01,6.663661450147628784e-02,-1.943689942359924316e+00,1.555653065443038940e-01,1.251832246780395508e-01,2.045590639114379883e+00,-5.914060473442077637e-01,1.268811821937561035e-01,-1.477419495582580566e+00,-1.734778881072998047e-01,1.439346671104431152e-01,2.588054418563842773e+00,-6.976495981216430664e-01,8.638236671686172485e-03,1.580504328012466431e-01,2.797111272811889648e-01,5.401631593704223633e-01,-2.013238430023193359e+00,4.128851890563964844e-01,-3.626947999000549316e-01,1.252943634986877441e+00,-8.343505859375000000e-01,-3.078527003526687622e-02,1.003680974245071411e-01,-1.538956284523010254e+00,-7.762158513069152832e-01,6.692972779273986816e-01,1.163458943367004395e+00,5.670896172523498535e-01,4.973131231963634491e-03,-9.741739928722381592e-02
-6.017954275012016296e-02,-3.271472081542015076e-02,4.265800118446350098e-01,9.573814868927001953e-01,5.574145913124084473e-02,2.750338017940521240e-01,6.833697855472564697e-02,-1.942480444908142090e+00,1.529480069875717163e-01,1.244750693440437317e-01,2.043336153030395508e+00,-5.905305743217468262e-01,1.248843073844909668e-01,-1.476424694061279297e+00,-1.764717400074005127e-01,1.416276544332504272e-01,2.587187767028808594e+00,-6.980904340744018555e-01,8.775077760219573975e-03,1.554786860942840576e-01,2.814544141292572021e-01,5.393720269203186035e-01,-2.009732007980346680e+00,4.151207804679870605e-01,-3.577062785625457764e-01,1.247786641120910645e+00,-8.339572548866271973e-01,-2.808090671896934509e-02,1.025154441595077515e-01,-1.535811305046081543e+00,-7.778088450431823730e-01,6.718993782997131348e-01,1.154121875762939453e+00,5.652230978012084961e-01,9.096936322748661041e-03,-9.988640993833541870e-02
-6.017123535275459290e-02,-3.352043777704238892e-02,4.267573952674865723e-01,9.571630954742431641e-01,5.647746846079826355e-02,2.752016186714172363e-01,7.009363919496536255e-02,-1.941110014915466309e+00,1.499532759189605713e-01,1.239351928234100342e-01,2.041768074035644531e+00,-5.904143452644348145e-01,1.232073083519935608e-01,-1.474125623703002930e+00,-1.782668083906173706e-01,1.413409560918807983e-01,2.588515520095825195e+00,-7.009164094924926758e-01,1.039456017315387726e-02,1.541641503572463989e-01,2.829787731170654297e-01,5.374569892883300781e-01,-2.005589246749877930e+00,4.154354631900787354e-01,-3.520382046699523926e-01,1.240654587745666504e+00,-8.337867856025695801e-01,-2.635056897997856140e-02,1.092357039451599121e-01,-1.532320618629455566e+00,-7.800580859184265137e-01,6.733924746513366699e-01,1.144667506217956543e+00,5.627588629722595215e-01,1.129558496177196503e-02,-1.037299409508705139e-01
-5.348241329193115234e-02,-3.510283678770065308e-02,4.252887666225433350e-01,9.581727385520935059e-01,5.727042630314826965e-02,2.725622653961181641e-01,6.583984941244125366e-02,-1.930688738822937012e+00,1.487094014883041382e-01,1.415122002363204956e-01,2.036878108978271484e+00,-6.115940213203430176e-01,1.121039465069770813e-01,-1.434017777442932129e+00,-1.782458722591400146e-01,1.425565928220748901e-01,2.569910287857055664e+00,-7.088447213172912598e-01,2.341147139668464661e-02,1.559627205133438110e-01,2.764122188091278076e-01,5.311745405197143555e-01,-1.985024452209472656e+00,4.332330226898193359e-01,-3.477280437946319580e-01,1.251837491989135742e+00,-8.443962335586547852e-01,-9.239492006599903107e-03,1.260082423686981201e-01,-1.521497130393981934e+00,-7.710227966308593750e-01,6.881166100502014160e-01,1.154183864593505859e+00,5.722446441650390625e-01,-9.888361208140850067e-03,-8.971983939409255981e-02
-5.922395735979080200e-02,-3.438425436615943909e-02,4.275341331958770752e-01,9.571375846862792969e-01,5.805566906929016113e-02,2.747448980808258057e-01,7.093960791826248169e-02,-1.935171484947204590e+00,1.483100354671478271e-01,1.279868036508560181e-01,2.036976099014282227e+00,-5.902982354164123535e-01,1.225918978452682495e-01,-1.468653082847595215e+00,-1.790855675935745239e-01,1.404624283313751221e-01,2.583219766616821289e+00,-7.038174271583557129e-01,6.581968162208795547e-03,1.582221537828445435e-01,2.874517440795898438e-01,5.376288294792175293e-01,-2.006405830383300781e+00,4.122520387172698975e-01,-3.517366945743560791e-01,1.234633445739746094e+00,-8.355210423469543457e-01,-3.015144355595111847e-02,1.194335371255874634e-01,-1.528005957603454590e+00,-7.863301038742065430e-01,6.791362166404724121e-01,1.139668941497802734e+00,5.625372529029846191e-01,1.307272259145975113e-02,-1.015166491270065308e-01
-5.841078981757164001e-02,-3.476933017373085022e-02,4.279365837574005127e-01,9.571332931518554688e-01,5.895091965794563293e-02,2.747184038162231445e-01,7.035901397466659546e-02,-1.933198809623718262e+00,1.491588801145553589e-01,1.295187175273895264e-01,2.035826206207275391e+00,-5.900199413299560547e-01,1.217837855219841003e-01,-1.468000411987304688e+00,-1.780190765857696533e-01,1.416414082050323486e-01,2.582243680953979492e+00,-7.030323147773742676e-01,4.933263175189495087e-03,1.620530635118484497e-01,2.879420816898345947e-01,5.377954244613647461e-01,-2.005150079727172852e+00,4.095255434513092041e-01,-3.513767421245574951e-01,1.232632040977478027e+00,-8.350799083709716797e-01,-3.030665218830108643e-02,1.201168149709701538e-01,-1.525409936904907227e+00,-7.887486815452575684e-01,6.809133887290954590e-01,1.137440562248229980e+00,5.607302188873291016e-01,1.374000217765569687e-02,-1.002767160534858704e-01
-5.770123377442359924e-02,-3.518615290522575378e-02,4.283365309238433838e-01,9.570746421813964844e-01,5.957886576652526855e-02,2.747945189476013184e-01,7.033035904169082642e-02,-1.931607723236083984e+00,1.496152281761169434e-01,1.301019638776779175e-01,2.035162687301635742e+00,-5.910437703132629395e-01,1.209921464323997498e-01,-1.468271374702453613e+00,-1.786146610975265503e-01,1.408271044492721558e-01,2.581941843032836914e+00,-7.013734579086303711e-01,3.763510612770915031e-03,1.639167070388793945e-01,2.889533042907714844e-01,5.382418632507324219e-01,-2.000350713729858398e+00,4.075414836406707764e-01,-3.494784832000732422e-01,1.229767918586730957e+00,-8.342238068580627441e-01,-2.887791022658348083e-02,1.174237802624702454e-01,-1.521958589553833008e+00,-7.907531261444091797e-01,6.835645437240600586e-01,1.133257269859313965e+00,5.579288005828857422e-01,1.570977270603179932e-02,-1.003112196922302246e-01
-5.710266903042793274e-02,-3.548138961195945740e-02,4.285159111022949219e-01,9.569010138511657715e-01,5.986509099602699280e-02,2.751655578613281250e-01,7.099678367376327515e-02,-1.930246233940124512e+00,1.491699218750000000e-01,1.303326487541198730e-01,2.034463405609130859e+00,-5.934678912162780762e-01,1.211827993392944336e-01,-1.467807292938232422e+00,-1.798574477434158325e-01,1.383534371852874756e-01,2.581636905670166016e+00,-7.013775110244750977e-01,3.378210589289665222e-03,1.637270450592041016e-01,2.903308868408203125e-01,5.386056303977966309e-01,-1.992787718772888184e+00,4.061750471591949463e-01,-3.456874489784240723e-01,1.223684191703796387e+00,-8.321877121925354004e-01,-2.742944099009037018e-02,1.163247078657150269e-01,-1.518633365631103516e+00,-7.924739122390747070e-01,6.879437565803527832e-01,1.127966642379760742e+00,5.545388460159301758e-01,1.802173256874084473e-02,-1.007024347782135010e-01
-5.653496086597442627e-02,-3.590194135904312134e-02,4.282530248165130615e-01,9.565449953079223633e-01,6.018662080168724060e-02,2.761509120464324951e-01,7.169318199157714844e-02,-1.930088877677917480e+00,1.485447138547897339e-01,1.304044723510742188e-01,2.034174442291259766e+00,-5.957448482513427734e-01,1.220855265855789185e-01,-1.467643857002258301e+00,-1.797818541526794434e-01,1.380556970834732056e-01,2.583389759063720703e+00,-7.025657892227172852e-01,4.393762908875942230e-03,1.646758764982223511e-01,2.909632027149200439e-01,5.380350351333618164e-01,-1.986057758331298828e+00,4.037503898143768311e-01,-3.395408391952514648e-01,1.215177178382873535e+00,-8.280873894691467285e-01,-2.614611200988292694e-02,1.203638538718223572e-01,-1.515473723411560059e+00,-7.943518161773681641e-01,6.902297735214233398e-01,1.122517466545104980e+00,5.504279136657714844e-01,1.882522739470005035e-02,-1.026107594370841980e-01
-5.054526031017303467e-02,-3.790184110403060913e-02,4.262634813785552979e-01,9.569563269615173340e-01,6.007061526179313660e-02,2.759062945842742920e-01,6.709499657154083252e-02,-1.927780866622924805e+00,1.489796489477157593e-01,1.463929265737533569e-01,2.030636310577392578e+00,-6.131218671798706055e-01,1.128914505243301392e-01,-1.443888664245605469e+00,-1.816809475421905518e-01,1.426159739494323730e-01,2.570747137069702148e+00,-7.012894153594970703e-01,1.835312880575656891e-02,1.679757684469223022e-01,2.822903990745544434e-01,5.344095230102539062e-01,-1.963882207870483398e+00,4.178741574287414551e-01,-3.388226032257080078e-01,1.221541762351989746e+00,-8.340563178062438965e-01,-1.533433236181735992e-02,1.394546329975128174e-01,-1.507357001304626465e+00,-7.913942933082580566e-01,7.001048922538757324e-01,1.121370911598205566e+00,5.589364767074584961e-01,3.782753134146332741e-03,-8.418180048465728760e-02
-5.568237602710723877e-02,-3.666035830974578857e-02,4.283916652202606201e-01,9.559277296066284180e-01,6.075970456004142761e-02,2.780767381191253662e-01,7.199846953153610229e-02,-1.929857373237609863e+00,1.475404649972915649e-01,1.343451142311096191e-01,2.030013322830200195e+00,-5.957826375961303711e-01,1.243479251861572266e-01,-1.467619657516479492e+00,-1.794723719358444214e-01,1.348490566015243530e-01,2.579532861709594727e+00,-7.042015790939331055e-01,-1.400309032760560513e-03,1.700432896614074707e-01,2.943388819694519043e-01,5.392942428588867188e-01,-1.983274459838867188e+00,3.983328640460968018e-01,-3.358445167541503906e-01,1.208037853240966797e+00,-8.211387395858764648e-01,-3.005191124975681305e-02,1.285732388496398926e-01,-1.515666842460632324e+00,-7.973015904426574707e-01,7.024867534637451172e-01,1.125310301780700684e+00,5.487556457519531250e-01,1.992375217378139496e-02,-1.007332950830459595e-01
-5.522084981203079224e-02,-3.699911758303642273e-02,4.290815293788909912e-01,9.555367827415466309e-01,6.112122908234596252e-02,2.793170213699340820e-01,7.208109647035598755e-02,-1.929566979408264160e+00,1.477449983358383179e-01,1.358534097671508789e-01,2.027561664581298828e+00,-5.949344038963317871e-01,1.241137087345123291e-01,-1.469676971435546875e+00,-1.787326633930206299e-01,1.344675570726394653e-01,2.577009439468383789e+00,-7.027204036712646484e-01,-2.985814586281776428e-03,1.734795868396759033e-01,2.955048978328704834e-01,5.396803617477416992e-01,-1.982059597969055176e+00,3.954865336418151855e-01,-3.338694274425506592e-01,1.205454468727111816e+00,-8.191594481468200684e-01,-3.092217072844505310e-02,1.307158470153808594e-01,-1.513871073722839355e+00,-7.988343834877014160e-01,7.064045071601867676e-01,1.124897480010986328e+00,5.479419827461242676e-01,2.103011123836040497e-02,-1.028972119092941284e-01
-5.456522107124328613e-02,-3.702335059642791748e-02,4.300751686096191406e-01,9.551883935928344727e-01,6.132561340928077698e-02,2.803140878677368164e-01,7.265208661556243896e-02,-1.927846908569335938e+00,1.478377133607864380e-01,1.362052410840988159e-01,2.024804830551147461e+00,-5.947211980819702148e-01,1.230911090970039368e-01,-1.471372842788696289e+00,-1.786668300628662109e-01,1.324916034936904907e-01,2.573729276657104492e+00,-7.017651200294494629e-01,-3.142268862575292587e-03,1.744234859943389893e-01,2.968244552612304688e-01,5.404315590858459473e-01,-1.978015899658203125e+00,3.935980796813964844e-01,-3.315685987472534180e-01,1.200809121131896973e+00,-8.192711472511291504e-01,-3.059535101056098938e-02,1.310757696628570557e-01,-1.509952902793884277e+00,-7.998496890068054199e-01,7.095726728439331055e-01,1.122068762779235840e+00,5.471414923667907715e-01,2.345207892358303070e-02,-1.071124598383903503e-01
-5.374322086572647095e-02,-3.698319941759109497e-02,4.307628870010375977e-01,9.548198580741882324e-01,6.146864593029022217e-02,2.813413143157958984e-01,7.340215146541595459e-02,-1.926331520080566406e+00,1.477365195751190186e-01,1.355328708887100220e-01,2.022630691528320312e+00,-5.953667163848876953e-01,1.218952983617782593e-01,-1.473051786422729492e+00,-1.777353882789611816e-01,1.331377625465393066e-01,2.571578025817871094e+00,-7.008962035179138184e-01,-1.891151332529261708e-04,1.744941920042037964e-01,2.975015640258789062e-01,5.405163168907165527e-01,-1.972467184066772461e+00,3.909579515457153320e-01,-3.271778523921966553e-01,1.193506479263305664e+00,-8.207969069480895996e-01,-2.854626253247261047e-02,1.337878406047821045e-01,-1.505261421203613281e+00,-8.008832931518554688e-01,7.106062769889831543e-01,1.118271231651306152e+00,5.461258888244628906e-01,2.539864555001258850e-02,-1.119997203350067139e-01
-4.817238450050354004e-02,-3.970336914062500000e-02,4.309284090995788574e-01,9.554367065429687500e-01,6.056121364235877991e-02,2.803605198860168457e-01,6.979294866323471069e-02,-1.919585943222045898e+00,1.465822458267211914e-01,1.453705579042434692e-01,2.015030384063720703e+00,-6.120281815528869629e-01,1.119278892874717712e-01,-1.445262074470520020e+00,-1.798385381698608398e-01,1.373495012521743774e-01,2.547243595123291016e+00,-7.044237256050109863e-01,1.929325237870216370e-02,1.793839633464813232e-01,2.925190031528472900e-01,5.378633141517639160e-01,-1.955228805541992188e+00,4.044377803802490234e-01,-3.154990673065185547e-01,1.195816755294799805e+00,-8.264070153236389160e-01,-9.281620383262634277e-03,1.510264128446578979e-01,-1.500443696975708008e+00,-7.987855672836303711e-01,7.165991067886352539e-01,1.112761616706848145e+00,5.504934191703796387e-01,7.587107364088296890e-03,-1.028667464852333069e-01
-5.210714787244796753e-02,-3.713979944586753845e-02,4.319826960563659668e-01,9.543582797050476074e-01,6.174782291054725647e-02,2.828334569931030273e-01,7.343534380197525024e-02,-1.922808885574340820e+00,1.486184597015380859e-01,1.376628875732421875e-01,2.016060829162597656e+00,-5.941700339317321777e-01,1.235944628715515137e-01,-1.472133159637451172e+00,-1.770568192005157471e-01,1.330489963293075562e-01,2.561296939849853516e+00,-7.008433341979980469e-01,1.477874466218054295e-03,1.764381825923919678e-01,3.002262115478515625e-01,5.439670681953430176e-01,-1.967118501663208008e+00,3.855801820755004883e-01,-3.231879174709320068e-01,1.184141993522644043e+00,-8.234991431236267090e-01,-2.570967376232147217e-02,1.403989642858505249e-01,-1.506335139274597168e+00,-8.018995523452758789e-01,7.211747765541076660e-01,1.119668483734130859e+00,5.458512306213378906e-01,2.851906605064868927e-02,-1.118021532893180847e-01
-5.138224735856056213e-02,-3.764190897345542908e-02,4.325176179409027100e-01,9.540636539459228516e-01,6.239027902483940125e-02,2.836822569370269775e-01,7.344654202461242676e-02,-1.921969771385192871e+00,1.487466245889663696e-01,1.398154050111770630e-01,2.013846874237060547e+00,-5.928407907485961914e-01,1.252016574144363403e-01,-1.471812248229980469e+00,-1.783713102340698242e-01,1.341204941272735596e-01,2.558632373809814453e+00,-6.999230980873107910e-01,2.534378319978713989e-03,1.790829449892044067e-01,3.006217777729034424e-01,5.450032949447631836e-01,-1.963455438613891602e+00,3.824828863143920898e-01,-3.206472694873809814e-01,1.178808927536010742e+00,-8.230552077293395996e-01,-2.513348683714866638e-02,1.436560302972793579e-01,-1.507181048393249512e+00,-8.026503920555114746e-01,7.247515320777893066e-01,1.116819977760314941e+00,5.426314473152160645e-01,2.957940474152565002e-02,-1.116815730929374695e-01
-5.101359635591506958e-02,-3.815019130706787109e-02,4.332956075668334961e-01,9.537389278411865234e-01,6.307517737150192261e-02,2.844559848308563232e-01,7.408349961042404175e-02,-1.921092391014099121e+00,1.481394469738006592e-01,1.412080973386764526e-01,2.011771917343139648e+00,-5.918287634849548340e-01,1.261971890926361084e-01,-1.470886707305908203e+00,-1.816673576831817627e-01,1.338738650083541870e-01,2.556632041931152344e+00,-6.988970637321472168e-01,3.578894073143601418e-03,1.803080886602401733e-01,3.010753989219665527e-01,5.454612374305725098e-01,-1.957609891891479492e+00,3.799940645694732666e-01,-3.173963427543640137e-01,1.172723054885864258e+00,-8.231793045997619629e-01,-2.501600608229637146e-02,1.456069350242614746e-01,-1.506904125213623047e+00,-8.025040030479431152e-01,7.270382046699523926e-01,1.112835764884948730e+00,5.382311344146728516e-01,3.144742175936698914e-02,-1.118365377187728882e-01
-5.104732885956764221e-02,-3.847721964120864868e-02,4.341585338115692139e-01,9.533975720405578613e-01,6.362554430961608887e-02,2.851613759994506836e-01,7.528512179851531982e-02,-1.919787168502807617e+00,1.471692919731140137e-01,1.419715732336044312e-01,2.009522676467895508e+00,-5.918409824371337891e-01,1.263279765844345093e-01,-1.468847751617431641e+00,-1.852191686630249023e-01,1.322104632854461670e-01,2.554940462112426758e+00,-6.993767619132995605e-01,4.767952952533960342e-03,1.799245476722717285e-01,3.018833398818969727e-01,5.453988313674926758e-01,-1.950800299644470215e+00,3.778174221515655518e-01,-3.141691684722900391e-01,1.165387272834777832e+00,-8.234385848045349121e-01,-2.503801323473453522e-02,1.460810452699661255e-01,-1.504171252250671387e+00,-8.013976812362670898e-01,7.274019718170166016e-01,1.109045624732971191e+00,5.345697999000549316e-01,3.390834853053092957e-02,-1.132713183760643005e-01
-5.123977363109588623e-02,-3.866951540112495422e-02,4.346394538879394531e-01,9.530145525932312012e-01,6.409866362810134888e-02,2.860284149646759033e-01,7.643558084964752197e-02,-1.919375061988830566e+00,1.458635479211807251e-01,1.420017182826995850e-01,2.008807182312011719e+00,-5.933111906051635742e-01,1.256265193223953247e-01,-1.466432094573974609e+00,-1.872387230396270752e-01,1.321136057376861572e-01,2.555125713348388672e+00,-6.997336149215698242e-01,6.839224603027105331e-03,1.800900250673294067e-01,3.020393848419189453e-01,5.443331599235534668e-01,-1.944957852363586426e+00,3.749128878116607666e-01,-3.096122145652770996e-01,1.155947208404541016e+00,-8.235937356948852539e-01,-2.390640228986740112e-02,1.483453512191772461e-01,-1.499976038932800293e+00,-7.998682260513305664e-01,7.242674827575683594e-01,1.106308937072753906e+00,5.310451984405517578e-01,3.533279523253440857e-02,-1.167929396033287048e-01
-4.655949026346206665e-02,-4.078147932887077332e-02,4.331580400466918945e-01,9.538531303405761719e-01,6.368707120418548584e-02,2.844470441341400146e-01,7.209707796573638916e-02,-1.912105202674865723e+00,1.485584378242492676e-01,1.577419787645339966e-01,2.005379438400268555e+00,-6.110087037086486816e-01,1.173985973000526428e-01,-1.432418346405029297e+00,-1.838124394416809082e-01,1.300897449254989624e-01,2.535774707794189453e+00,-7.012900114059448242e-01,2.314084768295288086e-02,1.826044619083404541e-01,2.956709563732147217e-01,5.388469099998474121e-01,-1.925790190696716309e+00,3.931292295455932617e-01,-2.910273671150207520e-01,1.160929322242736816e+00,-8.186064362525939941e-01,-5.007238127291202545e-03,1.555883437395095825e-01,-1.491196155548095703e+00,-7.916071414947509766e-01,7.308919429779052734e-01,1.114010453224182129e+00,5.407562255859375000e-01,1.746077835559844971e-02,-9.609048068523406982e-02
-5.137776583433151245e-02,-3.781453520059585571e-02,4.355026781558990479e-01,9.528144598007202148e-01,6.385380774736404419e-02,2.867000699043273926e-01,7.661771774291992188e-02,-1.916467666625976562e+00,1.449773609638214111e-01,1.439896076917648315e-01,2.006630897521972656e+00,-5.966085791587829590e-01,1.260775476694107056e-01,-1.459830284118652344e+00,-1.864248067140579224e-01,1.285820305347442627e-01,2.549315690994262695e+00,-7.015237212181091309e-01,4.562751390039920807e-03,1.828074008226394653e-01,3.052082955837249756e-01,5.462785959243774414e-01,-1.941849827766418457e+00,3.690537512302398682e-01,-3.071125149726867676e-01,1.142458915710449219e+00,-8.216017484664916992e-01,-2.361155487596988678e-02,1.527929455041885376e-01,-1.498916745185852051e+00,-7.954026460647583008e-01,7.240802645683288574e-01,1.115814089775085449e+00,5.283624529838562012e-01,3.980078548192977905e-02,-1.140233799815177917e-01
-5.081112682819366455e-02,-3.695223480463027954e-02,4.357009530067443848e-01,9.528084397315979004e-01,6.346404552459716797e-02,2.869645059108734131e-01,7.602504640817642212e-02,-1.915519118309020996e+00,1.449894011020660400e-01,1.443385034799575806e-01,2.007404327392578125e+00,-5.988505482673645020e-01,1.268863976001739502e-01,-1.458392262458801270e+00,-1.831771433353424072e-01,1.288706511259078979e-01,2.548229217529296875e+00,-7.018343806266784668e-01,4.980303812772035599e-03,1.866088807582855225e-01,3.063971102237701416e-01,5.470581650733947754e-01,-1.940812349319458008e+00,3.649138510227203369e-01,-3.052135407924652100e-01,1.135667085647583008e+00,-8.189220428466796875e-01,-2.324698306620121002e-02,1.555865406990051270e-01,-1.500314831733703613e+00,-7.935565710067749023e-01,7.234278321266174316e-01,1.119780778884887695e+00,5.244767665863037109e-01,4.262466728687286377e-02,-1.111697107553482056e-01
-5.006062239408493042e-02,-3.581336513161659241e-02,4.358510673046112061e-01,9.528540968894958496e-01,6.295336037874221802e-02,2.870246171951293945e-01,7.564960420131683350e-02,-1.914841294288635254e+00,1.444380581378936768e-01,1.434186100959777832e-01,2.009588718414306641e+00,-6.018678545951843262e-01,1.275811046361923218e-01,-1.457796216011047363e+00,-1.806997358798980713e-01,1.294220238924026489e-01,2.548151493072509766e+00,-7.024838924407958984e-01,6.903457920998334885e-03,1.905806809663772583e-01,3.081807792186737061e-01,5.477628707885742188e-01,-1.939352869987487793e+00,3.605311810970306396e-01,-3.032640814781188965e-01,1.130096077919006348e+00,-8.173244595527648926e-01,-2.324445359408855438e-02,1.573256999254226685e-01,-1.502653479576110840e+00,-7.919731140136718750e-01,7.243136763572692871e-01,1.121866226196289062e+00,5.201508998870849609e-01,4.677594453096389771e-02,-1.089979559183120728e-01
-4.944248497486114502e-02,-3.478392213582992554e-02,4.358698129653930664e-01,9.529052972793579102e-01,6.230091676115989685e-02,2.870054543018341064e-01,7.561686635017395020e-02,-1.914058923721313477e+00,1.437803804874420166e-01,1.416934579610824585e-01,2.012732744216918945e+00,-6.052479743957519531e-01,1.286508888006210327e-01,-1.456878185272216797e+00,-1.797419190406799316e-01,1.289615929126739502e-01,2.548978328704833984e+00,-7.043652534484863281e-01,9.609494358301162720e-03,1.941353380680084229e-01,3.109739124774932861e-01,5.485844612121582031e-01,-1.937659978866577148e+00,3.566876649856567383e-01,-3.013262450695037842e-01,1.124313235282897949e+00,-8.179705739021301270e-01,-2.389289252460002899e-02,1.583404392004013062e-01,-1.505536437034606934e+00,-7.901763319969177246e-01,7.279680967330932617e-01,1.122185826301574707e+00,5.170422792434692383e-01,5.181260034441947937e-02,-1.092885583639144897e-01
-4.915972426533699036e-02,-3.399357199668884277e-02,4.355890452861785889e-01,9.528636932373046875e-01,6.159308925271034241e-02,2.872839272022247314e-01,7.566335797309875488e-02,-1.914161324501037598e+00,1.433890759944915771e-01,1.393962353467941284e-01,2.016651153564453125e+00,-6.085381507873535156e-01,1.296304017305374146e-01,-1.454889655113220215e+00,-1.792340725660324097e-01,1.301985830068588257e-01,2.551341533660888672e+00,-7.060240507125854492e-01,1.297204475849866867e-02,1.978363543748855591e-01,3.131183683872222900e-01,5.485315322875976562e-01,-1.937108874320983887e+00,3.527995049953460693e-01,-2.979091703891754150e-01,1.117384910583496094e+00,-8.199514150619506836e-01,-2.421745844185352325e-02,1.612935364246368408e-01,-1.507058620452880859e+00,-7.880573272705078125e-01,7.310355901718139648e-01,1.122898340225219727e+00,5.162574052810668945e-01,5.466872453689575195e-02,-1.128052547574043274e-01
-4.208323359489440918e-02,-3.545912355184555054e-02,4.345566630363464355e-01,9.532916545867919922e-01,6.032461300492286682e-02,2.874068915843963623e-01,7.066313922405242920e-02,-1.908035993576049805e+00,1.515576243400573730e-01,1.541882455348968506e-01,2.017620563507080078e+00,-6.317877769470214844e-01,1.208669841289520264e-01,-1.424823164939880371e+00,-1.745861470699310303e-01,1.299517601728439331e-01,2.529030323028564453e+00,-7.048361301422119141e-01,2.607136219739913940e-02,2.004253119230270386e-01,3.061603605747222900e-01,5.449579954147338867e-01,-1.933202147483825684e+00,3.746844828128814697e-01,-2.805010676383972168e-01,1.128303885459899902e+00,-8.210686445236206055e-01,-5.202380474656820297e-03,1.692756861448287964e-01,-1.506132960319519043e+00,-7.794411778450012207e-01,7.451750040054321289e-01,1.138072371482849121e+00,5.206947922706604004e-01,4.414644837379455566e-02,-9.731094539165496826e-02
-4.996317252516746521e-02,-3.249750286340713501e-02,4.355810284614562988e-01,9.528599381446838379e-01,5.993188172578811646e-02,2.877619266510009766e-01,7.522759586572647095e-02,-1.913732409477233887e+00,1.449367702007293701e-01,1.395729482173919678e-01,2.019527673721313477e+00,-6.113395094871520996e-01,1.317874044179916382e-01,-1.448400735855102539e+00,-1.790299564599990845e-01,1.306837797164916992e-01,2.547266960144042969e+00,-7.045418024063110352e-01,1.081012096256017685e-02,2.050491720438003540e-01,3.183301091194152832e-01,5.513470172882080078e-01,-1.947532892227172852e+00,3.484302163124084473e-01,-2.989621758460998535e-01,1.116621375083923340e+00,-8.246446251869201660e-01,-2.691645547747612000e-02,1.644107252359390259e-01,-1.514897823333740234e+00,-7.847860455513000488e-01,7.417662143707275391e-01,1.139723062515258789e+00,5.259231328964233398e-01,5.588150396943092346e-02,-1.131960898637771606e-01
-5.015308037400245667e-02,-3.200097754597663879e-02,4.357554316520690918e-01,9.527304172515869141e-01,5.941411852836608887e-02,2.882663607597351074e-01,7.534721493721008301e-02,-1.913693428039550781e+00,1.444601267576217651e-01,1.407353430986404419e-01,2.020031690597534180e+00,-6.119455099105834961e-01,1.320431083440780640e-01,-1.447031497955322266e+00,-1.783197969198226929e-01,1.322602778673171997e-01,2.546414375305175781e+00,-7.034476399421691895e-01,9.775190614163875580e-03,2.074050009250640869e-01,3.187243342399597168e-01,5.521076321601867676e-01,-1.953029513359069824e+00,3.468632400035858154e-01,-3.002313077449798584e-01,1.119170188903808594e+00,-8.250217437744140625e-01,-2.648052014410495758e-02,1.652675569057464600e-01,-1.518248319625854492e+00,-7.825604081153869629e-01,7.444187402725219727e-01,1.146300196647644043e+00,5.297233462333679199e-01,5.694801360368728638e-02,-1.144015491008758545e-01
-5.000317096710205078e-02,-3.168012946844100952e-02,4.359885156154632568e-01,9.525729417800903320e-01,5.902838334441184998e-02,2.886286973953247070e-01,7.624955475330352783e-02,-1.912644386291503906e+00,1.422445476055145264e-01,1.425094753503799438e-01,2.020689010620117188e+00,-6.132773160934448242e-01,1.320729255676269531e-01,-1.446276187896728516e+00,-1.783581525087356567e-01,1.314378529787063599e-01,2.546436786651611328e+00,-7.036221027374267578e-01,9.956324473023414612e-03,2.077582031488418579e-01,3.193424940109252930e-01,5.526888966560363770e-01,-1.956652760505676270e+00,3.458157479763031006e-01,-3.020124733448028564e-01,1.123315215110778809e+00,-8.252891898155212402e-01,-2.567367628216743469e-02,1.640713661909103394e-01,-1.520643472671508789e+00,-7.795225977897644043e-01,7.471500635147094727e-01,1.148980736732482910e+00,5.304247140884399414e-01,6.117433309555053711e-02,-1.157466694712638855e-01
-4.945043474435806274e-02,-3.141152858734130859e-02,4.357270002365112305e-01,9.522783160209655762e-01,5.878987908363342285e-02,2.893248200416564941e-01,7.746560126543045044e-02,-1.912532210350036621e+00,1.393128931522369385e-01,1.437020301818847656e-01,2.022185802459716797e+00,-6.156958937644958496e-01,1.321588158607482910e-01,-1.446125626564025879e+00,-1.783634126186370850e-01,1.316293179988861084e-01,2.549348354339599609e+00,-7.034541368484497070e-01,1.266936771571636200e-02,2.085126638412475586e-01,3.194886445999145508e-01,5.522007346153259277e-01,-1.959355831146240234e+00,3.435690104961395264e-01,-3.009119629859924316e-01,1.125631093978881836e+00,-8.253742456436157227e-01,-2.406379580497741699e-02,1.650920659303665161e-01,-1.521234869956970215e+00,-7.767393589019775391e-01,7.482359409332275391e-01,1.149272918701171875e+00,5.293344259262084961e-01,6.564346700906753540e-02,-1.181332245469093323e-01
-4.116880893707275391e-02,-3.178597986698150635e-02,4.337868988513946533e-01,9.526858925819396973e-01,5.830429494380950928e-02,2.893554568290710449e-01,7.255164533853530884e-02,-1.909667253494262695e+00,1.382064819335937500e-01,1.620564162731170654e-01,2.026511430740356445e+00,-6.392973661422729492e-01,1.226167455315589905e-01,-1.417348504066467285e+00,-1.803753226995468140e-01,1.328599303960800171e-01,2.532612800598144531e+00,-7.107717990875244141e-01,2.627300471067428589e-02,2.071977406740188599e-01,3.097790479660034180e-01,5.463139414787292480e-01,-1.946086168289184570e+00,3.638531565666198730e-01,-2.845496833324432373e-01,1.139270782470703125e+00,-8.327253460884094238e-01,-8.943075314164161682e-03,1.739307492971420288e-01,-1.520451307296752930e+00,-7.637247443199157715e-01,7.656641602516174316e-01,1.152197480201721191e+00,5.353460311889648438e-01,5.543592572212219238e-02,-1.100353524088859558e-01
-4.856213927268981934e-02,-2.959830872714519501e-02,4.357644021511077881e-01,9.519736766815185547e-01,5.760859325528144836e-02,2.901691496372222900e-01,7.892543077468872070e-02,-1.910921931266784668e+00,1.355979591608047485e-01,1.476993858814239502e-01,2.020659446716308594e+00,-6.200629472732543945e-01,1.311244964599609375e-01,-1.443510055541992188e+00,-1.792763769626617432e-01,1.307394206523895264e-01,2.545916318893432617e+00,-6.982350945472717285e-01,1.292785257101058960e-02,2.140648812055587769e-01,3.237653672695159912e-01,5.536043643951416016e-01,-1.973436594009399414e+00,3.392734527587890625e-01,-3.004308342933654785e-01,1.133269071578979492e+00,-8.258002400398254395e-01,-2.444766089320182800e-02,1.717061698436737061e-01,-1.526052832603454590e+00,-7.748938798904418945e-01,7.616943717002868652e-01,1.160477638244628906e+00,5.327606797218322754e-01,7.391931116580963135e-02,-1.134225800633430481e-01
-4.849813878536224365e-02,-2.842894382774829865e-02,4.355221092700958252e-01,9.517331123352050781e-01,5.710831657052040100e-02,2.909718453884124756e-01,7.923465967178344727e-02,-1.912325263023376465e+00,1.337826251983642578e-01,1.491025686264038086e-01,2.021335124969482422e+00,-6.211078763008117676e-01,1.298178285360336304e-01,-1.445271253585815430e+00,-1.796188056468963623e-01,1.335576772689819336e-01,2.545991182327270508e+00,-6.921960711479187012e-01,1.228203251957893372e-02,2.185757011175155640e-01,3.244687914848327637e-01,5.533939003944396973e-01,-1.981784939765930176e+00,3.373774290084838867e-01,-2.997271716594696045e-01,1.135421752929687500e+00,-8.250097632408142090e-01,-2.336698397994041443e-02,1.740867048501968384e-01,-1.530391693115234375e+00,-7.758893966674804688e-01,7.704294919967651367e-01,1.165974974632263184e+00,5.355958938598632812e-01,7.622706145048141479e-02,-1.131370365619659424e-01
-4.854195564985275269e-02,-2.735781669616699219e-02,4.355362057685852051e-01,9.514812827110290527e-01,5.658969655632972717e-02,2.917097210884094238e-01,7.991480082273483276e-02,-1.913581848144531250e+00,1.313028484582901001e-01,1.501014679670333862e-01,2.021771192550659180e+00,-6.215249300003051758e-01,1.290016174316406250e-01,-1.447449207305908203e+00,-1.806007325649261475e-01,1.348624974489212036e-01,2.546361207962036133e+00,-6.864034533500671387e-01,1.154579408466815948e-02,2.215995043516159058e-01,3.248933255672454834e-01,5.531205534934997559e-01,-1.987247586250305176e+00,3.366322219371795654e-01,-2.985067963600158691e-01,1.135333180427551270e+00,-8.226310014724731445e-01,-2.237983234226703644e-02,1.748825758695602417e-01,-1.535471916198730469e+00,-7.767510414123535156e-01,7.798425555229187012e-01,1.169452548027038574e+00,5.368013978004455566e-01,7.912135869264602661e-02,-1.143519505858421326e-01
-4.844622313976287842e-02,-2.670875936746597290e-02,4.357215464115142822e-01,9.512858986854553223e-01,5.611631646752357483e-02,2.920922935009002686e-01,8.116713911294937134e-02,-1.913363337516784668e+00,1.283827722072601318e-01,1.510243415832519531e-01,2.021731615066528320e+00,-6.225644350051879883e-01,1.292414218187332153e-01,-1.448189854621887207e+00,-1.812071353197097778e-01,1.337409615516662598e-01,2.546844005584716797e+00,-6.842908859252929688e-01,1.186039298772811890e-02,2.222848683595657349e-01,3.259318768978118896e-01,5.529553294181823730e-01,-1.987877964973449707e+00,3.364043533802032471e-01,-2.952611744403839111e-01,1.131216168403625488e+00,-8.207879662513732910e-01,-2.186919748783111572e-02,1.753103137016296387e-01,-1.540667891502380371e+00,-7.766989469528198242e-01,7.898530960083007812e-01,1.171277761459350586e+00,5.364302396774291992e-01,8.310866355895996094e-02,-1.156738400459289551e-01
-4.794852435588836670e-02,-2.675187960267066956e-02,4.355653524398803711e-01,9.510237574577331543e-01,5.574095249176025391e-02,2.926177084445953369e-01,8.259293437004089355e-02,-1.913883805274963379e+00,1.251384615898132324e-01,1.507228314876556396e-01,2.022655725479125977e+00,-6.240237355232238770e-01,1.303147524595260620e-01,-1.447639465332031250e+00,-1.800685673952102661e-01,1.332096308469772339e-01,2.549593925476074219e+00,-6.848948001861572266e-01,1.479243021458387375e-02,2.227394133806228638e-01,3.270345330238342285e-01,5.521797537803649902e-01,-1.986233353614807129e+00,3.349042832851409912e-01,-2.893939614295959473e-01,1.123157858848571777e+00,-8.189722299575805664e-01,-2.140526659786701202e-02,1.792891621589660645e-01,-1.543949484825134277e+00,-7.758618593215942383e-01,7.952687740325927734e-01,1.171989321708679199e+00,5.335636138916015625e-01,8.642864227294921875e-02,-1.187499463558197021e-01
-4.145862162113189697e-02,-2.864920347929000854e-02,4.323317408561706543e-01,9.512559771537780762e-01,5.443286895751953125e-02,2.930898368358612061e-01,7.904098927974700928e-02,-1.913793563842773438e+00,1.229414343833923340e-01,1.638647466897964478e-01,2.022352695465087891e+00,-6.450768113136291504e-01,1.238684430718421936e-01,-1.420375823974609375e+00,-1.770934164524078369e-01,1.346672326326370239e-01,2.537426471710205078e+00,-6.927693486213684082e-01,2.693072147667407990e-02,2.313089519739151001e-01,3.214223682880401611e-01,5.479420423507690430e-01,-1.981128096580505371e+00,3.515721261501312256e-01,-2.669816017150878906e-01,1.136878490447998047e+00,-8.221760392189025879e-01,-3.228479763492941856e-03,1.873860061168670654e-01,-1.545246124267578125e+00,-7.732110619544982910e-01,8.100143074989318848e-01,1.180028438568115234e+00,5.436048507690429688e-01,7.305444031953811646e-02,-1.081447154283523560e-01
-4.668660089373588562e-02,-2.737405337393283844e-02,4.358469247817993164e-01,9.505675435066223145e-01,5.486796796321868896e-02,2.941458523273468018e-01,8.300018310546875000e-02,-1.915916919708251953e+00,1.223331242799758911e-01,1.505329906940460205e-01,2.021508932113647461e+00,-6.252233386039733887e-01,1.332839131355285645e-01,-1.446730256080627441e+00,-1.783226579427719116e-01,1.317814290523529053e-01,2.546344041824340820e+00,-6.859117150306701660e-01,1.157671585679054260e-02,2.296587824821472168e-01,3.331553936004638672e-01,5.524573326110839844e-01,-1.995207428932189941e+00,3.277655243873596191e-01,-2.848619520664215088e-01,1.119402170181274414e+00,-8.206805586814880371e-01,-2.506743930280208588e-02,1.915539503097534180e-01,-1.552638053894042969e+00,-7.760267257690429688e-01,8.058616518974304199e-01,1.193409085273742676e+00,5.335839986801147461e-01,8.858539164066314697e-02,-1.169738322496414185e-01
-4.595070332288742065e-02,-2.719890326261520386e-02,4.359742999076843262e-01,9.501968622207641602e-01,5.455863475799560547e-02,2.954057455062866211e-01,8.297365903854370117e-02,-1.919057130813598633e+00,1.213769465684890747e-01,1.504507213830947876e-01,2.020288705825805664e+00,-6.226578950881958008e-01,1.339709609746932983e-01,-1.448911666870117188e+00,-1.790663897991180420e-01,1.323673725128173828e-01,2.545994520187377930e+00,-6.843234300613403320e-01,8.680874481797218323e-03,2.331789135932922363e-01,3.342293500900268555e-01,5.518763065338134766e-01,-1.999171614646911621e+00,3.224871456623077393e-01,-2.826341390609741211e-01,1.118228316307067871e+00,-8.216477632522583008e-01,-2.471007034182548523e-02,1.966275274753570557e-01,-1.556155443191528320e+00,-7.764335870742797852e-01,8.098893761634826660e-01,1.201401352882385254e+00,5.337954163551330566e-01,8.814461529254913330e-02,-1.203088760375976562e-01
-4.543782770633697510e-02,-2.631077170372009277e-02,4.364201426506042480e-01,9.497430324554443359e-01,5.403925478458404541e-02,2.968099713325500488e-01,8.349699527025222778e-02,-1.921489119529724121e+00,1.203098669648170471e-01,1.505379974842071533e-01,2.018115997314453125e+00,-6.209906935691833496e-01,1.352253407239913940e-01,-1.451980590820312500e+00,-1.813075542449951172e-01,1.305046379566192627e-01,2.544610977172851562e+00,-6.809165477752685547e-01,6.903626490384340286e-03,2.347320616245269775e-01,3.351340591907501221e-01,5.519364476203918457e-01,-1.998460531234741211e+00,3.181511163711547852e-01,-2.792388796806335449e-01,1.114245057106018066e+00,-8.226808905601501465e-01,-2.279505506157875061e-02,2.003106623888015747e-01,-1.559330105781555176e+00,-7.777854800224304199e-01,8.150342106819152832e-01,1.204658746719360352e+00,5.348722338676452637e-01,8.886503428220748901e-02,-1.257810145616531372e-01
-4.510705173015594482e-02,-2.487322688102722168e-02,4.371265769004821777e-01,9.492646455764770508e-01,5.356400460004806519e-02,2.981743812561035156e-01,8.437737077474594116e-02,-1.922276139259338379e+00,1.188030168414115906e-01,1.516520529985427856e-01,2.014407873153686523e+00,-6.203333735466003418e-01,1.371902078390121460e-01,-1.454500436782836914e+00,-1.836847513914108276e-01,1.271048933267593384e-01,2.541428565979003906e+00,-6.785412430763244629e-01,7.167031988501548767e-03,2.349946647882461548e-01,3.360161483287811279e-01,5.523152947425842285e-01,-1.994323015213012695e+00,3.152883946895599365e-01,-2.747355699539184570e-01,1.107121944427490234e+00,-8.234711885452270508e-01,-2.086870931088924408e-02,2.038975059986114502e-01,-1.562304377555847168e+00,-7.792261838912963867e-01,8.206455707550048828e-01,1.205548048019409180e+00,5.357074141502380371e-01,9.013777971267700195e-02,-1.313888281583786011e-01
-4.492581635713577271e-02,-2.350588887929916382e-02,4.376966059207916260e-01,9.486969709396362305e-01,5.342238396406173706e-02,2.998637259006500244e-01,8.486358076333999634e-02,-1.923395156860351562e+00,1.172548905014991760e-01,1.534065306186676025e-01,2.010606765747070312e+00,-6.198979020118713379e-01,1.395053118467330933e-01,-1.457612395286560059e+00,-1.837719231843948364e-01,1.271151304244995117e-01,2.538911342620849609e+00,-6.769484877586364746e-01,9.778435342013835907e-03,2.368287891149520874e-01,3.365852236747741699e-01,5.520713925361633301e-01,-1.991043448448181152e+00,3.124696910381317139e-01,-2.689979970455169678e-01,1.098441839218139648e+00,-8.231415152549743652e-01,-1.872601546347141266e-02,2.082500457763671875e-01,-1.564234137535095215e+00,-7.809935808181762695e-01,8.229457736015319824e-01,1.206245303153991699e+00,5.346700549125671387e-01,9.016852825880050659e-02,-1.371508985757827759e-01
-3.772587329149246216e-02,-2.493476122617721558e-02,4.345467090606689453e-01,9.486001133918762207e-01,5.315315723419189453e-02,3.016122281551361084e-01,7.976625859737396240e-02,-1.930128931999206543e+00,1.217891797423362732e-01,1.663047522306442261e-01,2.011198043823242188e+00,-6.360066533088684082e-01,1.279291510581970215e-01,-1.440044164657592773e+00,-1.829039305448532104e-01,1.384577751159667969e-01,2.523731231689453125e+00,-6.813216805458068848e-01,2.939258702099323273e-02,2.464074492454528809e-01,3.304614424705505371e-01,5.496807694435119629e-01,-1.987022757530212402e+00,3.307654857635498047e-01,-2.524752914905548096e-01,1.112030267715454102e+00,-8.264478445053100586e-01,-3.479751525446772575e-03,2.155503928661346436e-01,-1.573204994201660156e+00,-7.860464453697204590e-01,8.430665731430053711e-01,1.198867917060852051e+00,5.454744100570678711e-01,6.689722090959548950e-02,-1.254279911518096924e-01
-4.594631120562553406e-02,-2.208093181252479553e-02,4.397733807563781738e-01,9.478319287300109863e-01,5.350485071539878845e-02,3.029961884021759033e-01,8.333753794431686401e-02,-1.924299359321594238e+00,1.171224191784858704e-01,1.574245840311050415e-01,1.999596238136291504e+00,-6.168207526206970215e-01,1.410946995019912720e-01,-1.463966727256774902e+00,-1.787613332271575928e-01,1.291851997375488281e-01,2.526069879531860352e+00,-6.778512597084045410e-01,1.176410447806119919e-02,2.447879612445831299e-01,3.401363193988800049e-01,5.531827807426452637e-01,-1.993745923042297363e+00,3.094418942928314209e-01,-2.622416317462921143e-01,1.089991569519042969e+00,-8.232575058937072754e-01,-1.835888251662254333e-02,2.105953246355056763e-01,-1.567708849906921387e+00,-7.836188077926635742e-01,8.245928287506103516e-01,1.213302016258239746e+00,5.348942279815673828e-01,8.799119293689727783e-02,-1.376874148845672607e-01
-4.686889797449111938e-02,-2.248183824121952057e-02,4.403583705425262451e-01,9.474664926528930664e-01,5.351408198475837708e-02,3.043973743915557861e-01,8.237501978874206543e-02,-1.926786184310913086e+00,1.172851771116256714e-01,1.573300361633300781e-01,1.996526598930358887e+00,-6.152513027191162109e-01,1.403815299272537231e-01,-1.469847679138183594e+00,-1.759926378726959229e-01,1.323232203722000122e-01,2.523217201232910156e+00,-6.776519417762756348e-01,1.464611291885375977e-02,2.485794723033905029e-01,3.413315117359161377e-01,5.535184144973754883e-01,-1.994616508483886719e+00,3.084871768951416016e-01,-2.579792737960815430e-01,1.085813999176025391e+00,-8.221997618675231934e-01,-1.815663464367389679e-02,2.076757252216339111e-01,-1.567734003067016602e+00,-7.836462259292602539e-01,8.223019838333129883e-01,1.211352705955505371e+00,5.323587656021118164e-01,8.742337673902511597e-02,-1.398288309574127197e-01
-4.791888594627380371e-02,-2.317440137267112732e-02,4.404959678649902344e-01,9.472302198410034180e-01,5.334700271487236023e-02,3.053225576877593994e-01,8.177483081817626953e-02,-1.929290652275085449e+00,1.174669116735458374e-01,1.564015597105026245e-01,1.995098114013671875e+00,-6.150041818618774414e-01,1.398956626653671265e-01,-1.476125001907348633e+00,-1.744794696569442749e-01,1.346307545900344849e-01,2.522703886032104492e+00,-6.773201227188110352e-01,1.788729801774024963e-02,2.504298090934753418e-01,3.427573442459106445e-01,5.541923642158508301e-01,-1.993384838104248047e+00,3.083596825599670410e-01,-2.539457678794860840e-01,1.080285429954528809e+00,-8.214519619941711426e-01,-1.872209832072257996e-02,2.034905403852462769e-01,-1.567770719528198242e+00,-7.825880646705627441e-01,8.212552666664123535e-01,1.206880331039428711e+00,5.282394289970397949e-01,8.842522650957107544e-02,-1.442342847585678101e-01
-4.896034300327301025e-02,-2.385292015969753265e-02,4.402581155300140381e-01,9.470164179801940918e-01,5.319718271493911743e-02,3.061291873455047607e-01,8.133191615343093872e-02,-1.931761264801025391e+00,1.177367568016052246e-01,1.559322625398635864e-01,1.994933485984802246e+00,-6.159740686416625977e-01,1.401060223579406738e-01,-1.480906963348388672e+00,-1.739353239536285400e-01,1.375460922718048096e-01,2.523289918899536133e+00,-6.768878698348999023e-01,2.058559842407703400e-02,2.523868978023529053e-01,3.435529768466949463e-01,5.542317628860473633e-01,-1.991974115371704102e+00,3.074418604373931885e-01,-2.494360655546188354e-01,1.072691679000854492e+00,-8.213279843330383301e-01,-1.970421336591243744e-02,2.034685909748077393e-01,-1.567066073417663574e+00,-7.821330428123474121e-01,8.194180727005004883e-01,1.204656958580017090e+00,5.255838036537170410e-01,8.826993405818939209e-02,-1.503229439258575439e-01
-4.321882873773574829e-02,-2.481428533792495728e-02,4.391798079013824463e-01,9.470941424369812012e-01,5.087604373693466187e-02,3.072910606861114502e-01,7.743693888187408447e-02,-1.932775259017944336e+00,1.233495548367500305e-01,1.673784255981445312e-01,1.992278456687927246e+00,-6.341403126716613770e-01,1.326764523983001709e-01,-1.457346677780151367e+00,-1.706258058547973633e-01,1.527480036020278931e-01,2.493868827819824219e+00,-6.776592135429382324e-01,4.216207936406135559e-02,2.623580694198608398e-01,3.339491188526153564e-01,5.525770187377929688e-01,-1.980678200721740723e+00,3.280258476734161377e-01,-2.337099760770797729e-01,1.073517560958862305e+00,-8.308351635932922363e-01,-8.144889026880264282e-03,2.147107571363449097e-01,-1.573177218437194824e+00,-7.899775505065917969e-01,8.330547213554382324e-01,1.200335383415222168e+00,5.321018099784851074e-01,5.807154253125190735e-02,-1.206587478518486023e-01
-5.072375386953353882e-02,-2.366987615823745728e-02,4.408583641052246094e-01,9.469732642173767090e-01,5.279691144824028015e-02,3.066813349723815918e-01,8.000414073467254639e-02,-1.931726217269897461e+00,1.197720095515251160e-01,1.579751968383789062e-01,1.992276191711425781e+00,-6.173335909843444824e-01,1.420180648565292358e-01,-1.480885505676269531e+00,-1.739639788866043091e-01,1.351358592510223389e-01,2.513718605041503906e+00,-6.774919033050537109e-01,1.643683947622776031e-02,2.582601308822631836e-01,3.460667729377746582e-01,5.556659102439880371e-01,-1.997436642646789551e+00,3.074555695056915283e-01,-2.483646571636199951e-01,1.067101836204528809e+00,-8.285325765609741211e-01,-2.388413064181804657e-02,2.100808024406433105e-01,-1.571842670440673828e+00,-7.812880277633666992e-01,8.215789198875427246e-01,1.220777153968811035e+00,5.347360372543334961e-01,8.503801375627517700e-02,-1.500665992498397827e-01
-5.075720697641372681e-02,-2.283161878585815430e-02,4.410338401794433594e-01,9.468863010406494141e-01,5.263910070061683655e-02,3.070708811283111572e-01,7.964231073856353760e-02,-1.933294296264648438e+00,1.210734695196151733e-01,1.586971879005432129e-01,1.992041826248168945e+00,-6.165738701820373535e-01,1.431288421154022217e-01,-1.480827927589416504e+00,-1.734044253826141357e-01,1.337996870279312134e-01,2.512048244476318359e+00,-6.792759895324707031e-01,1.517643779516220093e-02,2.616773545742034912e-01,3.463112711906433105e-01,5.558410882949829102e-01,-2.001192569732666016e+00,3.073342144489288330e-01,-2.465959936380386353e-01,1.066771268844604492e+00,-8.304828405380249023e-01,-2.324097976088523865e-02,2.123404294252395630e-01,-1.575504899024963379e+00,-7.801780700683593750e-01,8.196598887443542480e-01,1.228736042976379395e+00,5.406889319419860840e-01,8.468011021614074707e-02,-1.499182879924774170e-01
-5.033438652753829956e-02,-2.171638235449790955e-02,4.409747719764709473e-01,9.467216134071350098e-01,5.250912532210350037e-02,3.075422048568725586e-01,7.986751943826675415e-02,-1.935620665550231934e+00,1.227549389004707336e-01,1.592059731483459473e-01,1.993023157119750977e+00,-6.161683201789855957e-01,1.441938728094100952e-01,-1.482659935951232910e+00,-1.735361665487289429e-01,1.327968388795852661e-01,2.512768030166625977e+00,-6.823595166206359863e-01,1.525473035871982574e-02,2.638971805572509766e-01,3.469632267951965332e-01,5.557478666305541992e-01,-2.002375364303588867e+00,3.069292306900024414e-01,-2.439340800046920776e-01,1.067090392112731934e+00,-8.318300247192382812e-01,-2.181109040975570679e-02,2.114556431770324707e-01,-1.579180598258972168e+00,-7.792392373085021973e-01,8.177813887596130371e-01,1.234216332435607910e+00,5.464777350425720215e-01,8.593017607927322388e-02,-1.496216058731079102e-01
-4.964358732104301453e-02,-2.044903114438056946e-02,4.405091106891632080e-01,9.465464353561401367e-01,5.227931961417198181e-02,3.079294264316558838e-01,8.059869706630706787e-02,-1.937430262565612793e+00,1.244955584406852722e-01,1.595012843608856201e-01,1.994757056236267090e+00,-6.170112490653991699e-01,1.448415666818618774e-01,-1.485194444656372070e+00,-1.747676283121109009e-01,1.313751488924026489e-01,2.515021085739135742e+00,-6.872339844703674316e-01,1.567869819700717926e-02,2.646734118461608887e-01,3.485996127128601074e-01,5.556089878082275391e-01,-2.000926017761230469e+00,3.059788942337036133e-01,-2.395645678043365479e-01,1.066326022148132324e+00,-8.317160010337829590e-01,-2.036090381443500519e-02,2.085236907005310059e-01,-1.582457542419433594e+00,-7.786210179328918457e-01,8.169664740562438965e-01,1.236600875854492188e+00,5.527586340904235840e-01,8.874592185020446777e-02,-1.501696854829788208e-01
-4.893269389867782593e-02,-1.940638199448585510e-02,4.394320547580718994e-01,9.463020563125610352e-01,5.222740769386291504e-02,3.085314333438873291e-01,8.119704574346542358e-02,-1.939334273338317871e+00,1.261994838714599609e-01,1.598558872938156128e-01,1.997234821319580078e+00,-6.187472343444824219e-01,1.454576104879379272e-01,-1.487817168235778809e+00,-1.749567389488220215e-01,1.326634585857391357e-01,2.519355297088623047e+00,-6.928452849388122559e-01,1.746003702282905579e-02,2.653126418590545654e-01,3.493563830852508545e-01,5.549345016479492188e-01,-1.998836755752563477e+00,3.040751516819000244e-01,-2.320795655250549316e-01,1.063117623329162598e+00,-8.295466899871826172e-01,-1.839018985629081726e-02,2.078967392444610596e-01,-1.585349917411804199e+00,-7.777170538902282715e-01,8.150952458381652832e-01,1.238700747489929199e+00,5.563823580741882324e-01,9.065175801515579224e-02,-1.520426273345947266e-01
-4.408156871795654297e-02,-1.884501799941062927e-02,4.350314140319824219e-01,9.466539621353149414e-01,5.009778589010238647e-02,3.083965778350830078e-01,7.891833037137985229e-02,-1.933692216873168945e+00,1.292717158794403076e-01,1.775999069213867188e-01,2.001999616622924805e+00,-6.429653167724609375e-01,1.386101245880126953e-01,-1.465923070907592773e+00,-1.743348091840744019e-01,1.447044163942337036e-01,2.506782293319702148e+00,-6.938202977180480957e-01,3.348574042320251465e-02,2.735917270183563232e-01,3.401741981506347656e-01,5.549410581588745117e-01,-1.988560199737548828e+00,3.226962983608245850e-01,-2.119607627391815186e-01,1.060514450073242188e+00,-8.263467550277709961e-01,-8.260468021035194397e-03,2.242649942636489868e-01,-1.587139606475830078e+00,-7.822742462158203125e-01,8.270255923271179199e-01,1.237670302391052246e+00,5.651510357856750488e-01,6.151090562343597412e-02,-1.332785934209823608e-01
-4.911295324563980103e-02,-1.802380755543708801e-02,4.374746382236480713e-01,9.462008476257324219e-01,5.242770537734031677e-02,3.089210987091064453e-01,8.076503127813339233e-02,-1.939475178718566895e+00,1.312136650085449219e-01,1.654288470745086670e-01,1.997887015342712402e+00,-6.206257939338684082e-01,1.485860049724578857e-01,-1.489240646362304688e+00,-1.725033074617385864e-01,1.353146582841873169e-01,2.520310163497924805e+00,-7.004243135452270508e-01,1.544604916125535965e-02,2.703476548194885254e-01,3.531420826911926270e-01,5.563120841979980469e-01,-2.006154298782348633e+00,3.033352494239807129e-01,-2.230908274650573730e-01,1.064555764198303223e+00,-8.265136480331420898e-01,-1.894251629710197449e-02,2.102305591106414795e-01,-1.594462633132934570e+00,-7.791051268577575684e-01,8.214985728263854980e-01,1.257684469223022461e+00,5.692594051361083984e-01,8.898042887449264526e-02,-1.469407677650451660e-01
-4.957483336329460144e-02,-1.800075918436050415e-02,4.368019104003906250e-01,9.459522962570190430e-01,5.270568653941154480e-02,3.096248805522918701e-01,8.080104738473892212e-02,-1.941557884216308594e+00,1.321725249290466309e-01,1.678181141614913940e-01,1.998247027397155762e+00,-6.188472509384155273e-01,1.511247307062149048e-01,-1.490821361541748047e+00,-1.715989112854003906e-01,1.364536434412002563e-01,2.521892309188842773e+00,-6.999641656875610352e-01,1.510744914412498474e-02,2.748318314552307129e-01,3.547897636890411377e-01,5.559957027435302734e-01,-2.013344764709472656e+00,3.030459284782409668e-01,-2.189877182245254517e-01,1.069798827171325684e+00,-8.259730935096740723e-01,-1.827944256365299225e-02,2.103776335716247559e-01,-1.597743749618530273e+00,-7.825198769569396973e-01,8.236064314842224121e-01,1.263912200927734375e+00,5.730817914009094238e-01,8.803638815879821777e-02,-1.464647948741912842e-01
-4.979522526264190674e-02,-1.809824258089065552e-02,4.367008209228515625e-01,9.455395340919494629e-01,5.281215161085128784e-02,3.106314837932586670e-01,8.169433474540710449e-02,-1.944335460662841797e+00,1.317288130521774292e-01,1.684160232543945312e-01,1.998550891876220703e+00,-6.167253255844116211e-01,1.539125442504882812e-01,-1.492893099784851074e+00,-1.714318245649337769e-01,1.355421841144561768e-01,2.523414611816406250e+00,-6.984811425209045410e-01,1.574904099106788635e-02,2.783659100532531738e-01,3.565452992916107178e-01,5.556194186210632324e-01,-2.019724130630493164e+00,3.028355240821838379e-01,-2.147120088338851929e-01,1.077038764953613281e+00,-8.267931342124938965e-01,-1.713327318429946899e-02,2.083779424428939819e-01,-1.600808382034301758e+00,-7.870201468467712402e-01,8.250721693038940430e-01,1.266255497932434082e+00,5.745691657066345215e-01,8.928357809782028198e-02,-1.467581093311309814e-01
-4.953862726688385010e-02,-1.794842258095741272e-02,4.369792938232421875e-01,9.450159072875976562e-01,5.275666341185569763e-02,3.118244409561157227e-01,8.322986960411071777e-02,-1.946704030036926270e+00,1.305197626352310181e-01,1.679222583770751953e-01,1.998317480087280273e+00,-6.152905225753784180e-01,1.556652486324310303e-01,-1.494315743446350098e+00,-1.718568354845046997e-01,1.332880705595016479e-01,2.524814844131469727e+00,-6.993073225021362305e-01,1.670274697244167328e-02,2.798878848552703857e-01,3.581067919731140137e-01,5.554895401000976562e-01,-2.024719715118408203e+00,3.023948371410369873e-01,-2.106133103370666504e-01,1.083745718002319336e+00,-8.298488855361938477e-01,-1.553796511143445969e-02,2.060142755508422852e-01,-1.604137301445007324e+00,-7.902847528457641602e-01,8.265723586082458496e-01,1.267727851867675781e+00,5.744004249572753906e-01,9.232419729232788086e-02,-1.471323817968368530e-01
-4.890414327383041382e-02,-1.746647059917449951e-02,4.370986819267272949e-01,9.443777203559875488e-01,5.264361575245857239e-02,3.132631182670593262e-01,8.512081950902938843e-02,-1.949056386947631836e+00,1.277758032083511353e-01,1.663953810930252075e-01,1.997499108314514160e+00,-6.139705777168273926e-01,1.554768979549407959e-01,-1.494350433349609375e+00,-1.722034215927124023e-01,1.320180445909500122e-01,2.527830839157104492e+00,-7.011154890060424805e-01,1.841508969664573669e-02,2.807899415493011475e-01,3.590427041053771973e-01,5.550385713577270508e-01,-2.030239105224609375e+00,3.010798990726470947e-01,-2.065652161836624146e-01,1.087862849235534668e+00,-8.321608901023864746e-01,-1.315330155193805695e-02,2.063200920820236206e-01,-1.607663154602050781e+00,-7.923417687416076660e-01,8.271358013153076172e-01,1.269121050834655762e+00,5.744317173957824707e-01,9.532354772090911865e-02,-1.494571268558502197e-01
-4.245524853467941284e-02,-2.009074203670024872e-02,4.338421225547790527e-01,9.439800381660461426e-01,5.044761300086975098e-02,3.150926530361175537e-01,8.410349488258361816e-02,-1.949988722801208496e+00,1.252359002828598022e-01,1.824485361576080322e-01,1.996403217315673828e+00,-6.344760060310363770e-01,1.446043998003005981e-01,-1.470297574996948242e+00,-1.776117980480194092e-01,1.326666027307510376e-01,2.513417005538940430e+00,-7.030809521675109863e-01,3.023211471736431122e-02,2.867487072944641113e-01,3.478976488113403320e-01,5.518243312835693359e-01,-2.031991958618164062e+00,3.204282522201538086e-01,-1.958085745573043823e-01,1.112360000610351562e+00,-8.357773423194885254e-01,-3.477782942354679108e-03,2.179473787546157837e-01,-1.617436170578002930e+00,-7.894949913024902344e-01,8.415927886962890625e-01,1.279434561729431152e+00,5.798591971397399902e-01,7.217226922512054443e-02,-1.358144730329513550e-01
-4.858514666557312012e-02,-1.602091826498508453e-02,4.371389746665954590e-01,9.432983994483947754e-01,5.272683128714561462e-02,3.156372308731079102e-01,8.821077644824981689e-02,-1.951441526412963867e+00,1.230175942182540894e-01,1.677855402231216431e-01,1.993192553520202637e+00,-6.111775636672973633e-01,1.534450501203536987e-01,-1.495490550994873047e+00,-1.740752756595611572e-01,1.287356317043304443e-01,2.528527021408081055e+00,-6.973937749862670898e-01,1.443591248244047165e-02,2.833638489246368408e-01,3.611484766006469727e-01,5.556561350822448730e-01,-2.050673246383666992e+00,2.983170747756958008e-01,-2.060341686010360718e-01,1.103026509284973145e+00,-8.336270451545715332e-01,-1.190189365297555923e-02,2.087767869234085083e-01,-1.618526339530944824e+00,-7.947200536727905273e-01,8.333365917205810547e-01,1.285788178443908691e+00,5.784072875976562500e-01,9.589327126741409302e-02,-1.459295451641082764e-01
-4.901077225804328918e-02,-1.581665128469467163e-02,4.364873170852661133e-01,9.425802826881408691e-01,5.263714864850044250e-02,3.173462450504302979e-01,8.979474008083343506e-02,-1.955609083175659180e+00,1.211976259946823120e-01,1.687588840723037720e-01,1.992425918579101562e+00,-6.102052330970764160e-01,1.528270989656448364e-01,-1.498981714248657227e+00,-1.764508634805679321e-01,1.276389658451080322e-01,2.532021045684814453e+00,-6.932325363159179688e-01,1.288063358515501022e-02,2.830876708030700684e-01,3.602792620658874512e-01,5.556262731552124023e-01,-2.060991287231445312e+00,2.981972694396972656e-01,-2.060320973396301270e-01,1.109060287475585938e+00,-8.290281295776367188e-01,-1.042434480041265488e-02,2.091397494077682495e-01,-1.624875783920288086e+00,-7.959634065628051758e-01,8.383769989013671875e-01,1.292078852653503418e+00,5.789656043052673340e-01,9.481953084468841553e-02,-1.439961344003677368e-01
-4.971833154559135437e-02,-1.613688841462135315e-02,4.355937540531158447e-01,9.418312907218933105e-01,5.236923322081565857e-02,3.190881311893463135e-01,9.161902964115142822e-02,-1.961210489273071289e+00,1.194858700037002563e-01,1.692741066217422485e-01,1.992752671241760254e+00,-6.098474264144897461e-01,1.528255939483642578e-01,-1.503711581230163574e+00,-1.805731952190399170e-01,1.256692111492156982e-01,2.537647247314453125e+00,-6.907907128334045410e-01,1.268752850592136383e-02,2.805583178997039795e-01,3.599275946617126465e-01,5.559284090995788574e-01,-2.068347930908203125e+00,2.990965545177459717e-01,-2.054985016584396362e-01,1.113191962242126465e+00,-8.223215341567993164e-01,-7.682940922677516937e-03,2.075510025024414062e-01,-1.630333900451660156e+00,-7.980948686599731445e-01,8.441233634948730469e-01,1.293637633323669434e+00,5.782340764999389648e-01,9.556278586387634277e-02,-1.435220241546630859e-01
-5.039327964186668396e-02,-1.704912073910236359e-02,4.345336854457855225e-01,9.410144686698913574e-01,5.193449929356575012e-02,3.210778832435607910e-01,9.329321980476379395e-02,-1.968127727508544922e+00,1.179974228143692017e-01,1.687579452991485596e-01,1.994370937347412109e+00,-6.096119880676269531e-01,1.524875760078430176e-01,-1.508066415786743164e+00,-1.825847178697586060e-01,1.268395334482192993e-01,2.544302225112915039e+00,-6.901920437812805176e-01,1.494441460818052292e-02,2.786504626274108887e-01,3.595664203166961670e-01,5.556041598320007324e-01,-2.074135541915893555e+00,2.990345358848571777e-01,-2.036048620939254761e-01,1.112842082977294922e+00,-8.160467147827148438e-01,-4.825506825000047684e-03,2.067760825157165527e-01,-1.634592533111572266e+00,-8.009213805198669434e-01,8.466310501098632812e-01,1.292570829391479492e+00,5.765541791915893555e-01,9.575726091861724854e-02,-1.444219946861267090e-01
-4.554826766252517700e-02,-2.336982265114784241e-02,4.333192408084869385e-01,9.412540793418884277e-01,4.820542410016059875e-02,3.213275671005249023e-01,9.200841933488845825e-02,-1.963160514831542969e+00,1.136084124445915222e-01,1.805878728628158569e-01,1.987842202186584473e+00,-6.238398551940917969e-01,1.439160108566284180e-01,-1.479295969009399414e+00,-1.859333068132400513e-01,1.344698071479797363e-01,2.518163681030273438e+00,-6.882219910621643066e-01,3.226630017161369324e-02,2.869565486907958984e-01,3.490215539932250977e-01,5.540599822998046875e-01,-2.076386451721191406e+00,3.152160644531250000e-01,-2.032280415296554565e-01,1.135260224342346191e+00,-8.168973326683044434e-01,1.526386383920907974e-02,2.094821184873580933e-01,-1.642619848251342773e+00,-8.022040128707885742e-01,8.567460179328918457e-01,1.291839361190795898e+00,5.801194906234741211e-01,7.285875082015991211e-02,-1.253604888916015625e-01
-5.195925384759902954e-02,-1.842338219285011292e-02,4.335672259330749512e-01,9.399982690811157227e-01,5.097763240337371826e-02,3.240425288677215576e-01,9.381376206874847412e-02,-1.977366924285888672e+00,1.182180643081665039e-01,1.693481206893920898e-01,1.996291756629943848e+00,-6.073964238166809082e-01,1.524656265974044800e-01,-1.514237165451049805e+00,-1.822076439857482910e-01,1.312571614980697632e-01,2.546752691268920898e+00,-6.873467564582824707e-01,1.448093447834253311e-02,2.803404331207275391e-01,3.612791597843170166e-01,5.567918419837951660e-01,-2.090730667114257812e+00,2.982221543788909912e-01,-2.094210535287857056e-01,1.118273496627807617e+00,-8.086198568344116211e-01,-5.775002762675285339e-03,2.006355375051498413e-01,-1.647305011749267578e+00,-8.056346178054809570e-01,8.520984649658203125e-01,1.302123904228210449e+00,5.785016417503356934e-01,9.469356387853622437e-02,-1.379182636737823486e-01
-5.215734988451004028e-02,-1.823206618428230286e-02,4.333318769931793213e-01,9.395751357078552246e-01,5.051279440522193909e-02,3.254549205303192139e-01,9.341364353895187378e-02,-1.981961250305175781e+00,1.185637786984443665e-01,1.693770885467529297e-01,1.996784448623657227e+00,-6.060556173324584961e-01,1.517338007688522339e-01,-1.516438245773315430e+00,-1.802637130022048950e-01,1.346949338912963867e-01,2.547470808029174805e+00,-6.852962374687194824e-01,1.455400232225656509e-02,2.825853824615478516e-01,3.607238829135894775e-01,5.564830899238586426e-01,-2.097002983093261719e+00,2.967515587806701660e-01,-2.119009494781494141e-01,1.118193626403808594e+00,-8.047307133674621582e-01,-5.615491885691881180e-03,1.975051909685134888e-01,-1.652681708335876465e+00,-8.074927330017089844e-01,8.532580137252807617e-01,1.305869579315185547e+00,5.797615051269531250e-01,9.353537112474441528e-02,-1.361790597438812256e-01
-5.200465396046638489e-02,-1.744536496698856354e-02,4.332872927188873291e-01,9.392669200897216797e-01,4.996627941727638245e-02,3.264623284339904785e-01,9.329215437173843384e-02,-1.985775947570800781e+00,1.187214702367782593e-01,1.697516739368438721e-01,1.996255040168762207e+00,-6.052012443542480469e-01,1.519284844398498535e-01,-1.517580389976501465e+00,-1.793098151683807373e-01,1.353658586740493774e-01,2.547324180603027344e+00,-6.835547685623168945e-01,1.546773687005043030e-02,2.841526567935943604e-01,3.600586950778961182e-01,5.559276342391967773e-01,-2.099912643432617188e+00,2.951401472091674805e-01,-2.128782272338867188e-01,1.117663502693176270e+00,-8.005714416503906250e-01,-4.850545432418584824e-03,1.938530653715133667e-01,-1.655088305473327637e+00,-8.099068999290466309e-01,8.536363244056701660e-01,1.306431531906127930e+00,5.805770158767700195e-01,9.273469448089599609e-02,-1.366139650344848633e-01
-5.157278478145599365e-02,-1.619883254170417786e-02,4.333795905113220215e-01,9.390306472778320312e-01,4.909838736057281494e-02,3.271515369415283203e-01,9.371560811996459961e-02,-1.988471984863281250e+00,1.182261705398559570e-01,1.693535745143890381e-01,1.994610428810119629e+00,-6.050344109535217285e-01,1.531406641006469727e-01,-1.516302585601806641e+00,-1.791211962699890137e-01,1.322993189096450806e-01,2.545727968215942383e+00,-6.831771135330200195e-01,1.789224706590175629e-02,2.842572927474975586e-01,3.593007028102874756e-01,5.552566647529602051e-01,-2.099561691284179688e+00,2.934103906154632568e-01,-2.119148969650268555e-01,1.115797281265258789e+00,-7.963411808013916016e-01,-4.650627262890338898e-03,1.910628825426101685e-01,-1.654538750648498535e+00,-8.123235106468200684e-01,8.535125255584716797e-01,1.303107738494873047e+00,5.797579288482666016e-01,9.187053143978118896e-02,-1.382330805063247681e-01
-5.089885741472244263e-02,-1.494832430034875870e-02,4.332086741924285889e-01,9.386393427848815918e-01,4.829152673482894897e-02,3.281888067722320557e-01,9.442563354969024658e-02,-1.991334676742553711e+00,1.165379583835601807e-01,1.682297140359878540e-01,1.992704033851623535e+00,-6.052232980728149414e-01,1.545646190643310547e-01,-1.514847874641418457e+00,-1.789717823266983032e-01,1.297274827957153320e-01,2.544533729553222656e+00,-6.834025382995605469e-01,2.233895286917686462e-02,2.843497395515441895e-01,3.586133718490600586e-01,5.540230870246887207e-01,-2.098800182342529297e+00,2.911338806152343750e-01,-2.085698097944259644e-01,1.111645698547363281e+00,-7.919725775718688965e-01,-4.565264098346233368e-03,1.912417113780975342e-01,-1.652070403099060059e+00,-8.147100806236267090e-01,8.512852191925048828e-01,1.298916101455688477e+00,5.776531100273132324e-01,9.014968574047088623e-02,-1.405916959047317505e-01
-4.298839718103408813e-02,-1.911716535687446594e-02,4.315287172794342041e-01,9.384611248970031738e-01,4.519185423851013184e-02,3.293781876564025879e-01,9.358689188957214355e-02,-1.991802453994750977e+00,1.093161329627037048e-01,1.765496134757995605e-01,1.990468740463256836e+00,-6.223804354667663574e-01,1.445974260568618774e-01,-1.501342892646789551e+00,-1.846167892217636108e-01,1.392420232295989990e-01,2.519376277923583984e+00,-6.759077310562133789e-01,4.032400995492935181e-02,2.932839393615722656e-01,3.458848297595977783e-01,5.536525249481201172e-01,-2.093582630157470703e+00,3.089614808559417725e-01,-2.059846371412277222e-01,1.131414175033569336e+00,-7.926605343818664551e-01,3.244399325922131538e-03,1.922680884599685669e-01,-1.652397155761718750e+00,-8.217815160751342773e-01,8.531187772750854492e-01,1.286780834197998047e+00,5.726465582847595215e-01,6.929738819599151611e-02,-1.221426352858543396e-01
-5.014061555266380310e-02,-1.294865459203720093e-02,4.329409301280975342e-01,9.379456043243408203e-01,4.761779308319091797e-02,3.302220106124877930e-01,9.457308053970336914e-02,-1.996109485626220703e+00,1.141099780797958374e-01,1.680341064929962158e-01,1.989816904067993164e+00,-6.039131879806518555e-01,1.572766005992889404e-01,-1.515173196792602539e+00,-1.786578595638275146e-01,1.288717538118362427e-01,2.539447307586669922e+00,-6.834304332733154297e-01,2.672137133777141571e-02,2.858179211616516113e-01,3.596256077289581299e-01,5.541092753410339355e-01,-2.104236602783203125e+00,2.876745462417602539e-01,-2.106933295726776123e-01,1.115694284439086914e+00,-7.831137776374816895e-01,-8.258403278887271881e-03,1.850345432758331299e-01,-1.653602480888366699e+00,-8.179861307144165039e-01,8.504349589347839355e-01,1.297496318817138672e+00,5.710536241531372070e-01,8.374527096748352051e-02,-1.351775676012039185e-01
-5.024397373199462891e-02,-1.249221712350845337e-02,4.326894283294677734e-01,9.376294016838073730e-01,4.730648919939994812e-02,3.312536180019378662e-01,9.425631165504455566e-02,-1.998974680900573730e+00,1.129519790410995483e-01,1.682412922382354736e-01,1.990348339080810547e+00,-6.012850999832153320e-01,1.581956446170806885e-01,-1.519193768501281738e+00,-1.779594123363494873e-01,1.321462541818618774e-01,2.538146972656250000e+00,-6.816037297248840332e-01,3.078049235045909882e-02,2.863731682300567627e-01,3.604106307029724121e-01,5.547090768814086914e-01,-2.106122970581054688e+00,2.866783142089843750e-01,-2.121249437332153320e-01,1.118562579154968262e+00,-7.763535380363464355e-01,-8.564356714487075806e-03,1.790910810232162476e-01,-1.654621958732604980e+00,-8.202947378158569336e-01,8.492736816406250000e-01,1.293790817260742188e+00,5.656440854072570801e-01,8.044710755348205566e-02,-1.311193853616714478e-01
-5.030233412981033325e-02,-1.201698370277881622e-02,4.324017763137817383e-01,9.374592900276184082e-01,4.690831899642944336e-02,3.318110108375549316e-01,9.418740123510360718e-02,-2.000694513320922852e+00,1.118662357330322266e-01,1.688968092203140259e-01,1.991231441497802734e+00,-5.991553664207458496e-01,1.586471498012542725e-01,-1.522995114326477051e+00,-1.779267936944961548e-01,1.351358294486999512e-01,2.537499904632568359e+00,-6.809414029121398926e-01,3.466185182332992554e-02,2.850676774978637695e-01,3.609706163406372070e-01,5.553051233291625977e-01,-2.105885982513427734e+00,2.868628203868865967e-01,-2.137387394905090332e-01,1.121131896972656250e+00,-7.714841961860656738e-01,-6.764396559447050095e-03,1.733727157115936279e-01,-1.654332280158996582e+00,-8.226906657218933105e-01,8.482933640480041504e-01,1.289160490036010742e+00,5.587543249130249023e-01,7.838703691959381104e-02,-1.280491948127746582e-01
-4.945375770330429077e-02,-1.159507781267166138e-02,4.313066601753234863e-01,9.372208714485168457e-01,4.666516184806823730e-02,3.324612677097320557e-01,9.438724815845489502e-02,-2.003428220748901367e+00,1.109794825315475464e-01,1.692184507846832275e-01,1.994432449340820312e+00,-5.988839268684387207e-01,1.586627066135406494e-01,-1.526728510856628418e+00,-1.775340437889099121e-01,1.400322765111923218e-01,2.541087627410888672e+00,-6.809710264205932617e-01,3.911752626299858093e-02,2.828325927257537842e-01,3.584313094615936279e-01,5.538467168807983398e-01,-2.103381156921386719e+00,2.885173857212066650e-01,-2.153416126966476440e-01,1.118036746978759766e+00,-7.694530487060546875e-01,-4.247940611094236374e-03,1.729127466678619385e-01,-1.652017354965209961e+00,-8.243853449821472168e-01,8.446387648582458496e-01,1.284215927124023438e+00,5.534458756446838379e-01,7.566191256046295166e-02,-1.288426220417022705e-01
-3.882622346282005310e-02,-1.590166985988616943e-02,4.279150366783142090e-01,9.365233182907104492e-01,4.451672360301017761e-02,3.342377245426177979e-01,9.605996310710906982e-02,-2.003791570663452148e+00,1.121919378638267517e-01,1.864950805902481079e-01,1.994284391403198242e+00,-6.155253648757934570e-01,1.441996246576309204e-01,-1.517871856689453125e+00,-1.786962002515792847e-01,1.603936105966567993e-01,2.519735336303710938e+00,-6.824827194213867188e-01,4.766057804226875305e-02,2.885890901088714600e-01,3.459524214267730713e-01,5.528367161750793457e-01,-2.097908258438110352e+00,2.980065643787384033e-01,-2.121360003948211670e-01,1.156919956207275391e+00,-7.767723202705383301e-01,2.419951185584068298e-02,1.771290302276611328e-01,-1.652007818222045898e+00,-8.304361701011657715e-01,8.503951430320739746e-01,1.290120601654052734e+00,5.196887254714965820e-01,6.834589689970016479e-02,-1.026146784424781799e-01
