-6.292038597166538239e-03,-1.002839021384716034e-02,7.040191292762756348e-01,9.914994835853576660e-01,7.497528102248907089e-03,1.296610087156295776e-01,7.780412677675485611e-03,-7.686067223548889160e-01,1.638928800821304321e-01,2.047337889671325684e-01,7.962723374366760254e-01,-3.405924737453460693e-01,-2.482241392135620117e-02,-7.622240781784057617e-01,-1.479551345109939575e-01,-1.823155730962753296e-01,8.431461453437805176e-01,-3.741274178028106689e-01,1.622314192354679108e-02,5.454652011394500732e-03,1.842117123305797577e-02,4.858512282371520996e-01,-1.658111095428466797e+00,5.070202946662902832e-01,-3.831323981285095215e-01,9.281274080276489258e-01,-6.574852466583251953e-01,5.337385088205337524e-02,2.024525254964828491e-01,-1.682449817657470703e+00,-5.082695484161376953e-01,4.596890807151794434e-01,9.172948598861694336e-01,6.335509419441223145e-01,-3.078890964388847351e-02,-1.803166270256042480e-01
-6.211569067090749741e-03,-8.687866851687431335e-03,7.043605446815490723e-01,9.915936589241027832e-01,7.357435300946235657e-03,1.290193647146224976e-01,6.470160093158483505e-03,-7.609737515449523926e-01,1.693854033946990967e-01,2.094939798116683960e-01,7.967227697372436523e-01,-3.451154828071594238e-01,-2.497650682926177979e-02,-7.649425268173217773e-01,-1.404396295547485352e-01,-1.764527857303619385e-01,8.403437137603759766e-01,-3.696419596672058105e-01,1.908693648874759674e-02,4.270483274012804031e-03,1.945793814957141876e-02,4.864329695701599121e-01,-1.666146516799926758e+00,5.062381029129028320e-01,-3.830893039703369141e-01,9.304757714271545410e-01,-6.367726325988769531e-01,5.214653909206390381e-02,1.980751454830169678e-01,-1.684948325157165527e+00,-5.046409964561462402e-01,4.555578827857971191e-01,9.053956866264343262e-01,6.274971961975097656e-01,-4.083119332790374756e-02,-1.912926882505416870e-01
-5.998840555548667908e-03,-8.457195013761520386e-03,7.058314085006713867e-01,9.915785193443298340e-01,8.167834952473640442e-03,1.290819197893142700e-01,6.570900324732065201e-03,-7.538042664527893066e-01,1.656562089920043945e-01,2.138618677854537964e-01,7.821441888809204102e-01,-3.345862030982971191e-01,-2.450781129300594330e-02,-7.620232701301574707e-01,-1.410163491964340210e-01,-1.766658425331115723e-01,8.315504789352416992e-01,-3.644674718379974365e-01,2.025084756314754486e-02,2.823438262566924095e-03,1.942841708660125732e-02,4.863201975822448730e-01,-1.662965059280395508e+00,5.031041502952575684e-01,-3.850843906402587891e-01,9.364323616027832031e-01,-6.379023790359497070e-01,5.392929166555404663e-02,2.003935128450393677e-01,-1.684638500213623047e+00,-5.011247396469116211e-01,4.551849365234375000e-01,9.112395048141479492e-01,6.273655295372009277e-01,-4.350069165229797363e-02,-1.884163618087768555e-01
-6.008884869515895844e-03,-8.091002702713012695e-03,7.065669894218444824e-01,9.915559291839599609e-01,8.807126432657241821e-03,1.292076706886291504e-01,6.679385900497436523e-03,-7.502377629280090332e-01,1.627759039402008057e-01,2.169679403305053711e-01,7.731271982192993164e-01,-3.284187018871307373e-01,-2.438908442854881287e-02,-7.610571384429931641e-01,-1.419330835342407227e-01,-1.760715991258621216e-01,8.267772793769836426e-01,-3.618890941143035889e-01,2.152195386588573456e-02,1.664797076955437660e-03,1.927965134382247925e-02,4.861871600151062012e-01,-1.660789847373962402e+00,5.017760992050170898e-01,-3.874385058879852295e-01,9.395418167114257812e-01,-6.369124054908752441e-01,5.302068963646888733e-02,2.015624642372131348e-01,-1.684849023818969727e+00,-4.982862174510955811e-01,4.566053748130798340e-01,9.145938754081726074e-01,6.253316998481750488e-01,-4.405225813388824463e-02,-1.865715384483337402e-01
-6.070978939533233643e-03,-7.593066897243261337e-03,7.070420384407043457e-01,9.915406703948974609e-01,9.256343357264995575e-03,1.292916089296340942e-01,6.716850213706493378e-03,-7.482386231422424316e-01,1.604109257459640503e-01,2.188788652420043945e-01,7.667806148529052734e-01,-3.248374760150909424e-01,-2.424700371921062469e-02,-7.600858807563781738e-01,-1.424215286970138550e-01,-1.750230193138122559e-01,8.228080272674560547e-01,-3.602011203765869141e-01,2.243119105696678162e-02,6.361062987707555294e-04,1.920418441295623779e-02,4.861617684364318848e-01,-1.659108400344848633e+00,5.013157129287719727e-01,-3.894505500793457031e-01,9.395124912261962891e-01,-6.334469914436340332e-01,5.164708197116851807e-02,2.028548568487167358e-01,-1.684320688247680664e+00,-4.961456358432769775e-01,4.584590196609497070e-01,9.160410761833190918e-01,6.229854822158813477e-01,-4.367799311876296997e-02,-1.856020987033843994e-01
-5.951475352048873901e-03,-7.205839734524488449e-03,7.074400186538696289e-01,9.915370345115661621e-01,9.460516273975372314e-03,1.293050199747085571e-01,6.710480898618698120e-03,-7.468287348747253418e-01,1.588406860828399658e-01,2.196285277605056763e-01,7.622531652450561523e-01,-3.224722743034362793e-01,-2.370720170438289642e-02,-7.585545778274536133e-01,-1.424223929643630981e-01,-1.746324002742767334e-01,8.196651339530944824e-01,-3.586715161800384521e-01,2.261990681290626526e-02,-4.700371937360614538e-04,1.950307749211788177e-02,4.860338568687438965e-01,-1.658556580543518066e+00,5.002657771110534668e-01,-3.912461400032043457e-01,9.381793737411499023e-01,-6.296019554138183594e-01,5.070242285728454590e-02,2.035671621561050415e-01,-1.682795286178588867e+00,-4.944325089454650879e-01,4.598966240882873535e-01,9.167576432228088379e-01,6.208937764167785645e-01,-4.194035753607749939e-02,-1.838825941085815430e-01
-6.279981695115566254e-03,-8.047941140830516815e-03,7.082607150077819824e-01,9.915248751640319824e-01,9.440423920750617981e-03,1.293907761573791504e-01,6.872160825878381729e-03,-7.474154829978942871e-01,1.537201851606369019e-01,2.194939255714416504e-01,7.578802108764648438e-01,-3.181291818618774414e-01,-2.286895178258419037e-02,-7.521269321441650391e-01,-1.452400982379913330e-01,-1.816997379064559937e-01,8.138973712921142578e-01,-3.544148206710815430e-01,2.186335623264312744e-02,7.808493683114647865e-04,1.877828314900398254e-02,4.821414649486541748e-01,-1.640899181365966797e+00,5.004522204399108887e-01,-3.828264772891998291e-01,9.333398938179016113e-01,-6.402940750122070312e-01,5.971115082502365112e-02,2.091722190380096436e-01,-1.675942182540893555e+00,-4.961246252059936523e-01,4.608308374881744385e-01,9.285101890563964844e-01,6.232243180274963379e-01,-3.621768951416015625e-02,-1.673466414213180542e-01
-5.385671742260456085e-03,-7.009388878941535950e-03,7.085019946098327637e-01,9.915456771850585938e-01,9.485476650297641754e-03,1.292900741100311279e-01,5.580903962254524231e-03,-7.419239282608032227e-01,1.573293507099151611e-01,2.202011793851852417e-01,7.522755265235900879e-01,-3.168029785156250000e-01,-2.346008084714412689e-02,-7.544731497764587402e-01,-1.411700248718261719e-01,-1.749498844146728516e-01,8.113812804222106934e-01,-3.538746237754821777e-01,2.212864533066749573e-02,1.022308249957859516e-03,1.963843777775764465e-02,4.873443245887756348e-01,-1.658900737762451172e+00,4.964509308338165283e-01,-3.926424980163574219e-01,9.339092373847961426e-01,-6.233636140823364258e-01,4.931786656379699707e-02,2.075631916522979736e-01,-1.679490566253662109e+00,-4.907053411006927490e-01,4.614620208740234375e-01,9.250450134277343750e-01,6.198330521583557129e-01,-4.487986117601394653e-02,-1.839573532342910767e-01
-5.745943635702133179e-03,-7.031840737909078598e-03,7.087568640708923340e-01,9.915514588356018066e-01,9.536816738545894623e-03,1.292665153741836548e-01,4.996475763618946075e-03,-7.407711744308471680e-01,1.563851684331893921e-01,2.192126959562301636e-01,7.495095729827880859e-01,-3.153281211853027344e-01,-2.398781850934028625e-02,-7.540414333343505859e-01,-1.408582776784896851e-01,-1.757149994373321533e-01,8.092299699783325195e-01,-3.520677685737609863e-01,2.228311263024806976e-02,2.137672854587435722e-03,1.946702785789966583e-02,4.877195954322814941e-01,-1.657804369926452637e+00,4.939248859882354736e-01,-3.925075829029083252e-01,9.335912466049194336e-01,-6.221478581428527832e-01,4.947976395487785339e-02,2.084778696298599243e-01,-1.679018259048461914e+00,-4.896764755249023438e-01,4.628132879734039307e-01,9.294461607933044434e-01,6.190776228904724121e-01,-4.564071446657180786e-02,-1.836921274662017822e-01
-5.530175752937793732e-03,-6.804211996495723724e-03,7.087505459785461426e-01,9.915974736213684082e-01,9.836208075284957886e-03,1.288939714431762695e-01,4.903188440948724747e-03,-7.405921220779418945e-01,1.547190099954605103e-01,2.174971848726272583e-01,7.488921880722045898e-01,-3.150801956653594971e-01,-2.441399917006492615e-02,-7.544707655906677246e-01,-1.415830999612808228e-01,-1.766346246004104614e-01,8.096709847450256348e-01,-3.512009978294372559e-01,2.284237369894981384e-02,1.841657795011997223e-03,1.957636512815952301e-02,4.879039525985717773e-01,-1.654933929443359375e+00,4.913878440856933594e-01,-3.928023874759674072e-01,9.339472055435180664e-01,-6.232327818870544434e-01,5.074739083647727966e-02,2.073079645633697510e-01,-1.679363727569580078e+00,-4.889313876628875732e-01,4.655827581882476807e-01,9.317962527275085449e-01,6.186711788177490234e-01,-4.319576546549797058e-02,-1.814437657594680786e-01
-5.379795096814632416e-03,-6.530671846121549606e-03,7.086192369461059570e-01,9.916765689849853516e-01,1.027962006628513336e-02,1.282453984022140503e-01,4.994489718228578568e-03,-7.399401068687438965e-01,1.529124379158020020e-01,2.162515521049499512e-01,7.489972710609436035e-01,-3.154039680957794189e-01,-2.408623322844505310e-02,-7.555554509162902832e-01,-1.424958407878875732e-01,-1.765429228544235229e-01,8.118155598640441895e-01,-3.507928848266601562e-01,2.308731153607368469e-02,6.032329984009265900e-04,1.976462267339229584e-02,4.880768060684204102e-01,-1.651689648628234863e+00,4.890857040882110596e-01,-3.927032947540283203e-01,9.334672689437866211e-01,-6.252332925796508789e-01,5.276920273900032043e-02,2.066537290811538696e-01,-1.680160641670227051e+00,-4.888542294502258301e-01,4.692943394184112549e-01,9.328345656394958496e-01,6.191764473915100098e-01,-3.824722021818161011e-02,-1.777967363595962524e-01
-6.314199417829513550e-03,-7.276371587067842484e-03,7.084151506423950195e-01,9.916180372238159180e-01,1.060040853917598724e-02,1.286522001028060913e-01,5.471819546073675156e-03,-7.462237477302551270e-01,1.480237394571304321e-01,2.150970250368118286e-01,7.502830624580383301e-01,-3.127939105033874512e-01,-2.263718284666538239e-02,-7.546203136444091797e-01,-1.457092463970184326e-01,-1.826324760913848877e-01,8.164572119712829590e-01,-3.516614139080047607e-01,2.099572867155075073e-02,5.132412188686430454e-04,1.890285126864910126e-02,4.854035675525665283e-01,-1.639129519462585449e+00,4.913418591022491455e-01,-3.880935013294219971e-01,9.309214949607849121e-01,-6.422384977340698242e-01,5.842793360352516174e-02,2.078131884336471558e-01,-1.674841403961181641e+00,-4.962348639965057373e-01,4.746304154396057129e-01,9.434236288070678711e-01,6.252489089965820312e-01,-3.644765913486480713e-02,-1.606661975383758545e-01
-5.636876448988914490e-03,-6.142657715827226639e-03,7.090529799461364746e-01,9.917478561401367188e-01,1.055161003023386002e-02,1.277020722627639771e-01,4.133707378059625626e-03,-7.373554706573486328e-01,1.519488096237182617e-01,2.169622033834457397e-01,7.447584271430969238e-01,-3.135402202606201172e-01,-2.385802939534187317e-02,-7.559970617294311523e-01,-1.425347477197647095e-01,-1.739993393421173096e-01,8.116725087165832520e-01,-3.488229513168334961e-01,2.291393280029296875e-02,3.617297261371277273e-05,2.018952928483486176e-02,4.893225431442260742e-01,-1.652584433555603027e+00,4.864801764488220215e-01,-3.952700495719909668e-01,9.332724809646606445e-01,-6.254674792289733887e-01,5.090327188372612000e-02,2.095536291599273682e-01,-1.681134819984436035e+00,-4.898420274257659912e-01,4.788395464420318604e-01,9.400556087493896484e-01,6.221232414245605469e-01,-4.004316031932830811e-02,-1.746978759765625000e-01
-5.765602923929691315e-03,-5.976194981485605240e-03,7.094606757164001465e-01,9.917337298393249512e-01,1.041633449494838715e-02,1.278355717658996582e-01,3.721743822097778320e-03,-7.366211414337158203e-01,1.524462401866912842e-01,2.178131341934204102e-01,7.423523664474487305e-01,-3.122468590736389160e-01,-2.378941327333450317e-02,-7.556713819503784180e-01,-1.423810422420501709e-01,-1.732068955898284912e-01,8.105056285858154297e-01,-3.485410511493682861e-01,2.320916578173637390e-02,1.237471587955951691e-04,2.088680677115917206e-02,4.890349805355072021e-01,-1.652983069419860840e+00,4.852424561977386475e-01,-3.952669203281402588e-01,9.328758120536804199e-01,-6.236975789070129395e-01,4.953596740961074829e-02,2.098566740751266479e-01,-1.681563377380371094e+00,-4.908666908740997314e-01,4.829145371913909912e-01,9.425328969955444336e-01,6.228042244911193848e-01,-4.108649492263793945e-02,-1.751964688301086426e-01
-5.910219624638557434e-03,-5.736683029681444168e-03,7.097120881080627441e-01,9.917004108428955078e-01,1.029784511774778366e-02,1.281027197837829590e-01,3.731884527951478958e-03,-7.371888160705566406e-01,1.525125950574874878e-01,2.181230783462524414e-01,7.413232326507568359e-01,-3.119182586669921875e-01,-2.412592060863971710e-02,-7.558363676071166992e-01,-1.427124887704849243e-01,-1.734394431114196777e-01,8.095738887786865234e-01,-3.491768240928649902e-01,2.423467487096786499e-02,7.214457582449540496e-06,2.186520770192146301e-02,4.885099232196807861e-01,-1.651791691780090332e+00,4.838609397411346436e-01,-3.950997591018676758e-01,9.320501089096069336e-01,-6.219494938850402832e-01,4.857303574681282043e-02,2.083429545164108276e-01,-1.682360768318176270e+00,-4.919130802154541016e-01,4.866029024124145508e-01,9.447318911552429199e-01,6.241691708564758301e-01,-4.098407179117202759e-02,-1.752970069646835327e-01
-6.055002100765705109e-03,-5.474465899169445038e-03,7.097470164299011230e-01,9.916916489601135254e-01,1.027074828743934631e-02,1.281542479991912842e-01,4.312586039304733276e-03,-7.382395863533020020e-01,1.514670848846435547e-01,2.171973437070846558e-01,7.416523098945617676e-01,-3.123223781585693359e-01,-2.405202947556972504e-02,-7.562260031700134277e-01,-1.436054855585098267e-01,-1.742539256811141968e-01,8.090942502021789551e-01,-3.501076102256774902e-01,2.511766180396080017e-02,-3.900441806763410568e-04,2.282625250518321991e-02,4.881070256233215332e-01,-1.649471402168273926e+00,4.826388955116271973e-01,-3.937514126300811768e-01,9.295017719268798828e-01,-6.192472577095031738e-01,4.904205352067947388e-02,2.062523066997528076e-01,-1.683381438255310059e+00,-4.938424527645111084e-01,4.897557497024536133e-01,9.464666843414306641e-01,6.267219185829162598e-01,-3.973428905010223389e-02,-1.740296632051467896e-01
-6.014741025865077972e-03,-5.225226283073425293e-03,7.096469402313232422e-01,9.917079210281372070e-01,1.035548187792301178e-02,1.279831975698471069e-01,5.341616924852132797e-03,-7.393549084663391113e-01,1.495293825864791870e-01,2.155306637287139893e-01,7.433904409408569336e-01,-3.133673369884490967e-01,-2.314120158553123474e-02,-7.570226788520812988e-01,-1.453625261783599854e-01,-1.757529526948928833e-01,8.100400567054748535e-01,-3.509416878223419189e-01,2.534526027739048004e-02,-1.354245934635400772e-03,2.386757172644138336e-02,4.877280294895172119e-01,-1.646561741828918457e+00,4.810234606266021729e-01,-3.910828828811645508e-01,9.255846738815307617e-01,-6.167351603507995605e-01,5.209195241332054138e-02,2.049142420291900635e-01,-1.683837890625000000e+00,-4.968082308769226074e-01,4.916240274906158447e-01,9.449064135551452637e-01,6.300365924835205078e-01,-3.574233874678611755e-02,-1.704136133193969727e-01
-6.857643369585275650e-03,-5.881905555725097656e-03,7.091339826583862305e-01,9.915701150894165039e-01,1.029463298618793488e-02,1.290168315172195435e-01,6.115997675806283951e-03,-7.467651963233947754e-01,1.450343281030654907e-01,2.147380709648132324e-01,7.458623051643371582e-01,-3.111210167407989502e-01,-2.173421345651149750e-02,-7.550569772720336914e-01,-1.494116336107254028e-01,-1.850679069757461548e-01,8.137119412422180176e-01,-3.507692813873291016e-01,2.287340350449085236e-02,-1.509493915364146233e-03,2.235464751720428467e-02,4.841684401035308838e-01,-1.635455608367919922e+00,4.867242872714996338e-01,-3.856627643108367920e-01,9.216371774673461914e-01,-6.296072006225585938e-01,6.016045808792114258e-02,2.080556452274322510e-01,-1.674287438392639160e+00,-5.066606402397155762e-01,4.923403561115264893e-01,9.516916275024414062e-01,6.319072842597961426e-01,-3.293895348906517029e-02,-1.564073711633682251e-01
-5.975861102342605591e-03,-4.890331998467445374e-03,7.099944353103637695e-01,9.916954636573791504e-01,1.007168926298618317e-02,1.280402839183807373e-01,6.661353167146444321e-03,-7.381654381752014160e-01,1.464426219463348389e-01,2.124553620815277100e-01,7.398046851158142090e-01,-3.125073313713073730e-01,-2.301058359444141388e-02,-7.551811933517456055e-01,-1.474841982126235962e-01,-1.781425774097442627e-01,8.059115409851074219e-01,-3.485807180404663086e-01,2.500547654926776886e-02,-1.302026445046067238e-03,2.487793006002902985e-02,4.881095588207244873e-01,-1.645958662033081055e+00,4.798649549484252930e-01,-3.897428810596466064e-01,9.186812639236450195e-01,-6.076074838638305664e-01,5.387518554925918579e-02,2.083567976951599121e-01,-1.682611584663391113e+00,-5.038530826568603516e-01,4.937660694122314453e-01,9.459205865859985352e-01,6.343743801116943359e-01,-3.650064766407012939e-02,-1.658915877342224121e-01
-5.920593161135911942e-03,-4.665615037083625793e-03,7.103610038757324219e-01,9.916285872459411621e-01,9.706106036901473999e-03,1.285520792007446289e-01,7.274385076016187668e-03,-7.381426692008972168e-01,1.459240913391113281e-01,2.114436477422714233e-01,7.372657656669616699e-01,-3.108468651771545410e-01,-2.375097386538982391e-02,-7.538876533508300781e-01,-1.479591727256774902e-01,-1.798533797264099121e-01,8.027960658073425293e-01,-3.472290635108947754e-01,2.462777867913246155e-02,-6.707340944558382034e-04,2.570707537233829498e-02,4.878935515880584717e-01,-1.646436691284179688e+00,4.787730574607849121e-01,-3.894232809543609619e-01,9.181407094001770020e-01,-6.035566329956054688e-01,5.321713164448738098e-02,2.100737839937210083e-01,-1.682202219963073730e+00,-5.073100328445434570e-01,4.953901469707489014e-01,9.453976154327392578e-01,6.349788904190063477e-01,-3.662125393748283386e-02,-1.643069833517074585e-01
-5.861239507794380188e-03,-4.406968131661415100e-03,7.106965184211730957e-01,9.915371537208557129e-01,9.378034621477127075e-03,1.292338669300079346e-01,8.051769807934761047e-03,-7.393162846565246582e-01,1.457836180925369263e-01,2.109115123748779297e-01,7.359117269515991211e-01,-3.094566464424133301e-01,-2.475976943969726562e-02,-7.530602216720581055e-01,-1.483091413974761963e-01,-1.817001402378082275e-01,7.997958660125732422e-01,-3.463585078716278076e-01,2.477485686540603638e-02,-2.833053877111524343e-04,2.673858031630516052e-02,4.873004853725433350e-01,-1.646098852157592773e+00,4.775727987289428711e-01,-3.892790973186492920e-01,9.178003072738647461e-01,-6.013490557670593262e-01,5.201347544789314270e-02,2.102625668048858643e-01,-1.682672142982482910e+00,-5.104393362998962402e-01,4.969191849231719971e-01,9.436886906623840332e-01,6.349415183067321777e-01,-3.568464517593383789e-02,-1.636057794094085693e-01
-5.801890045404434204e-03,-4.255840089172124863e-03,7.108588814735412598e-01,9.914668798446655273e-01,9.146681986749172211e-03,1.297405362129211426e-01,8.782783523201942444e-03,-7.409863471984863281e-01,1.458599120378494263e-01,2.106417417526245117e-01,7.360058426856994629e-01,-3.089019656181335449e-01,-2.505097165703773499e-02,-7.526517510414123535e-01,-1.486741602420806885e-01,-1.829131692647933960e-01,7.977684736251831055e-01,-3.459486365318298340e-01,2.541834861040115356e-02,3.824837767751887441e-05,2.760995365679264069e-02,4.868855774402618408e-01,-1.645210385322570801e+00,4.774641394615173340e-01,-3.895202577114105225e-01,9.156204462051391602e-01,-6.010614633560180664e-01,5.048273876309394836e-02,2.102860659360885620e-01,-1.683935284614562988e+00,-5.134414434432983398e-01,4.981041550636291504e-01,9.407518506050109863e-01,6.361123323440551758e-01,-3.429292142391204834e-02,-1.635944098234176636e-01
-4.661919549107551575e-03,-4.395327530801296234e-03,7.108193635940551758e-01,9.914432764053344727e-01,9.074995294213294983e-03,1.298745572566986084e-01,9.506973437964916229e-03,-7.430212497711181641e-01,1.455622464418411255e-01,2.101852446794509888e-01,7.379806041717529297e-01,-3.090299963951110840e-01,-2.417517825961112976e-02,-7.530687451362609863e-01,-1.492388546466827393e-01,-1.839895844459533691e-01,7.980303168296813965e-01,-3.462337553501129150e-01,2.637426741421222687e-02,-5.818621866637840867e-05,2.838237211108207703e-02,4.866214096546173096e-01,-1.643783092498779297e+00,4.773150086402893066e-01,-3.901080489158630371e-01,9.120906591415405273e-01,-6.030460596084594727e-01,5.036403611302375793e-02,2.094357609748840332e-01,-1.685155510902404785e+00,-5.155774354934692383e-01,4.982339739799499512e-01,9.364891648292541504e-01,6.379185914993286133e-01,-3.203633800148963928e-02,-1.623954176902770996e-01
-5.240056198090314865e-03,-5.511226598173379898e-03,7.105783224105834961e-01,9.913679957389831543e-01,9.143468923866748810e-03,1.303811669349670410e-01,1.032888423651456833e-02,-7.476866245269775391e-01,1.423746794462203979e-01,2.131335437297821045e-01,7.402769923210144043e-01,-3.060539662837982178e-01,-2.300045080482959747e-02,-7.510899305343627930e-01,-1.534174233675003052e-01,-1.903016865253448486e-01,8.029153347015380859e-01,-3.472908139228820801e-01,2.449644356966018677e-02,9.302106336690485477e-04,2.716158702969551086e-02,4.837554693222045898e-01,-1.630238175392150879e+00,4.853613972663879395e-01,-3.863650262355804443e-01,9.130043387413024902e-01,-6.217471361160278320e-01,5.552408844232559204e-02,2.110444754362106323e-01,-1.677485466003417969e+00,-5.228665471076965332e-01,4.972293972969055176e-01,9.421175122261047363e-01,6.405693888664245605e-01,-2.976245619356632233e-02,-1.505797058343887329e-01
-4.576521925628185272e-03,-4.784871358424425125e-03,7.108934521675109863e-01,9.914214611053466797e-01,8.903191424906253815e-03,1.300308257341384888e-01,9.811356663703918457e-03,-7.426479458808898926e-01,1.448167562484741211e-01,2.095205634832382202e-01,7.366244196891784668e-01,-3.088559508323669434e-01,-2.396841533482074738e-02,-7.517505884170532227e-01,-1.488920152187347412e-01,-1.836723834276199341e-01,7.960249185562133789e-01,-3.465371131896972656e-01,2.811968512833118439e-02,2.700607059523463249e-03,2.855088748037815094e-02,4.879972636699676514e-01,-1.644996762275695801e+00,4.768868386745452881e-01,-3.933977186679840088e-01,9.082907438278198242e-01,-6.014392375946044922e-01,4.740608856081962585e-02,2.137011736631393433e-01,-1.686754703521728516e+00,-5.175853371620178223e-01,4.960144758224487305e-01,9.384551644325256348e-01,6.411095261573791504e-01,-3.803948685526847839e-02,-1.614063084125518799e-01
-4.794309847056865692e-03,-4.752380307763814926e-03,7.109614610671997070e-01,9.913655519485473633e-01,8.568926714360713959e-03,1.304705888032913208e-01,9.917444549500942230e-03,-7.428810596466064453e-01,1.447100192308425903e-01,2.088340818881988525e-01,7.366498112678527832e-01,-3.094295263290405273e-01,-2.456148713827133179e-02,-7.510687112808227539e-01,-1.486406922340393066e-01,-1.847457438707351685e-01,7.959733605384826660e-01,-3.470807075500488281e-01,2.825401909649372101e-02,3.635033732280135155e-03,2.845320105552673340e-02,4.882850646972656250e-01,-1.645444750785827637e+00,4.760790467262268066e-01,-3.937908113002777100e-01,9.090942740440368652e-01,-6.001143455505371094e-01,4.571558907628059387e-02,2.150845527648925781e-01,-1.687042355537414551e+00,-5.184592604637145996e-01,4.938361346721649170e-01,9.388560056686401367e-01,6.405277848243713379e-01,-4.077583178877830505e-02,-1.628796011209487915e-01
-4.888606257736682892e-03,-4.675533622503280640e-03,7.109017968177795410e-01,9.913181066513061523e-01,8.189061656594276428e-03,1.308263093233108521e-01,1.028393395245075226e-02,-7.440546154975891113e-01,1.445630043745040894e-01,2.078324407339096069e-01,7.388816475868225098e-01,-3.111319541931152344e-01,-2.485515177249908447e-02,-7.504207491874694824e-01,-1.491045951843261719e-01,-1.868963539600372314e-01,7.967876791954040527e-01,-3.477904796600341797e-01,2.820629440248012543e-02,3.485041670501232147e-03,2.856487780809402466e-02,4.879004359245300293e-01,-1.644129037857055664e+00,4.756451547145843506e-01,-3.930336833000183105e-01,9.085614681243896484e-01,-5.997197628021240234e-01,4.503015428781509399e-02,2.152039408683776855e-01,-1.686576485633850098e+00,-5.198246240615844727e-01,4.915398061275482178e-01,9.360224008560180664e-01,6.394149065017700195e-01,-4.085761308670043945e-02,-1.645453572273254395e-01
-4.743558354675769806e-03,-4.632755182683467865e-03,7.107246518135070801e-01,9.913132190704345703e-01,7.849019952118396759e-03,1.308504790067672729e-01,1.070808991789817810e-02,-7.452242970466613770e-01,1.444387137889862061e-01,2.069575637578964233e-01,7.421282529830932617e-01,-3.132875859737396240e-01,-2.414162270724773407e-02,-7.502597570419311523e-01,-1.494955271482467651e-01,-1.885199844837188721e-01,7.987157106399536133e-01,-3.489799797534942627e-01,2.775421179831027985e-02,2.618626458570361137e-03,2.856760285794734955e-02,4.874033331871032715e-01,-1.642058491706848145e+00,4.755368530750274658e-01,-3.920919895172119141e-01,9.051349163055419922e-01,-6.006075739860534668e-01,4.563800618052482605e-02,2.152373343706130981e-01,-1.685875654220581055e+00,-5.215067863464355469e-01,4.882487952709197998e-01,9.301849007606506348e-01,6.378320455551147461e-01,-3.854497522115707397e-02,-1.658943891525268555e-01
-4.684949293732643127e-03,-5.458807107061147690e-03,7.106044888496398926e-01,9.912531375885009766e-01,7.589571643620729446e-03,1.313447058200836182e-01,1.040215045213699341e-02,-7.507178783416748047e-01,1.421563923358917236e-01,2.077243030071258545e-01,7.446919083595275879e-01,-3.095154166221618652e-01,-2.313662320375442505e-02,-7.484257221221923828e-01,-1.526488065719604492e-01,-1.946784108877182007e-01,8.028006553649902344e-01,-3.504882752895355225e-01,2.381085976958274841e-02,4.225022625178098679e-03,2.673372998833656311e-02,4.841540753841400146e-01,-1.623835086822509766e+00,4.818192124366760254e-01,-3.858937919139862061e-01,9.061552882194519043e-01,-6.191312670707702637e-01,5.089192092418670654e-02,2.148539125919342041e-01,-1.675281405448913574e+00,-5.278774499893188477e-01,4.835293591022491455e-01,9.319961667060852051e-01,6.396585702896118164e-01,-3.406132757663726807e-02,-1.561658978462219238e-01
-4.120902158319950104e-03,-4.661882296204566956e-03,7.107058763504028320e-01,9.913427233695983887e-01,7.229289039969444275e-03,1.307116597890853882e-01,1.008846424520015717e-02,-7.439034581184387207e-01,1.463194638490676880e-01,2.075880020856857300e-01,7.429931759834289551e-01,-3.138393461704254150e-01,-2.432258985936641693e-02,-7.494820952415466309e-01,-1.483455598354339600e-01,-1.873019039630889893e-01,7.984803318977355957e-01,-3.489078581333160400e-01,2.755187265574932098e-02,4.125188104808330536e-03,2.634192444384098053e-02,4.892112016677856445e-01,-1.641994953155517578e+00,4.753285944461822510e-01,-3.926602602005004883e-01,8.999110460281372070e-01,-6.003290414810180664e-01,4.272595793008804321e-02,2.194242179393768311e-01,-1.684661030769348145e+00,-5.211246013641357422e-01,4.825985431671142578e-01,9.252375960350036621e-01,6.346549987792968750e-01,-4.241126403212547302e-02,-1.715548485517501831e-01
-3.728016046807169914e-03,-4.504828713834285736e-03,7.106553912162780762e-01,9.913384914398193359e-01,6.998071912676095963e-03,1.307743191719055176e-01,9.855022653937339783e-03,-7.444422841072082520e-01,1.475581526756286621e-01,2.075826674699783325e-01,7.447631359100341797e-01,-3.142409324645996094e-01,-2.529155276715755463e-02,-7.507460713386535645e-01,-1.476898342370986938e-01,-1.864733546972274780e-01,7.999803423881530762e-01,-3.493892550468444824e-01,2.731858380138874054e-02,4.576859064400196075e-03,2.508249506354331970e-02,4.898983836174011230e-01,-1.641988396644592285e+00,4.739992320537567139e-01,-3.916448652744293213e-01,9.015703797340393066e-01,-6.000086069107055664e-01,4.233039915561676025e-02,2.191456705331802368e-01,-1.684008598327636719e+00,-5.193388462066650391e-01,4.829789102077484131e-01,9.257109165191650391e-01,6.355226635932922363e-01,-4.298859089612960815e-02,-1.718560904264450073e-01
-3.356331493705511093e-03,-4.172405228018760681e-03,7.105169892311096191e-01,9.913056492805480957e-01,6.777498405426740646e-03,1.310297250747680664e-01,9.918751195073127747e-03,-7.458682060241699219e-01,1.479816734790802002e-01,2.061022222042083740e-01,7.467303276062011719e-01,-3.152590692043304443e-01,-2.675558067858219147e-02,-7.524996995925903320e-01,-1.473631858825683594e-01,-1.861791759729385376e-01,8.013370037078857422e-01,-3.504323959350585938e-01,2.715403959155082703e-02,4.385164473205804825e-03,2.381807751953601837e-02,4.900825917720794678e-01,-1.642275214195251465e+00,4.727035164833068848e-01,-3.908366560935974121e-01,9.054517745971679688e-01,-6.000308394432067871e-01,4.212723299860954285e-02,2.178153693675994873e-01,-1.683718085289001465e+00,-5.177798271179199219e-01,4.845663905143737793e-01,9.269826412200927734e-01,6.385115385055541992e-01,-4.325819760560989380e-02,-1.721934825181961060e-01
-2.877627033740282059e-03,-3.903304692357778549e-03,7.102653980255126953e-01,9.912863969802856445e-01,6.575661711394786835e-03,1.311725974082946777e-01,1.009233947843313217e-02,-7.470607161521911621e-01,1.475564390420913696e-01,2.038452178239822388e-01,7.489542961120605469e-01,-3.168380260467529297e-01,-2.737423963844776154e-02,-7.536796331405639648e-01,-1.469933390617370605e-01,-1.857694983482360840e-01,8.027975559234619141e-01,-3.519231379032135010e-01,2.698531560599803925e-02,3.738878294825553894e-03,2.244216576218605042e-02,4.899131655693054199e-01,-1.642524838447570801e+00,4.718781113624572754e-01,-3.901476562023162842e-01,9.089738726615905762e-01,-5.988476872444152832e-01,4.298229143023490906e-02,2.159095853567123413e-01,-1.683738112449645996e+00,-5.171739459037780762e-01,4.860781133174896240e-01,9.277455210685729980e-01,6.418731212615966797e-01,-4.273084551095962524e-02,-1.735153198242187500e-01
-2.242655493319034576e-03,-3.815994365140795708e-03,7.098486423492431641e-01,9.912922382354736328e-01,6.407447159290313721e-03,1.311056315898895264e-01,1.048572175204753876e-02,-7.482037544250488281e-01,1.467627584934234619e-01,2.013708800077438354e-01,7.523109912872314453e-01,-3.187271952629089355e-01,-2.674746699631214142e-02,-7.549456357955932617e-01,-1.475408673286437988e-01,-1.863750815391540527e-01,8.060116767883300781e-01,-3.539412319660186768e-01,2.689358592033386230e-02,2.120796125382184982e-03,2.125469408929347992e-02,4.895660281181335449e-01,-1.642387151718139648e+00,4.706625044345855713e-01,-3.879415392875671387e-01,9.112790822982788086e-01,-5.977731943130493164e-01,4.562544822692871094e-02,2.145316004753112793e-01,-1.683717966079711914e+00,-5.171354413032531738e-01,4.861524999141693115e-01,9.265614151954650879e-01,6.432123184204101562e-01,-3.962526470422744751e-02,-1.738676279783248901e-01
-1.739448402076959610e-03,-4.534118343144655228e-03,7.093279361724853516e-01,9.912406206130981445e-01,6.047909613698720932e-03,1.315301358699798584e-01,1.025641523301601410e-02,-7.552846670150756836e-01,1.431561410427093506e-01,1.984297186136245728e-01,7.551773786544799805e-01,-3.150723874568939209e-01,-2.661977149546146393e-02,-7.532946467399597168e-01,-1.516215652227401733e-01,-1.926875710487365723e-01,8.137560486793518066e-01,-3.581154346466064453e-01,2.454870007932186127e-02,3.360645845532417297e-03,1.960127614438533783e-02,4.860810637474060059e-01,-1.628687858581542969e+00,4.744623303413391113e-01,-3.813787400722503662e-01,9.132534861564636230e-01,-6.134923100471496582e-01,5.106213688850402832e-02,2.120975852012634277e-01,-1.677319884300231934e+00,-5.209622383117675781e-01,4.872069358825683594e-01,9.347808957099914551e-01,6.471788883209228516e-01,-3.526791930198669434e-02,-1.644910871982574463e-01
-1.475758617743849754e-03,-3.953063860535621643e-03,7.094324231147766113e-01,9.913641810417175293e-01,5.557006690651178360e-03,1.306286901235580444e-01,1.011729892343282700e-02,-7.475637793540954590e-01,1.479132324457168579e-01,1.984477639198303223e-01,7.546477913856506348e-01,-3.200554847717285156e-01,-2.715805917978286743e-02,-7.538018822669982910e-01,-1.473325639963150024e-01,-1.883536726236343384e-01,8.070749640464782715e-01,-3.548029661178588867e-01,2.733772993087768555e-02,1.352647319436073303e-03,1.841837167739868164e-02,4.903591275215148926e-01,-1.643509030342102051e+00,4.681078195571899414e-01,-3.875454366207122803e-01,9.134632349014282227e-01,-5.922577977180480957e-01,4.794625565409660339e-02,2.176780849695205688e-01,-1.682017087936401367e+00,-5.175397396087646484e-01,4.861288070678710938e-01,9.272276759147644043e-01,6.406199336051940918e-01,-4.082449153065681458e-02,-1.774886846542358398e-01
-1.498169498518109322e-03,-3.958623390644788742e-03,7.093325257301330566e-01,9.913781285285949707e-01,5.049032624810934067e-03,1.305644214153289795e-01,9.839707054197788239e-03,-7.485339641571044922e-01,1.493801623582839966e-01,1.975262016057968140e-01,7.550846338272094727e-01,-3.201818466186523438e-01,-2.833275310695171356e-02,-7.537697553634643555e-01,-1.466266661882400513e-01,-1.896826326847076416e-01,8.071039319038391113e-01,-3.554843962192535400e-01,2.706904523074626923e-02,9.486239287070930004e-04,1.686082594096660614e-02,4.903220236301422119e-01,-1.642905831336975098e+00,4.664820134639739990e-01,-3.878194391727447510e-01,9.138339161872863770e-01,-5.908498764038085938e-01,4.866957291960716248e-02,2.201368212699890137e-01,-1.681627035140991211e+00,-5.177959203720092773e-01,4.867527484893798828e-01,9.262905120849609375e-01,6.395752429962158203e-01,-4.066371545195579529e-02,-1.797478795051574707e-01
-1.744477078318595886e-03,-3.788213478401303291e-03,7.092205286026000977e-01,9.914011359214782715e-01,4.691851790994405746e-03,1.304013431072235107e-01,9.860994294285774231e-03,-7.505224943161010742e-01,1.499221026897430420e-01,1.964775323867797852e-01,7.567188143730163574e-01,-3.210417330265045166e-01,-2.960626594722270966e-02,-7.537406682968139648e-01,-1.461219638586044312e-01,-1.906498670578002930e-01,8.072164654731750488e-01,-3.566057085990905762e-01,2.691332250833511353e-02,-2.631237730383872986e-04,1.534904912114143372e-02,4.899136722087860107e-01,-1.641705989837646484e+00,4.651268720626831055e-01,-3.885667026042938232e-01,9.134844541549682617e-01,-5.905305147171020508e-01,4.990988224744796753e-02,2.219826728105545044e-01,-1.682326555252075195e+00,-5.180774927139282227e-01,4.883990883827209473e-01,9.255231618881225586e-01,6.409716606140136719e-01,-3.866441547870635986e-02,-1.811889559030532837e-01
-1.934224041178822517e-03,-3.552792361006140709e-03,7.090847492218017578e-01,9.914404153823852539e-01,4.347875714302062988e-03,1.301058530807495117e-01,9.973382577300071716e-03,-7.529369592666625977e-01,1.499266177415847778e-01,1.948125660419464111e-01,7.598819136619567871e-01,-3.226441740989685059e-01,-3.043850138783454895e-02,-7.536381483078002930e-01,-1.456806957721710205e-01,-1.910530924797058105e-01,8.075888156890869141e-01,-3.577753901481628418e-01,2.694157510995864868e-02,-1.836724928580224514e-03,1.387110352516174316e-02,4.894755780696868896e-01,-1.641535043716430664e+00,4.643181562423706055e-01,-3.899562954902648926e-01,9.130625724792480469e-01,-5.912052392959594727e-01,5.169040337204933167e-02,2.233614921569824219e-01,-1.684007883071899414e+00,-5.182002186775207520e-01,4.896576702594757080e-01,9.245948791503906250e-01,6.439335942268371582e-01,-3.635521605610847473e-02,-1.833102703094482422e-01
-1.906165853142738342e-03,-3.367218654602766037e-03,7.088693976402282715e-01,9.914997816085815430e-01,4.027967806905508041e-03,1.296516358852386475e-01,1.012025028467178345e-02,-7.551395297050476074e-01,1.496360003948211670e-01,1.930651217699050903e-01,7.652136087417602539e-01,-3.251646161079406738e-01,-3.036053106188774109e-02,-7.539853453636169434e-01,-1.458878517150878906e-01,-1.915483027696609497e-01,8.096522688865661621e-01,-3.587720096111297607e-01,2.699426375329494476e-02,-3.594117006286978722e-03,1.289757993072271347e-02,4.890781641006469727e-01,-1.642045021057128906e+00,4.636071920394897461e-01,-3.898708224296569824e-01,9.123391509056091309e-01,-5.927780866622924805e-01,5.414174869656562805e-02,2.244143038988113403e-01,-1.686512112617492676e+00,-5.184262990951538086e-01,4.884397089481353760e-01,9.232509732246398926e-01,6.458710432052612305e-01,-3.291970118880271912e-02,-1.844027489423751831e-01
-1.832320820540189743e-03,-4.287888295948505402e-03,7.082595825195312500e-01,9.914584159851074219e-01,3.650583559647202492e-03,1.299548447132110596e-01,1.042088866233825684e-02,-7.609477043151855469e-01,1.465444862842559814e-01,1.907442659139633179e-01,7.706239223480224609e-01,-3.233340084552764893e-01,-2.879389002919197083e-02,-7.511662840843200684e-01,-1.496612131595611572e-01,-1.983771771192550659e-01,8.173024058341979980e-01,-3.613964617252349854e-01,2.546367980539798737e-02,-3.399057080969214439e-03,1.146971713751554489e-02,4.845325648784637451e-01,-1.630583405494689941e+00,4.685573279857635498e-01,-3.825349211692810059e-01,9.078829288482666016e-01,-6.125066280364990234e-01,6.134178861975669861e-02,2.229976207017898560e-01,-1.678604364395141602e+00,-5.230842232704162598e-01,4.850510954856872559e-01,9.317896962165832520e-01,6.512608528137207031e-01,-3.117221035063266754e-02,-1.725285202264785767e-01
-1.655122265219688416e-03,-3.113732207566499710e-03,7.087986469268798828e-01,9.915947914123535156e-01,3.201614832505583763e-03,1.290220618247985840e-01,9.099600836634635925e-03,-7.549188733100891113e-01,1.510545313358306885e-01,1.896616965532302856e-01,7.689099907875061035e-01,-3.274807333946228027e-01,-3.078152053058147430e-02,-7.522840499877929688e-01,-1.448243111371994019e-01,-1.914117336273193359e-01,8.087885975837707520e-01,-3.571774661540985107e-01,2.782600931823253632e-02,-3.272445872426033020e-03,1.134714577347040176e-02,4.904021024703979492e-01,-1.647352933883666992e+00,4.618551433086395264e-01,-3.905404210090637207e-01,9.141647219657897949e-01,-5.925449132919311523e-01,5.345008894801139832e-02,2.281673252582550049e-01,-1.690696358680725098e+00,-5.186225175857543945e-01,4.838622808456420898e-01,9.276504516601562500e-01,6.459843516349792480e-01,-3.746169060468673706e-02,-1.851405948400497437e-01
-1.663379836827516556e-03,-2.872309880331158638e-03,7.087758183479309082e-01,9.915918707847595215e-01,2.735546557232737541e-03,1.290853321552276611e-01,8.657407015562057495e-03,-7.555433511734008789e-01,1.521688848733901978e-01,1.881262212991714478e-01,7.700228095054626465e-01,-3.280477523803710938e-01,-3.102578036487102509e-02,-7.521054148674011230e-01,-1.439253985881805420e-01,-1.923352181911468506e-01,8.091102242469787598e-01,-3.572111129760742188e-01,2.789510227739810944e-02,-2.255338942632079124e-03,1.092884689569473267e-02,4.903108477592468262e-01,-1.649293065071105957e+00,4.590280354022979736e-01,-3.899819254875183105e-01,9.185536503791809082e-01,-5.926693677902221680e-01,5.107664689421653748e-02,2.292368412017822266e-01,-1.692952513694763184e+00,-5.180901885032653809e-01,4.831087291240692139e-01,9.295546412467956543e-01,6.459785103797912598e-01,-3.869620710611343384e-02,-1.853749305009841919e-01
-1.751546049490571022e-03,-2.506247023120522499e-03,7.085996270179748535e-01,9.915913343429565430e-01,2.309330506250262260e-03,1.290791779756546021e-01,8.934624493122100830e-03,-7.572123408317565918e-01,1.525768339633941650e-01,1.862385421991348267e-01,7.723028659820556641e-01,-3.289768397808074951e-01,-3.097745962440967560e-02,-7.523719072341918945e-01,-1.439867764711380005e-01,-1.945585161447525024e-01,8.104469776153564453e-01,-3.582436442375183105e-01,2.768278308212757111e-02,-2.461797557771205902e-03,1.085803471505641937e-02,4.894884228706359863e-01,-1.650179266929626465e+00,4.560153186321258545e-01,-3.895053565502166748e-01,9.230732917785644531e-01,-5.931478738784790039e-01,4.974111542105674744e-02,2.286546975374221802e-01,-1.694266676902770996e+00,-5.163055062294006348e-01,4.832206368446350098e-01,9.297854900360107422e-01,6.469311118125915527e-01,-3.672406822443008423e-02,-1.854531615972518921e-01
-1.737812650389969349e-03,-2.179938135668635368e-03,7.083634734153747559e-01,9.916036725044250488e-01,2.068060450255870819e-03,1.289485394954681396e-01,9.497561492025852203e-03,-7.590771317481994629e-01,1.523675620555877686e-01,1.850413531064987183e-01,7.752056717872619629e-01,-3.299079239368438721e-01,-3.019626066088676453e-02,-7.529567480087280273e-01,-1.442453861236572266e-01,-1.960092037916183472e-01,8.120825886726379395e-01,-3.596158325672149658e-01,2.716640941798686981e-02,-3.048916114494204521e-03,1.066631171852350235e-02,4.887973368167877197e-01,-1.650649309158325195e+00,4.537922739982604980e-01,-3.885938525199890137e-01,9.250249266624450684e-01,-5.942457914352416992e-01,5.083187296986579895e-02,2.275370061397552490e-01,-1.695110797882080078e+00,-5.145290493965148926e-01,4.827122390270233154e-01,9.296959638595581055e-01,6.475666761398315430e-01,-3.365312516689300537e-02,-1.853829622268676758e-01
-1.421059947460889816e-03,-3.419448854401707649e-03,7.080681920051574707e-01,9.915130138397216797e-01,1.872726716101169586e-03,1.296118646860122681e-01,9.957107715308666229e-03,-7.659556269645690918e-01,1.494397222995758057e-01,1.842959672212600708e-01,7.776506543159484863e-01,-3.248948156833648682e-01,-2.843820489943027496e-02,-7.502244710922241211e-01,-1.468909978866577148e-01,-2.020454853773117065e-01,8.162315487861633301e-01,-3.604459762573242188e-01,2.421045862138271332e-02,-1.565607148222625256e-03,1.005295570939779282e-02,4.869663119316101074e-01,-1.638809204101562500e+00,4.592137038707733154e-01,-3.851650059223175049e-01,9.221357107162475586e-01,-6.145278811454772949e-01,5.709119513630867004e-02,2.246814072132110596e-01,-1.684367179870605469e+00,-5.187684297561645508e-01,4.806917905807495117e-01,9.363700151443481445e-01,6.527442336082458496e-01,-3.080973029136657715e-02,-1.759425997734069824e-01
-1.571508590131998062e-03,-2.236446598544716835e-03,7.084647417068481445e-01,9.915588498115539551e-01,1.724128611385822296e-03,1.292870342731475830e-01,9.641185402870178223e-03,-7.600902915000915527e-01,1.519795358180999756e-01,1.839046329259872437e-01,7.726197242736816406e-01,-3.271650373935699463e-01,-2.903805673122406006e-02,-7.516222596168518066e-01,-1.442366540431976318e-01,-1.965741217136383057e-01,8.077958822250366211e-01,-3.576788604259490967e-01,2.634983696043491364e-02,-1.974426675587892532e-03,1.019075885415077209e-02,4.905244708061218262e-01,-1.655777573585510254e+00,4.519841074943542480e-01,-3.906123638153076172e-01,9.257325530052185059e-01,-5.930098295211791992e-01,5.039856582880020142e-02,2.308379709720611572e-01,-1.695575714111328125e+00,-5.117887258529663086e-01,4.812514781951904297e-01,9.361534118652343750e-01,6.460655331611633301e-01,-3.815415501594543457e-02,-1.859470903873443604e-01
-1.436174381524324417e-03,-2.328979317098855972e-03,7.086347937583923340e-01,9.914941191673278809e-01,1.696022110991179943e-03,1.297868937253952026e-01,9.587398730218410492e-03,-7.607019543647766113e-01,1.520462334156036377e-01,1.832758039236068726e-01,7.705690264701843262e-01,-3.253345787525177002e-01,-2.938178181648254395e-02,-7.515429258346557617e-01,-1.440204381942749023e-01,-1.967357546091079712e-01,8.054718971252441406e-01,-3.557230532169342041e-01,2.607108093798160553e-02,-5.443675327114760876e-04,1.035484205931425095e-02,4.912461936473846436e-01,-1.657545447349548340e+00,4.502293467521667480e-01,-3.914998173713684082e-01,9.283989071846008301e-01,-5.923237204551696777e-01,4.934620112180709839e-02,2.319015860557556152e-01,-1.696400284767150879e+00,-5.104979276657104492e-01,4.808441698551177979e-01,9.403969049453735352e-01,6.441866159439086914e-01,-3.964087367057800293e-02,-1.844340413808822632e-01
-1.308495178818702698e-03,-2.188439480960369110e-03,7.086637020111083984e-01,9.914200901985168457e-01,1.752724056132137775e-03,1.303278654813766479e-01,9.890052489936351776e-03,-7.620856761932373047e-01,1.516987383365631104e-01,1.825473010540008545e-01,7.698407769203186035e-01,-3.242302834987640381e-01,-3.001156449317932129e-02,-7.526770830154418945e-01,-1.442140936851501465e-01,-1.974018514156341553e-01,8.043792843818664551e-01,-3.542371988296508789e-01,2.573464810848236084e-02,7.956988411024212837e-04,1.074502523988485336e-02,4.912777543067932129e-01,-1.657686471939086914e+00,4.477423131465911865e-01,-3.919674456119537354e-01,9.325514435768127441e-01,-5.913210511207580566e-01,4.783749952912330627e-02,2.296271026134490967e-01,-1.697086572647094727e+00,-5.091112852096557617e-01,4.804159402847290039e-01,9.444400668144226074e-01,6.434606909751892090e-01,-3.932800516486167908e-02,-1.827535182237625122e-01
-1.193433301523327827e-03,-2.004356821998953819e-03,7.085402011871337891e-01,9.913704991340637207e-01,1.718335086479783058e-03,1.306515634059906006e-01,1.057310216128826141e-02,-7.638319134712219238e-01,1.507727056741714478e-01,1.809721738100051880e-01,7.705838084220886230e-01,-3.242318928241729736e-01,-3.045977838337421417e-02,-7.541834115982055664e-01,-1.446760743856430054e-01,-1.981840878725051880e-01,8.044338226318359375e-01,-3.534902334213256836e-01,2.525508776307106018e-02,1.159293111413717270e-03,1.114726718515157700e-02,4.908080697059631348e-01,-1.656680703163146973e+00,4.455351829528808594e-01,-3.915954530239105225e-01,9.355275630950927734e-01,-5.907773375511169434e-01,4.723094776272773743e-02,2.266884595155715942e-01,-1.696954846382141113e+00,-5.080187320709228516e-01,4.806058406829833984e-01,9.464257955551147461e-01,6.435198187828063965e-01,-3.660447150468826294e-02,-1.817693859338760376e-01
-1.066986587829887867e-03,-1.937174703925848007e-03,7.083375453948974609e-01,9.913707375526428223e-01,1.692216843366622925e-03,1.305890679359436035e-01,1.130056474357843399e-02,-7.656661272048950195e-01,1.500351428985595703e-01,1.800884604454040527e-01,7.730893492698669434e-01,-3.247214853763580322e-01,-3.029689565300941467e-02,-7.560133337974548340e-01,-1.454422622919082642e-01,-1.985606253147125244e-01,8.069412708282470703e-01,-3.540441393852233887e-01,2.488779090344905853e-02,5.582862650044262409e-04,1.138841547071933746e-02,4.903487861156463623e-01,-1.655200600624084473e+00,4.437747597694396973e-01,-3.910876512527465820e-01,9.372888803482055664e-01,-5.918127298355102539e-01,4.875238239765167236e-02,2.249134778976440430e-01,-1.695601105690002441e+00,-5.067776441574096680e-01,4.805345833301544189e-01,9.466016292572021484e-01,6.418557167053222656e-01,-3.233966231346130371e-02,-1.819296032190322876e-01
-2.128775231540203094e-04,-3.317757043987512589e-03,7.082823514938354492e-01,9.913361072540283203e-01,1.566403312608599663e-03,1.308037042617797852e-01,1.185984350740909576e-02,-7.728209495544433594e-01,1.470174640417098999e-01,1.813238561153411865e-01,7.754809856414794922e-01,-3.196274936199188232e-01,-3.079503588378429413e-02,-7.530909180641174316e-01,-1.488650739192962646e-01,-2.021567076444625854e-01,8.125058412551879883e-01,-3.555268645286560059e-01,2.459986694157123566e-02,1.647598692215979099e-03,1.072289980947971344e-02,4.860897660255432129e-01,-1.639629125595092773e+00,4.506305158138275146e-01,-3.917533159255981445e-01,9.326171278953552246e-01,-6.159349679946899414e-01,5.236832797527313232e-02,2.284383326768875122e-01,-1.684800267219543457e+00,-5.115754604339599609e-01,4.809689521789550781e-01,9.534118771553039551e-01,6.407420039176940918e-01,-3.383056819438934326e-02,-1.713973581790924072e-01
-7.317033596336841583e-04,-2.333508105948567390e-03,7.080603241920471191e-01,9.914001822471618652e-01,1.462130690924823284e-03,1.303623765707015991e-01,1.136514078825712204e-02,-7.677205204963684082e-01,1.500131189823150635e-01,1.793872714042663574e-01,7.747539877891540527e-01,-3.239050507545471191e-01,-3.093187697231769562e-02,-7.571306228637695312e-01,-1.457685232162475586e-01,-1.963026970624923706e-01,8.099007010459899902e-01,-3.557243049144744873e-01,2.601232007145881653e-02,1.034585409797728062e-03,1.048618182539939880e-02,4.916232526302337646e-01,-1.656471252441406250e+00,4.440085291862487793e-01,-3.957044184207916260e-01,9.346728920936584473e-01,-5.923013091087341309e-01,5.008054524660110474e-02,2.287990748882293701e-01,-1.691962957382202148e+00,-5.029131770133972168e-01,4.818120002746582031e-01,9.528024792671203613e-01,6.351436972618103027e-01,-3.618776053190231323e-02,-1.866261065006256104e-01
-5.134011153131723404e-04,-2.582076238468289375e-03,7.077829241752624512e-01,9.913975596427917480e-01,1.345434924587607384e-03,1.303938180208206177e-01,1.125073153525590897e-02,-7.696037888526916504e-01,1.505224257707595825e-01,1.789322495460510254e-01,7.775092124938964844e-01,-3.244256973266601562e-01,-3.099089115858078003e-02,-7.580775022506713867e-01,-1.462185084819793701e-01,-1.962704807519912720e-01,8.128517866134643555e-01,-3.573001027107238770e-01,2.665361762046813965e-02,1.492597046308219433e-03,1.032900065183639526e-02,4.921621978282928467e-01,-1.656640291213989258e+00,4.443775713443756104e-01,-3.961613476276397705e-01,9.337041974067687988e-01,-5.916508436203002930e-01,5.011496692895889282e-02,2.286297231912612915e-01,-1.691108822822570801e+00,-5.006343722343444824e-01,4.822655916213989258e-01,9.550787806510925293e-01,6.317110657691955566e-01,-3.777920454740524292e-02,-1.871451735496520996e-01
-3.208306152373552322e-04,-2.602630993351340294e-03,7.073991298675537109e-01,9.914215803146362305e-01,1.242368482053279877e-03,1.302028596401214600e-01,1.135496329516172409e-02,-7.714712023735046387e-01,1.507739126682281494e-01,1.775606423616409302e-01,7.819670438766479492e-01,-3.264359235763549805e-01,-3.084798157215118408e-02,-7.584669589996337891e-01,-1.466772705316543579e-01,-1.975174546241760254e-01,8.157870173454284668e-01,-3.586330711841583252e-01,2.673052996397018433e-02,2.141075907275080681e-03,1.055177580565214157e-02,4.923096299171447754e-01,-1.656025290489196777e+00,4.447166919708251953e-01,-3.950233459472656250e-01,9.329745769500732422e-01,-5.908517241477966309e-01,4.963159188628196716e-02,2.260330766439437866e-01,-1.690368056297302246e+00,-4.985969662666320801e-01,4.820938706398010254e-01,9.573523998260498047e-01,6.309381723403930664e-01,-3.778358548879623413e-02,-1.856536716222763062e-01
-1.516377087682485580e-04,-2.428042236715555191e-03,7.069778442382812500e-01,9.914824366569519043e-01,1.165444846265017986e-03,1.297155022621154785e-01,1.162506733089685440e-02,-7.724847793579101562e-01,1.506585627794265747e-01,1.751368790864944458e-01,7.865940928459167480e-01,-3.292924165725708008e-01,-3.062611445784568787e-02,-7.585037946701049805e-01,-1.469206362962722778e-01,-1.994979381561279297e-01,8.185991644859313965e-01,-3.596686422824859619e-01,2.611625753343105316e-02,2.503163646906614304e-03,1.072784420102834702e-02,4.919063448905944824e-01,-1.654968500137329102e+00,4.453203380107879639e-01,-3.932319283485412598e-01,9.319985508918762207e-01,-5.914884805679321289e-01,4.899668321013450623e-02,2.225715368986129761e-01,-1.689569234848022461e+00,-4.973620772361755371e-01,4.815262556076049805e-01,9.574676752090454102e-01,6.310585737228393555e-01,-3.595582023262977600e-02,-1.827611625194549561e-01
-1.213746145367622375e-05,-2.233480103313922882e-03,7.065722942352294922e-01,9.915692210197448730e-01,1.156269572675228119e-03,1.290172487497329712e-01,1.198790967464447021e-02,-7.729520201683044434e-01,1.504508107900619507e-01,1.730344295501708984e-01,7.911357879638671875e-01,-3.321599662303924561e-01,-3.005536086857318878e-02,-7.589486837387084961e-01,-1.471233069896697998e-01,-2.017595022916793823e-01,8.221340775489807129e-01,-3.609412312507629395e-01,2.489179559051990509e-02,2.574356272816658020e-03,1.107018347829580307e-02,4.910029768943786621e-01,-1.654216527938842773e+00,4.457867443561553955e-01,-3.913521170616149902e-01,9.300585389137268066e-01,-5.925089120864868164e-01,4.919791594147682190e-02,2.198144793510437012e-01,-1.688587546348571777e+00,-4.968816041946411133e-01,4.802853465080261230e-01,9.547529816627502441e-01,6.296631693840026855e-01,-3.231607377529144287e-02,-1.785168945789337158e-01
9.452737867832183838e-05,-2.716370625421404839e-03,7.066109180450439453e-01,9.916037321090698242e-01,1.286021433770656586e-03,1.286998391151428223e-01,1.252220943570137024e-02,-7.751873135566711426e-01,1.470671594142913818e-01,1.747478842735290527e-01,7.921456694602966309e-01,-3.281085491180419922e-01,-2.882976643741130829e-02,-7.542253732681274414e-01,-1.509097665548324585e-01,-2.083431184291839600e-01,8.271700143814086914e-01,-3.639903068542480469e-01,2.069982141256332397e-02,4.587521310895681381e-03,1.021055225282907486e-02,4.836111366748809814e-01,-1.636178612709045410e+00,4.486632049083709717e-01,-3.860560357570648193e-01,9.282747507095336914e-01,-6.144266128540039062e-01,5.145944654941558838e-02,2.127786576747894287e-01,-1.673703908920288086e+00,-5.040691494941711426e-01,4.771229326725006104e-01,9.587888121604919434e-01,6.299139857292175293e-01,-3.417665138840675354e-02,-1.661923080682754517e-01
-2.401710953563451767e-04,-2.162475837394595146e-03,7.063308954238891602e-01,9.917291402816772461e-01,1.315284636802971363e-03,1.278027296066284180e-01,1.174898073077201843e-02,-7.701693177223205566e-01,1.500670611858367920e-01,1.712727546691894531e-01,7.916488647460937500e-01,-3.335520923137664795e-01,-3.121468424797058105e-02,-7.579128742218017578e-01,-1.471638083457946777e-01,-2.021016776561737061e-01,8.234610557556152344e-01,-3.619774281978607178e-01,2.321922592818737030e-02,3.801112063229084015e-03,1.092646364122629166e-02,4.905230402946472168e-01,-1.657330870628356934e+00,4.462055265903472900e-01,-3.918542861938476562e-01,9.262651205062866211e-01,-5.911253690719604492e-01,4.856846854090690613e-02,2.232379913330078125e-01,-1.686431050300598145e+00,-4.961060285568237305e-01,4.785613119602203369e-01,9.534462690353393555e-01,6.246016025543212891e-01,-3.477407619357109070e-02,-1.796686500310897827e-01
-5.361181683838367462e-04,-2.187746809795498848e-03,7.062780261039733887e-01,9.917770028114318848e-01,1.493626506999135017e-03,1.274538040161132812e-01,1.147658657282590866e-02,-7.695078849792480469e-01,1.500716954469680786e-01,1.716047972440719604e-01,7.914364933967590332e-01,-3.336076736450195312e-01,-3.188821300864219666e-02,-7.578299045562744141e-01,-1.476175338029861450e-01,-2.009591907262802124e-01,8.239634633064270020e-01,-3.628209233283996582e-01,2.348736487329006195e-02,3.763389540836215019e-03,1.089752186089754105e-02,4.900965988636016846e-01,-1.659033179283142090e+00,4.458484351634979248e-01,-3.916541635990142822e-01,9.259740710258483887e-01,-5.913795828819274902e-01,4.846777766942977905e-02,2.261173427104949951e-01,-1.687515616416931152e+00,-4.950993359088897705e-01,4.793560504913330078e-01,9.536476135253906250e-01,6.244552731513977051e-01,-3.570824861526489258e-02,-1.820057630538940430e-01
-9.354029316455125809e-04,-2.181100193411111832e-03,7.061600685119628906e-01,9.918251633644104004e-01,1.843331498093903065e-03,1.270693987607955933e-01,1.152172498404979706e-02,-7.694551348686218262e-01,1.495549529790878296e-01,1.719264388084411621e-01,7.924891710281372070e-01,-3.344476222991943359e-01,-3.221460431814193726e-02,-7.579289674758911133e-01,-1.488565057516098022e-01,-2.002064585685729980e-01,8.254528045654296875e-01,-3.637592494487762451e-01,2.414190024137496948e-02,2.402284648269414902e-03,1.114970445632934570e-02,4.892949759960174561e-01,-1.659668087959289551e+00,4.456090927124023438e-01,-3.908653557300567627e-01,9.263410568237304688e-01,-5.922963023185729980e-01,4.957799613475799561e-02,2.271183133125305176e-01,-1.689787268638610840e+00,-4.939599633216857910e-01,4.816650152206420898e-01,9.535428285598754883e-01,6.266378760337829590e-01,-3.317173570394515991e-02,-1.806627064943313599e-01
-1.223685336299240589e-03,-2.099495148286223412e-03,7.059468626976013184e-01,9.919014573097229004e-01,2.415071940049529076e-03,1.264615058898925781e-01,1.154159288853406906e-02,-7.689882516860961914e-01,1.488143205642700195e-01,1.726350635290145874e-01,7.939055562019348145e-01,-3.354416787624359131e-01,-3.159266710281372070e-02,-7.582005858421325684e-01,-1.498981267213821411e-01,-1.990135014057159424e-01,8.279716372489929199e-01,-3.645078837871551514e-01,2.456513792276382446e-02,9.428905323147773743e-04,1.148258615285158157e-02,4.885347485542297363e-01,-1.659986376762390137e+00,4.462628364562988281e-01,-3.896945714950561523e-01,9.261220693588256836e-01,-5.935279130935668945e-01,5.261944234371185303e-02,2.272178679704666138e-01,-1.691815495491027832e+00,-4.941073060035705566e-01,4.825778305530548096e-01,9.523062109947204590e-01,6.290785670280456543e-01,-2.871732041239738464e-02,-1.767585873603820801e-01
2.878070808947086334e-04,-3.275782335549592972e-03,7.063449621200561523e-01,9.918861389160156250e-01,3.062569536268711090e-03,1.265707612037658691e-01,1.150544453412294388e-02,-7.716661095619201660e-01,1.444768607616424561e-01,1.753897219896316528e-01,7.926985025405883789e-01,-3.295555412769317627e-01,-2.963581122457981110e-02,-7.544909119606018066e-01,-1.541396677494049072e-01,-2.046615332365036011e-01,8.304261565208435059e-01,-3.642687201499938965e-01,2.199790999293327332e-02,2.156041096895933151e-03,1.127014402300119400e-02,4.820213913917541504e-01,-1.641569375991821289e+00,4.499813318252563477e-01,-3.831100165843963623e-01,9.244370460510253906e-01,-6.136700510978698730e-01,6.275379657745361328e-02,2.188894748687744141e-01,-1.678501248359680176e+00,-5.012192726135253906e-01,4.791540205478668213e-01,9.568079113960266113e-01,6.343409419059753418e-01,-2.710153348743915558e-02,-1.656094044446945190e-01
-1.416191458702087402e-03,-1.614096807315945625e-03,7.060239911079406738e-01,9.920066595077514648e-01,3.247433342039585114e-03,1.257483959197998047e-01,9.980587288737297058e-03,-7.645709514617919922e-01,1.487497240304946899e-01,1.750612854957580566e-01,7.902121543884277344e-01,-3.332162797451019287e-01,-3.111873194575309753e-02,-7.571769952774047852e-01,-1.488866060972213745e-01,-1.969289332628250122e-01,8.273287415504455566e-01,-3.624368607997894287e-01,2.414704672992229462e-02,3.184983739629387856e-03,1.188064739108085632e-02,4.892469048500061035e-01,-1.664714097976684570e+00,4.472491741180419922e-01,-3.902330100536346436e-01,9.269036054611206055e-01,-5.948901772499084473e-01,5.217945203185081482e-02,2.296787500381469727e-01,-1.693563580513000488e+00,-4.961204528808593750e-01,4.819431602954864502e-01,9.551944732666015625e-01,6.323976516723632812e-01,-3.008096106350421906e-02,-1.760547012090682983e-01
-1.348014455288648605e-03,-1.371386228129267693e-03,7.061426043510437012e-01,9.919742345809936523e-01,3.466967027634382248e-03,1.260780096054077148e-01,8.917609229683876038e-03,-7.635401487350463867e-01,1.495157182216644287e-01,1.770808845758438110e-01,7.882769703865051270e-01,-3.317434489727020264e-01,-3.166867420077323914e-02,-7.584444284439086914e-01,-1.478138715028762817e-01,-1.965497434139251709e-01,8.263142704963684082e-01,-3.606688082218170166e-01,2.333601005375385284e-02,5.158729851245880127e-03,1.211033761501312256e-02,4.900711774826049805e-01,-1.667297005653381348e+00,4.467549324035644531e-01,-3.908084332942962646e-01,9.308385848999023438e-01,-5.965261459350585938e-01,4.940846934914588928e-02,2.290637046098709106e-01,-1.695399522781372070e+00,-4.967443048954010010e-01,4.821968078613281250e-01,9.563626646995544434e-01,6.334108114242553711e-01,-3.232823684811592102e-02,-1.761109977960586548e-01
-1.255945302546024323e-03,-1.223096856847405434e-03,7.062236666679382324e-01,9.919307231903076172e-01,3.680241992697119713e-03,1.264632791280746460e-01,8.180999197065830231e-03,-7.633219361305236816e-01,1.498099416494369507e-01,1.789111644029617310e-01,7.868674993515014648e-01,-3.311313390731811523e-01,-3.226050734519958496e-02,-7.603737711906433105e-01,-1.476976424455642700e-01,-1.965620517730712891e-01,8.256913423538208008e-01,-3.591982722282409668e-01,2.278188988566398621e-02,6.231884937733411789e-03,1.237603183835744858e-02,4.906485378742218018e-01,-1.668907761573791504e+00,4.464669227600097656e-01,-3.908439576625823975e-01,9.344682097434997559e-01,-5.974814295768737793e-01,4.729088023304939270e-02,2.271183878183364868e-01,-1.697734355926513672e+00,-4.970926344394683838e-01,4.821463823318481445e-01,9.563585519790649414e-01,6.343858838081359863e-01,-3.339805454015731812e-02,-1.756860166788101196e-01
-1.177486963570117950e-03,-1.208123168908059597e-03,7.062194943428039551e-01,9.918927550315856934e-01,3.920031245797872543e-03,1.267818212509155273e-01,7.735084276646375656e-03,-7.639079689979553223e-01,1.497351676225662231e-01,1.806028187274932861e-01,7.858872413635253906e-01,-3.310134410858154297e-01,-3.266344219446182251e-02,-7.623834013938903809e-01,-1.480883359909057617e-01,-1.963645368814468384e-01,8.254829049110412598e-01,-3.576083481311798096e-01,2.227869071066379547e-02,6.345200818032026291e-03,1.246732566505670547e-02,4.909608364105224609e-01,-1.670165896415710449e+00,4.470692873001098633e-01,-3.906337022781372070e-01,9.367697238922119141e-01,-5.975810289382934570e-01,4.724222794175148010e-02,2.255832850933074951e-01,-1.700587272644042969e+00,-4.974632561206817627e-01,4.814740121364593506e-01,9.559146165847778320e-01,6.357737183570861816e-01,-3.266994655132293701e-02,-1.766869574785232544e-01
-1.200180267915129662e-03,-1.292304252274334431e-03,7.061310410499572754e-01,9.918570518493652344e-01,4.224067553877830505e-03,1.270637810230255127e-01,7.520710118114948273e-03,-7.650367021560668945e-01,1.496118903160095215e-01,1.822693794965744019e-01,7.857520580291748047e-01,-3.306181728839874268e-01,-3.240735083818435669e-02,-7.650099396705627441e-01,-1.489640474319458008e-01,-1.959992498159408569e-01,8.268368840217590332e-01,-3.564418256282806396e-01,2.181739732623100281e-02,5.716395098716020584e-03,1.259442884474992752e-02,4.911779761314392090e-01,-1.671224474906921387e+00,4.479433596134185791e-01,-3.902083635330200195e-01,9.378433227539062500e-01,-5.978155732154846191e-01,4.917648434638977051e-02,2.253807932138442993e-01,-1.703846812248229980e+00,-4.973190724849700928e-01,4.800678491592407227e-01,9.548105597496032715e-01,6.361310482025146484e-01,-3.043688274919986725e-02,-1.771453320980072021e-01
-1.409349963068962097e-03,-2.152682049199938774e-03,7.062789201736450195e-01,9.916868209838867188e-01,3.972989972680807114e-03,1.283641010522842407e-01,8.009249344468116760e-03,-7.734301686286926270e-01,1.468560099601745605e-01,1.822998225688934326e-01,7.857194542884826660e-01,-3.237244188785552979e-01,-3.097781166434288025e-02,-7.621766328811645508e-01,-1.527622491121292114e-01,-2.031593173742294312e-01,8.282908201217651367e-01,-3.565975725650787354e-01,1.994327828288078308e-02,5.380592774599790573e-03,1.234546676278114319e-02,4.859610199928283691e-01,-1.655243396759033203e+00,4.508289694786071777e-01,-3.842149674892425537e-01,9.348114132881164551e-01,-6.183458566665649414e-01,5.829704552888870239e-02,2.179689109325408936e-01,-1.694355845451354980e+00,-5.013981461524963379e-01,4.738718867301940918e-01,9.612609148025512695e-01,6.402855515480041504e-01,-3.162302449345588684e-02,-1.656070500612258911e-01
-2.012314274907112122e-03,-1.764537300914525986e-03,7.061415910720825195e-01,9.917235374450683594e-01,4.389586392790079117e-03,1.281464695930480957e-01,6.607764400541782379e-03,-7.665696740150451660e-01,1.509363055229187012e-01,1.834052950143814087e-01,7.821113467216491699e-01,-3.267523050308227539e-01,-3.283917903900146484e-02,-7.681411504745483398e-01,-1.486234068870544434e-01,-1.966633945703506470e-01,8.259385228157043457e-01,-3.537809848785400391e-01,2.076027169823646545e-02,5.673168692737817764e-03,1.226980425417423248e-02,4.921396970748901367e-01,-1.674215197563171387e+00,4.498023986816406250e-01,-3.931799232959747314e-01,9.390252828598022461e-01,-5.970212817192077637e-01,4.910322651267051697e-02,2.272273451089859009e-01,-1.706197619438171387e+00,-4.955202341079711914e-01,4.775711894035339355e-01,9.553664326667785645e-01,6.360431909561157227e-01,-3.320175036787986755e-02,-1.791583150625228882e-01
-2.608628943562507629e-03,-2.190222730860114098e-03,7.062768936157226562e-01,9.916426539421081543e-01,4.384809173643589020e-03,1.287927925586700439e-01,6.169888656586408615e-03,-7.670786976814270020e-01,1.519963741302490234e-01,1.832232773303985596e-01,7.803031802177429199e-01,-3.245930969715118408e-01,-3.399385884404182434e-02,-7.697517871856689453e-01,-1.472710072994232178e-01,-1.978600621223449707e-01,8.255597949028015137e-01,-3.533904254436492920e-01,1.952487789094448090e-02,5.807696375995874405e-03,1.206701155751943588e-02,4.922238588333129883e-01,-1.674997329711914062e+00,4.500065147876739502e-01,-3.943807780742645264e-01,9.410068988800048828e-01,-5.987438559532165527e-01,4.817589372396469116e-02,2.270469963550567627e-01,-1.707042694091796875e+00,-4.944638013839721680e-01,4.764715433120727539e-01,9.538421034812927246e-01,6.356170177459716797e-01,-3.408697992563247681e-02,-1.796782910823822021e-01
-3.075286513194441795e-03,-2.499679336324334145e-03,7.063557505607604980e-01,9.915688037872314453e-01,4.364963620901107788e-03,1.293608695268630981e-01,6.172120571136474609e-03,-7.678341269493103027e-01,1.524338126182556152e-01,1.820646971464157104e-01,7.789193987846374512e-01,-3.232277035713195801e-01,-3.537758067250251770e-02,-7.711984515190124512e-01,-1.460526287555694580e-01,-1.993165910243988037e-01,8.251606225967407227e-01,-3.535094857215881348e-01,1.882270351052284241e-02,5.199990700930356979e-03,1.217741891741752625e-02,4.921057522296905518e-01,-1.674903035163879395e+00,4.501981735229492188e-01,-3.956070542335510254e-01,9.420265555381774902e-01,-6.012454628944396973e-01,4.715633019804954529e-02,2.262771576642990112e-01,-1.708174943923950195e+00,-4.927874505519866943e-01,4.753967225551605225e-01,9.508206844329833984e-01,6.355062723159790039e-01,-3.405237197875976562e-02,-1.802134960889816284e-01
-3.342589596286416054e-03,-2.723660087212920189e-03,7.062839269638061523e-01,9.915271401405334473e-01,4.384269472211599350e-03,1.296670883893966675e-01,6.416613236069679260e-03,-7.687743306159973145e-01,1.522316485643386841e-01,1.805089712142944336e-01,7.781305313110351562e-01,-3.225450217723846436e-01,-3.624349460005760193e-02,-7.724205851554870605e-01,-1.452986001968383789e-01,-2.002422809600830078e-01,8.251760005950927734e-01,-3.534691035747528076e-01,1.815835013985633850e-02,4.100520163774490356e-03,1.241889409720897675e-02,4.920945167541503906e-01,-1.674187421798706055e+00,4.515063762664794922e-01,-3.958975970745086670e-01,9.404519796371459961e-01,-6.031140089035034180e-01,4.743283614516258240e-02,2.256793230772018433e-01,-1.709261894226074219e+00,-4.912576973438262939e-01,4.735952615737915039e-01,9.454846978187561035e-01,6.349129676818847656e-01,-3.259780257940292358e-02,-1.829458177089691162e-01
-3.407914889976382256e-03,-2.949791494756937027e-03,7.062064409255981445e-01,9.915299415588378906e-01,4.452869296073913574e-03,1.296255141496658325e-01,6.767244078218936920e-03,-7.694235444068908691e-01,1.515964269638061523e-01,1.794964075088500977e-01,7.786023020744323730e-01,-3.227617740631103516e-01,-3.610248491168022156e-02,-7.737581729888916016e-01,-1.452175676822662354e-01,-2.011943459510803223e-01,8.266047239303588867e-01,-3.535439670085906982e-01,1.736288145184516907e-02,2.787108067423105240e-03,1.268310006707906723e-02,4.920769631862640381e-01,-1.672111630439758301e+00,4.532024860382080078e-01,-3.932386934757232666e-01,9.365570545196533203e-01,-6.031289696693420410e-01,4.967076703906059265e-02,2.253353595733642578e-01,-1.709711790084838867e+00,-4.894904494285583496e-01,4.703781306743621826e-01,9.375787377357482910e-01,6.325092315673828125e-01,-2.942323312163352966e-02,-1.859121322631835938e-01
-4.117944743484258652e-03,-4.168018233031034470e-03,7.064589262008666992e-01,9.913753271102905273e-01,4.062430933117866516e-03,1.307489871978759766e-01,7.949807681143283844e-03,-7.775014638900756836e-01,1.479596495628356934e-01,1.773041635751724243e-01,7.765469551086425781e-01,-3.166292011737823486e-01,-3.532012179493904114e-02,-7.697533369064331055e-01,-1.485033631324768066e-01,-2.081714421510696411e-01,8.275851011276245117e-01,-3.535479903221130371e-01,1.440441422164440155e-02,3.442700952291488647e-03,1.279514748603105545e-02,4.877700209617614746e-01,-1.656580090522766113e+00,4.585964977741241455e-01,-3.896732032299041748e-01,9.239134192466735840e-01,-6.236058473587036133e-01,5.645362660288810730e-02,2.237988263368606567e-01,-1.698158621788024902e+00,-4.970336556434631348e-01,4.673863351345062256e-01,9.350607395172119141e-01,6.359723806381225586e-01,-3.082648478448390961e-02,-1.806361973285675049e-01
-3.939151763916015625e-03,-3.327842103317379951e-03,7.061825394630432129e-01,9.914370179176330566e-01,4.027038812637329102e-03,1.303520947694778442e-01,6.684249732643365860e-03,-7.705274820327758789e-01,1.525128334760665894e-01,1.788664609193801880e-01,7.747655510902404785e-01,-3.214852809906005859e-01,-3.647356852889060974e-02,-7.744723558425903320e-01,-1.447535604238510132e-01,-2.038143426179885864e-01,8.237636685371398926e-01,-3.508418798446655273e-01,1.502775400876998901e-02,3.656286979094147682e-03,1.297027431428432465e-02,4.929772317409515381e-01,-1.672533392906188965e+00,4.557760357856750488e-01,-3.900162875652313232e-01,9.316303133964538574e-01,-5.997683405876159668e-01,5.034405365586280823e-02,2.272674888372421265e-01,-1.707018733024597168e+00,-4.873406589031219482e-01,4.650592505931854248e-01,9.308837652206420898e-01,6.288437843322753906e-01,-3.163669630885124207e-02,-1.946289688348770142e-01
-4.264460410922765732e-03,-3.354540094733238220e-03,7.062261104583740234e-01,9.913361072540283203e-01,3.737256396561861038e-03,1.311128437519073486e-01,6.942162290215492249e-03,-7.721990942955017090e-01,1.535806953907012939e-01,1.788040399551391602e-01,7.734311223030090332e-01,-3.207684159278869629e-01,-3.703574091196060181e-02,-7.748679518699645996e-01,-1.448296904563903809e-01,-2.065514177083969116e-01,8.222988247871398926e-01,-3.499830365180969238e-01,1.371299847960472107e-02,4.325694870203733444e-03,1.299531757831573486e-02,4.925569295883178711e-01,-1.672463655471801758e+00,4.556543827056884766e-01,-3.883025050163269043e-01,9.316613674163818359e-01,-6.001181006431579590e-01,4.983139783143997192e-02,2.262086421251296997e-01,-1.705486178398132324e+00,-4.874467253684997559e-01,4.643346369266510010e-01,9.294184446334838867e-01,6.291008591651916504e-01,-3.174829483032226562e-02,-1.979507058858871460e-01
-4.320960491895675659e-03,-3.442378249019384384e-03,7.062203884124755859e-01,9.912395477294921875e-01,3.559611039236187935e-03,1.317921727895736694e-01,7.892093621194362640e-03,-7.743037343025207520e-01,1.539907455444335938e-01,1.781227439641952515e-01,7.732690572738647461e-01,-3.202441334724426270e-01,-3.799170255661010742e-02,-7.748832702636718750e-01,-1.456945389509201050e-01,-2.100478410720825195e-01,8.216251730918884277e-01,-3.503854274749755859e-01,1.311860512942075729e-02,3.670880803838372231e-03,1.324999891221523285e-02,4.915371835231781006e-01,-1.670679211616516113e+00,4.554753005504608154e-01,-3.869895637035369873e-01,9.316622614860534668e-01,-6.022229790687561035e-01,4.966691136360168457e-02,2.235987335443496704e-01,-1.704009652137756348e+00,-4.878257513046264648e-01,4.644434750080108643e-01,9.280767440795898438e-01,6.291891932487487793e-01,-2.987375669181346893e-02,-1.993984133005142212e-01
-3.912486135959625244e-03,-3.731022356078028679e-03,7.062216401100158691e-01,9.911866784095764160e-01,3.559863660484552383e-03,1.321229040622711182e-01,8.927840739488601685e-03,-7.755618095397949219e-01,1.539133638143539429e-01,1.779697537422180176e-01,7.739284038543701172e-01,-3.201078176498413086e-01,-3.811034560203552246e-02,-7.746785283088684082e-01,-1.462378650903701782e-01,-2.121037244796752930e-01,8.213356733322143555e-01,-3.512432277202606201e-01,1.266180537641048431e-02,2.821804489940404892e-03,1.333889644593000412e-02,4.906633198261260986e-01,-1.668390393257141113e+00,4.561063945293426514e-01,-3.857553005218505859e-01,9.292615652084350586e-01,-6.058445572853088379e-01,5.125183239579200745e-02,2.215440571308135986e-01,-1.702879667282104492e+00,-4.883348047733306885e-01,4.637124240398406982e-01,9.251521825790405273e-01,6.289300322532653809e-01,-2.632788196206092834e-02,-1.993558704853057861e-01
-2.447551116347312927e-03,-4.930973984301090240e-03,7.064800858497619629e-01,9.910777807235717773e-01,2.907660789787769318e-03,1.327760964632034302e-01,1.126421801745891571e-02,-7.829407453536987305e-01,1.493879556655883789e-01,1.744814813137054443e-01,7.744860053062438965e-01,-3.148433864116668701e-01,-3.699244931340217590e-02,-7.688418626785278320e-01,-1.494371443986892700e-01,-2.213086187839508057e-01,8.239695429801940918e-01,-3.538436591625213623e-01,1.125434786081314087e-02,8.042909321375191212e-04,1.242272462695837021e-02,4.857934117317199707e-01,-1.655555009841918945e+00,4.607237279415130615e-01,-3.834525942802429199e-01,9.153082370758056641e-01,-6.261207461357116699e-01,6.001410260796546936e-02,2.159080058336257935e-01,-1.689803719520568848e+00,-4.956106543540954590e-01,4.635543525218963623e-01,9.225724935531616211e-01,6.315648555755615234e-01,-2.431746944785118103e-02,-1.920719146728515625e-01
-2.815062180161476135e-03,-4.616202320903539658e-03,7.065960764884948730e-01,9.911805391311645508e-01,3.077547298744320869e-03,1.321389079093933105e-01,9.538833983242511749e-03,-7.744924426078796387e-01,1.549007594585418701e-01,1.766299158334732056e-01,7.711727619171142578e-01,-3.188612461090087891e-01,-3.904154151678085327e-02,-7.705901265144348145e-01,-1.458907276391983032e-01,-2.157512158155441284e-01,8.154183626174926758e-01,-3.497705757617950439e-01,1.229594741016626358e-02,3.454939927905797958e-03,1.318123098462820053e-02,4.913737773895263672e-01,-1.668782830238342285e+00,4.573704600334167480e-01,-3.871259093284606934e-01,9.218531847000122070e-01,-6.110994219779968262e-01,5.237564817070960999e-02,2.226188629865646362e-01,-1.700996041297912598e+00,-4.879451692104339600e-01,4.632380902767181396e-01,9.251921176910400391e-01,6.256569623947143555e-01,-2.858073636889457703e-02,-2.013505697250366211e-01
-2.525474876165390015e-03,-4.852787591516971588e-03,7.068283557891845703e-01,9.911366105079650879e-01,2.721494529396295547e-03,1.324614584445953369e-01,9.731578640639781952e-03,-7.749377489089965820e-01,1.555398851633071899e-01,1.760483831167221069e-01,7.704947590827941895e-01,-3.185946047306060791e-01,-4.005164280533790588e-02,-7.699655890464782715e-01,-1.457576453685760498e-01,-2.178597897291183472e-01,8.139435648918151855e-01,-3.490083515644073486e-01,1.200104225426912308e-02,4.443430341780185699e-03,1.312536373734474182e-02,4.914988577365875244e-01,-1.670245885848999023e+00,4.560942947864532471e-01,-3.877862393856048584e-01,9.220266342163085938e-01,-6.128036379814147949e-01,5.187111347913742065e-02,2.231117039918899536e-01,-1.702101826667785645e+00,-4.868317544460296631e-01,4.640038907527923584e-01,9.259009361267089844e-01,6.238309741020202637e-01,-2.891845442354679108e-02,-2.034386992454528809e-01
-2.441595308482646942e-03,-4.832437261939048767e-03,7.069787979125976562e-01,9.910584092140197754e-01,2.433128189295530319e-03,1.329864412546157837e-01,1.058003958314657211e-02,-7.763429284095764160e-01,1.550827622413635254e-01,1.749863624572753906e-01,7.708283066749572754e-01,-3.187196552753448486e-01,-4.084916785359382629e-02,-7.698497772216796875e-01,-1.468815207481384277e-01,-2.206101566553115845e-01,8.136534094810485840e-01,-3.493110239505767822e-01,1.214187778532505035e-02,4.899435676634311676e-03,1.334732584655284882e-02,4.911387860774993896e-01,-1.671705126762390137e+00,4.548207223415374756e-01,-3.886758983135223389e-01,9.245554208755493164e-01,-6.150394082069396973e-01,5.065153539180755615e-02,2.221298217773437500e-01,-1.704410672187805176e+00,-4.861622750759124756e-01,4.651918411254882812e-01,9.266754984855651855e-01,6.225769519805908203e-01,-2.807139419019222260e-02,-2.061994820833206177e-01
-2.256821841001510620e-03,-4.665398038923740387e-03,7.071114778518676758e-01,9.909674525260925293e-01,2.175555564463138580e-03,1.335487663745880127e-01,1.198098156601190567e-02,-7.777721881866455078e-01,1.538311839103698730e-01,1.737246215343475342e-01,7.712593674659729004e-01,-3.187407255172729492e-01,-4.089202359318733215e-02,-7.690539360046386719e-01,-1.488511264324188232e-01,-2.236303985118865967e-01,8.127716183662414551e-01,-3.499113619327545166e-01,1.239310856908559799e-02,4.861618857830762863e-03,1.394706685096025467e-02,4.901970624923706055e-01,-1.672768473625183105e+00,4.549627900123596191e-01,-3.891711235046386719e-01,9.264639616012573242e-01,-6.172975301742553711e-01,4.940313473343849182e-02,2.204542607069015503e-01,-1.707565784454345703e+00,-4.869950711727142334e-01,4.671004116535186768e-01,9.277173876762390137e-01,6.232355237007141113e-01,-2.738648094236850739e-02,-2.095582783222198486e-01
-1.769960857927799225e-03,-4.465348552912473679e-03,7.072542309761047363e-01,9.908769726753234863e-01,1.959834014996886253e-03,1.340724676847457886e-01,1.354548707604408264e-02,-7.790248394012451172e-01,1.523870229721069336e-01,1.732196062803268433e-01,7.716169357299804688e-01,-3.182132244110107422e-01,-3.985900804400444031e-02,-7.680188417434692383e-01,-1.513404995203018188e-01,-2.263489663600921631e-01,8.119580745697021484e-01,-3.508985340595245361e-01,1.274999137967824936e-02,4.614374134689569473e-03,1.482470054179430008e-02,4.891840815544128418e-01,-1.673890113830566406e+00,4.559202194213867188e-01,-3.892944455146789551e-01,9.276166558265686035e-01,-6.200786232948303223e-01,4.869109019637107849e-02,2.189713716506958008e-01,-1.711302399635314941e+00,-4.894419908523559570e-01,4.689036905765533447e-01,9.277257919311523438e-01,6.231235861778259277e-01,-2.727602049708366394e-02,-2.119235545396804810e-01
8.009001612663269043e-04,-5.326138343662023544e-03,7.075324058532714844e-01,9.906978011131286621e-01,1.544348313473165035e-03,1.351362466812133789e-01,1.592608913779258728e-02,-7.844515442848205566e-01,1.460799723863601685e-01,1.694473773241043091e-01,7.705224752426147461e-01,-3.122064173221588135e-01,-3.612250462174415588e-02,-7.605643272399902344e-01,-1.577239930629730225e-01,-2.377779781818389893e-01,8.145800828933715820e-01,-3.539888262748718262e-01,1.189978327602148056e-02,4.336671438068151474e-03,1.354114431887865067e-02,4.824222028255462646e-01,-1.662253022193908691e+00,4.616329371929168701e-01,-3.865098953247070312e-01,9.227999448776245117e-01,-6.377012729644775391e-01,5.423439666628837585e-02,2.131651341915130615e-01,-1.699766516685485840e+00,-4.992674887180328369e-01,4.686746597290039062e-01,9.287172555923461914e-01,6.227509379386901855e-01,-2.926869131624698639e-02,-2.030330747365951538e-01
-4.931045696139335632e-04,-3.832740709185600281e-03,7.077796459197998047e-01,9.907087087631225586e-01,1.359438174404203892e-03,1.351081579923629761e-01,1.549606956541538239e-02,-7.789213657379150391e-01,1.507170647382736206e-01,1.736267954111099243e-01,7.669888734817504883e-01,-3.152188360691070557e-01,-3.751185536384582520e-02,-7.637333273887634277e-01,-1.551681756973266602e-01,-2.311001121997833252e-01,8.068799972534179688e-01,-3.513732552528381348e-01,1.377856358885765076e-02,5.814756732434034348e-03,1.685865037143230438e-02,4.886623322963714600e-01,-1.679603457450866699e+00,4.575458168983459473e-01,-3.924992084503173828e-01,9.254577755928039551e-01,-6.210384964942932129e-01,4.240522906184196472e-02,2.194994390010833740e-01,-1.718494057655334473e+00,-4.940274357795715332e-01,4.727425873279571533e-01,9.344657063484191895e-01,6.197878122329711914e-01,-3.622790426015853882e-02,-2.141874879598617554e-01
7.560756057500839233e-05,-3.088692203164100647e-03,7.081342339515686035e-01,9.906531572341918945e-01,1.146715134382247925e-03,1.354874372482299805e-01,1.575673557817935944e-02,-7.776804566383361816e-01,1.501063555479049683e-01,1.749877184629440308e-01,7.645994424819946289e-01,-3.148006498813629150e-01,-3.664339706301689148e-02,-7.618238329887390137e-01,-1.561610549688339233e-01,-2.325357645750045776e-01,8.046031594276428223e-01,-3.509838581085205078e-01,1.429891865700483322e-02,7.575597148388624191e-03,1.770734228193759918e-02,4.883217811584472656e-01,-1.680917263031005859e+00,4.571266472339630127e-01,-3.922868371009826660e-01,9.240158796310424805e-01,-6.201022267341613770e-01,3.969673439860343933e-02,2.205892205238342285e-01,-1.720966815948486328e+00,-4.939017593860626221e-01,4.734702408313751221e-01,9.375469684600830078e-01,6.189241409301757812e-01,-3.906219452619552612e-02,-2.156445086002349854e-01
5.360189825296401978e-04,-2.014825120568275452e-03,7.084639072418212891e-01,9.905969500541687012e-01,9.327839943580329418e-04,1.358502358198165894e-01,1.617177017033100128e-02,-7.767810225486755371e-01,1.488149315118789673e-01,1.758760511875152588e-01,7.636752128601074219e-01,-3.156085908412933350e-01,-3.565442189574241638e-02,-7.603949308395385742e-01,-1.577055901288986206e-01,-2.344503104686737061e-01,8.031415939331054688e-01,-3.504674732685089111e-01,1.504901703447103500e-02,8.992124348878860474e-03,1.870541460812091827e-02,4.876382946968078613e-01,-1.680985093116760254e+00,4.556832611560821533e-01,-3.922039270401000977e-01,9.230883717536926270e-01,-6.194853186607360840e-01,3.751029074192047119e-02,2.208064347505569458e-01,-1.722316503524780273e+00,-4.923928081989288330e-01,4.735838472843170166e-01,9.391785860061645508e-01,6.187474131584167480e-01,-3.855516761541366577e-02,-2.171831578016281128e-01
9.356224909424781799e-04,-7.649464532732963562e-04,7.088158726692199707e-01,9.905399084091186523e-01,7.444086368195712566e-04,1.361869275569915771e-01,1.683194749057292938e-02,-7.758397459983825684e-01,1.465298831462860107e-01,1.761298328638076782e-01,7.635430693626403809e-01,-3.172128498554229736e-01,-3.393948823213577271e-02,-7.588016986846923828e-01,-1.596505045890808105e-01,-2.358558923006057739e-01,8.017073273658752441e-01,-3.496926724910736084e-01,1.587293483316898346e-02,9.536419995129108429e-03,1.967322453856468201e-02,4.868303239345550537e-01,-1.680424451828002930e+00,4.543534815311431885e-01,-3.916906118392944336e-01,9.218247532844543457e-01,-6.194123625755310059e-01,3.673798218369483948e-02,2.207338660955429077e-01,-1.722836017608642578e+00,-4.908087849617004395e-01,4.726436138153076172e-01,9.399420022964477539e-01,6.190762519836425781e-01,-3.635297715663909912e-02,-2.181286662817001343e-01
1.563866622745990753e-03,5.229944363236427307e-04,7.093114256858825684e-01,9.904863238334655762e-01,5.749832489527761936e-04,1.364932954311370850e-01,1.749596558511257172e-02,-7.746521234512329102e-01,1.438500583171844482e-01,1.768716573715209961e-01,7.630500197410583496e-01,-3.186391592025756836e-01,-3.094276972115039825e-02,-7.567756175994873047e-01,-1.611567884683609009e-01,-2.361872345209121704e-01,7.994803786277770996e-01,-3.487111926078796387e-01,1.678065583109855652e-02,1.014380156993865967e-02,2.080835588276386261e-02,4.855802953243255615e-01,-1.679189443588256836e+00,4.529935121536254883e-01,-3.904719054698944092e-01,9.191604852676391602e-01,-6.184120774269104004e-01,3.783717751502990723e-02,2.212879061698913574e-01,-1.722962260246276855e+00,-4.902833402156829834e-01,4.702646434307098389e-01,9.386526942253112793e-01,6.187940239906311035e-01,-3.443547710776329041e-02,-2.179907858371734619e-01
2.992599271237850189e-03,5.292398855090141296e-04,7.101971507072448730e-01,9.903235435485839844e-01,2.625742054078727961e-04,1.375709474086761475e-01,1.826007850468158722e-02,-7.773969769477844238e-01,1.382459104061126709e-01,1.792055666446685791e-01,7.609956860542297363e-01,-3.140281140804290771e-01,-2.474010363221168518e-02,-7.495790719985961914e-01,-1.649765968322753906e-01,-2.417834848165512085e-01,7.987164258956909180e-01,-3.489494323730468750e-01,1.618096604943275452e-02,1.118206977844238281e-02,1.946406066417694092e-02,4.785439670085906982e-01,-1.666144013404846191e+00,4.570439159870147705e-01,-3.884218335151672363e-01,9.155502319335937500e-01,-6.298455595970153809e-01,4.588824510574340820e-02,2.149235755205154419e-01,-1.709044337272644043e+00,-4.961737990379333496e-01,4.672739505767822266e-01,9.423831701278686523e-01,6.218045949935913086e-01,-3.715367615222930908e-02,-2.058788239955902100e-01
3.078064415603876114e-03,3.203296568244695663e-03,7.108086943626403809e-01,9.903253912925720215e-01,-1.696992840152233839e-04,1.376844644546508789e-01,1.727830991148948669e-02,-7.701941132545471191e-01,1.396991163492202759e-01,1.801316142082214355e-01,7.531980276107788086e-01,-3.169913887977600098e-01,-2.466414496302604675e-02,-7.501201629638671875e-01,-1.622801572084426880e-01,-2.351750731468200684e-01,7.843666672706604004e-01,-3.409386873245239258e-01,1.970051415264606476e-02,1.358490623533725739e-02,2.280057407915592194e-02,4.838217198848724365e-01,-1.681931138038635254e+00,4.483155310153961182e-01,-3.921587765216827393e-01,9.126693606376647949e-01,-6.131848692893981934e-01,3.593759983777999878e-02,2.260147184133529663e-01,-1.722703337669372559e+00,-4.902453124523162842e-01,4.668778777122497559e-01,9.453298449516296387e-01,6.198048591613769531e-01,-4.192229360342025757e-02,-2.175735682249069214e-01
3.839785698801279068e-03,4.881855100393295288e-03,7.115620970726013184e-01,9.902287125587463379e-01,-6.695550400763750076e-04,1.384474933147430420e-01,1.670265384018421173e-02,-7.686654925346374512e-01,1.384937614202499390e-01,1.828083544969558716e-01,7.484132051467895508e-01,-3.165495991706848145e-01,-2.173928357660770416e-02,-7.478213310241699219e-01,-1.628239899873733521e-01,-2.346942722797393799e-01,7.767428755760192871e-01,-3.363330960273742676e-01,2.132238075137138367e-02,1.504770200699567795e-02,2.369286678731441498e-02,4.831097126007080078e-01,-1.682942152023315430e+00,4.453508555889129639e-01,-3.926194608211517334e-01,9.101884961128234863e-01,-6.108281612396240234e-01,3.431783244013786316e-02,2.261218130588531494e-01,-1.724227786064147949e+00,-4.899553060531616211e-01,4.680671393871307373e-01,9.491555094718933105e-01,6.197368502616882324e-01,-4.407879710197448730e-02,-2.156233787536621094e-01
4.536574706435203552e-03,6.947854533791542053e-03,7.121871113777160645e-01,9.901568293571472168e-01,-1.184614258818328381e-03,1.389904916286468506e-01,1.642343401908874512e-02,-7.674754261970520020e-01,1.369741708040237427e-01,1.854424625635147095e-01,7.465086579322814941e-01,-3.182761967182159424e-01,-1.835091039538383484e-02,-7.463185787200927734e-01,-1.646029353141784668e-01,-2.352516055107116699e-01,7.714289426803588867e-01,-3.320371508598327637e-01,2.323755063116550446e-02,1.453350484371185303e-02,2.482718043029308319e-02,4.824002683162689209e-01,-1.682033419609069824e+00,4.422662854194641113e-01,-3.931478857994079590e-01,9.074842929840087891e-01,-6.092566847801208496e-01,3.384880721569061279e-02,2.240378409624099731e-01,-1.726000070571899414e+00,-4.891184866428375244e-01,4.704052805900573730e-01,9.508668184280395508e-01,6.188889145851135254e-01,-4.212804138660430908e-02,-2.121183872222900391e-01
5.121948663145303726e-03,9.300781413912773132e-03,7.127360105514526367e-01,9.901045560836791992e-01,-1.819856930524110794e-03,1.394227147102355957e-01,1.584218442440032959e-02,-7.660573720932006836e-01,1.356292366981506348e-01,1.888505369424819946e-01,7.459645867347717285e-01,-3.210968673229217529e-01,-1.406891923397779465e-02,-7.456620335578918457e-01,-1.658201962709426880e-01,-2.340487390756607056e-01,7.664649486541748047e-01,-3.275981843471527100e-01,2.581322565674781799e-02,1.360375713557004929e-02,2.571763843297958374e-02,4.819995462894439697e-01,-1.680634737014770508e+00,4.394513666629791260e-01,-3.939380049705505371e-01,9.036276340484619141e-01,-6.084206700325012207e-01,3.542555868625640869e-02,2.222936302423477173e-01,-1.727799415588378906e+00,-4.889913499355316162e-01,4.721314907073974609e-01,9.516274929046630859e-01,6.175787448883056641e-01,-3.893623873591423035e-02,-2.085437178611755371e-01
7.284323219209909439e-03,1.119048427790403366e-02,7.133866548538208008e-01,9.899341464042663574e-01,-2.731590764597058296e-03,1.406755596399307251e-01,1.527469512075185776e-02,-7.697150111198425293e-01,1.313326060771942139e-01,1.915455460548400879e-01,7.444509863853454590e-01,-3.149568140506744385e-01,-8.595001883804798126e-03,-7.395229339599609375e-01,-1.684587299823760986e-01,-2.379178553819656372e-01,7.605770230293273926e-01,-3.246605396270751953e-01,2.785338275134563446e-02,1.453446503728628159e-02,2.364194765686988831e-02,4.772192537784576416e-01,-1.665887117385864258e+00,4.429371356964111328e-01,-3.941022157669067383e-01,9.003940224647521973e-01,-6.242025494575500488e-01,4.356644675135612488e-02,2.179740220308303833e-01,-1.717975378036499023e+00,-4.980249404907226562e-01,4.739112555980682373e-01,9.561784863471984863e-01,6.238561272621154785e-01,-3.819302469491958618e-02,-1.925470829010009766e-01
5.562313832342624664e-03,1.437737047672271729e-02,7.141943573951721191e-01,9.898854494094848633e-01,-3.949126228690147400e-03,1.412926018238067627e-01,1.215250510722398758e-02,-7.624289989471435547e-01,1.357772648334503174e-01,1.972105056047439575e-01,7.396929860115051270e-01,-3.221375644207000732e-01,-4.889869131147861481e-03,-7.429569363594055176e-01,-1.638775467872619629e-01,-2.278948724269866943e-01,7.451802492141723633e-01,-3.112764060497283936e-01,3.378789871931076050e-02,1.479482557624578476e-02,2.625253982841968536e-02,4.820583760738372803e-01,-1.686591625213623047e+00,4.340013861656188965e-01,-3.997356593608856201e-01,8.983070254325866699e-01,-6.051163673400878906e-01,3.475600853562355042e-02,2.235488444566726685e-01,-1.731255769729614258e+00,-4.913834929466247559e-01,4.713801741600036621e-01,9.583811759948730469e-01,6.173275709152221680e-01,-4.274020716547966003e-02,-2.067729681730270386e-01
5.713985301554203033e-03,1.711047813296318054e-02,7.152099609375000000e-01,9.896497726440429688e-01,-5.357092246413230896e-03,1.431011408567428589e-01,9.305845946073532104e-03,-7.624856233596801758e-01,1.375039219856262207e-01,2.025442719459533691e-01,7.352174520492553711e-01,-3.211036026477813721e-01,-3.036924754269421101e-04,-7.416671514511108398e-01,-1.608439087867736816e-01,-2.240510582923889160e-01,7.302864193916320801e-01,-3.004110455513000488e-01,3.895029425621032715e-02,1.584673859179019928e-02,2.611368149518966675e-02,4.814393222332000732e-01,-1.689932942390441895e+00,4.316637516021728516e-01,-4.016990661621093750e-01,8.984719514846801758e-01,-6.060080528259277344e-01,3.282189741730690002e-02,2.239131480455398560e-01,-1.734452486038208008e+00,-4.929800629615783691e-01,4.705241322517395020e-01,9.612571597099304199e-01,6.175895929336547852e-01,-4.431654512882232666e-02,-2.041006684303283691e-01
5.824254825711250305e-03,2.009105123579502106e-02,7.163147926330566406e-01,9.893441200256347656e-01,-6.829910445958375931e-03,1.452996730804443359e-01,6.292073987424373627e-03,-7.636089920997619629e-01,1.392088979482650757e-01,2.082713246345520020e-01,7.305034399032592773e-01,-3.202604055404663086e-01,4.783075302839279175e-03,-7.399234175682067871e-01,-1.574831753969192505e-01,-2.198043912649154663e-01,7.130494117736816406e-01,-2.884614467620849609e-01,4.478354379534721375e-02,1.642939634621143341e-02,2.589363045990467072e-02,4.806078374385833740e-01,-1.692559242248535156e+00,4.300699532032012939e-01,-4.040408134460449219e-01,8.975583910942077637e-01,-6.078400611877441406e-01,3.019674494862556458e-02,2.236189991235733032e-01,-1.738836407661437988e+00,-4.948677420616149902e-01,4.695155918598175049e-01,9.641314148902893066e-01,6.186938881874084473e-01,-4.446644708514213562e-02,-2.004041224718093872e-01
5.817079916596412659e-03,2.337764203548431396e-02,7.173988223075866699e-01,9.889671206474304199e-01,-8.364220149815082550e-03,1.478636413812637329e-01,3.230035537853837013e-03,-7.658339738845825195e-01,1.404337286949157715e-01,2.136102169752120972e-01,7.263081073760986328e-01,-3.204567134380340576e-01,1.106296665966510773e-02,-7.381889224052429199e-01,-1.544865071773529053e-01,-2.152148783206939697e-01,6.949871778488159180e-01,-2.760772407054901123e-01,5.065504461526870728e-02,1.593894138932228088e-02,2.531449124217033386e-02,4.795593917369842529e-01,-1.694703817367553711e+00,4.292660057544708252e-01,-4.065087139606475830e-01,8.955209255218505859e-01,-6.098067760467529297e-01,2.795002795755863190e-02,2.232565581798553467e-01,-1.744442462921142578e+00,-4.976173043251037598e-01,4.684304296970367432e-01,9.664612412452697754e-01,6.203920245170593262e-01,-4.206986725330352783e-02,-1.944336593151092529e-01
5.813265684992074966e-03,2.692511677742004395e-02,7.184228301048278809e-01,9.885140061378479004e-01,-9.828293696045875549e-03,1.508084535598754883e-01,-4.759453877341002226e-04,-7.685394883155822754e-01,1.414395719766616821e-01,2.201722413301467896e-01,7.219331860542297363e-01,-3.207372725009918213e-01,1.861969195306301117e-02,-7.375496029853820801e-01,-1.514168977737426758e-01,-2.097207605838775635e-01,6.782172918319702148e-01,-2.640034854412078857e-01,5.673717334866523743e-02,1.497233007103204727e-02,2.423609048128128052e-02,4.788142144680023193e-01,-1.697761416435241699e+00,4.288115501403808594e-01,-4.086970984935760498e-01,8.947263956069946289e-01,-6.120259761810302734e-01,2.712690457701683044e-02,2.229715585708618164e-01,-1.751030087471008301e+00,-5.001280307769775391e-01,4.660716354846954346e-01,9.682128429412841797e-01,6.205745339393615723e-01,-3.767069056630134583e-02,-1.867327541112899780e-01
7.089235819876194000e-03,2.902814373373985291e-02,7.194491028785705566e-01,9.878068566322326660e-01,-1.164950523525476456e-02,1.551887094974517822e-01,-4.290182143449783325e-03,-7.784066200256347656e-01,1.372616738080978394e-01,2.216939777135848999e-01,7.124035954475402832e-01,-3.108658492565155029e-01,2.320650219917297363e-02,-7.317837476730346680e-01,-1.501458287239074707e-01,-2.082427442073822021e-01,6.615213751792907715e-01,-2.582428753376007080e-01,6.207406520843505859e-02,1.526719983667135239e-02,2.085808664560317993e-02,4.753518700599670410e-01,-1.685284972190856934e+00,4.340181350708007812e-01,-4.024577736854553223e-01,8.890650272369384766e-01,-6.326497793197631836e-01,3.770269453525543213e-02,2.256982773542404175e-01,-1.749355673789978027e+00,-5.066444277763366699e-01,4.669923186302185059e-01,9.809111356735229492e-01,6.295983791351318359e-01,-3.489087894558906555e-02,-1.660890132188796997e-01
5.521376617252826691e-03,3.429869189858436584e-02,7.203283309936523438e-01,9.872308969497680664e-01,-1.284729130566120148e-02,1.583924293518066406e-01,-1.104329712688922882e-02,-7.741706371307373047e-01,1.460998505353927612e-01,2.364008426666259766e-01,7.089405655860900879e-01,-3.153451383113861084e-01,3.305242210626602173e-02,-7.363070249557495117e-01,-1.435963064432144165e-01,-1.976667493581771851e-01,6.419157981872558594e-01,-2.353054136037826538e-01,7.235701382160186768e-02,1.678036525845527649e-02,1.942855864763259888e-02,4.802964031696319580e-01,-1.712462782859802246e+00,4.297929406166076660e-01,-4.165363907814025879e-01,9.021130204200744629e-01,-6.198683381080627441e-01,2.492236346006393433e-02,2.277678549289703369e-01,-1.766096591949462891e+00,-5.003051757812500000e-01,4.570443630218505859e-01,9.848082065582275391e-01,6.254896521568298340e-01,-3.987432271242141724e-02,-1.776961982250213623e-01
4.550592973828315735e-03,3.908659517765045166e-02,7.199625968933105469e-01,9.860832095146179199e-01,-1.623133942484855652e-02,1.643083095550537109e-01,-1.947352103888988495e-02,-7.848912477493286133e-01,1.530689001083374023e-01,2.424573749303817749e-01,7.042120099067687988e-01,-3.084795773029327393e-01,4.295926541090011597e-02,-7.421454191207885742e-01,-1.378780603408813477e-01,-1.886896342039108276e-01,5.927362442016601562e-01,-2.044015228748321533e-01,1.057088375091552734e-01,2.049719169735908508e-02,1.594636961817741394e-02,4.840534329414367676e-01,-1.723967075347900391e+00,4.321843981742858887e-01,-4.243403673171997070e-01,8.996124863624572754e-01,-6.381050348281860352e-01,1.646313443779945374e-02,2.229983359575271606e-01,-1.776991605758666992e+00,-5.039825439453125000e-01,4.470750391483306885e-01,1.004109740257263184e+00,6.252194046974182129e-01,-3.584420680999755859e-02,-1.745336949825286865e-01
4.528810270130634308e-03,4.226820170879364014e-02,7.198306918144226074e-01,9.850512146949768066e-01,-1.816642470657825470e-02,1.696823090314865112e-01,-2.349329181015491486e-02,-7.943995594978332520e-01,1.566009968519210815e-01,2.476924210786819458e-01,7.085344791412353516e-01,-3.126996755599975586e-01,4.866459965705871582e-02,-7.483720183372497559e-01,-1.412762254476547241e-01,-1.922033429145812988e-01,6.056318879127502441e-01,-2.103063762187957764e-01,1.238845363259315491e-01,2.267819829285144806e-02,1.341484114527702332e-02,4.852946996688842773e-01,-1.734619736671447754e+00,4.338625371456146240e-01,-4.279704988002777100e-01,8.998321890830993652e-01,-6.498160958290100098e-01,2.078447118401527405e-02,2.245201617479324341e-01,-1.791544795036315918e+00,-5.090532302856445312e-01,4.454235136508941650e-01,1.010491251945495605e+00,6.264631748199462891e-01,-3.577721863985061646e-02,-1.747608780860900879e-01
4.615785554051399231e-03,4.497779160737991333e-02,7.189579010009765625e-01,9.839033484458923340e-01,-2.004074864089488983e-02,1.757386326789855957e-01,-2.546434663236141205e-02,-8.088897466659545898e-01,1.580478101968765259e-01,2.503246366977691650e-01,7.197370529174804688e-01,-3.219741880893707275e-01,5.438496917486190796e-02,-7.568997144699096680e-01,-1.548359245061874390e-01,-2.031871378421783447e-01,6.573914289474487305e-01,-2.383743375539779663e-01,1.366978883743286133e-01,2.462330088019371033e-02,1.228291727602481842e-02,4.851940870285034180e-01,-1.744992256164550781e+00,4.337788522243499756e-01,-4.304421544075012207e-01,8.991759419441223145e-01,-6.573044657707214355e-01,2.696546167135238647e-02,2.257801145315170288e-01,-1.811925768852233887e+00,-5.160524845123291016e-01,4.466467499732971191e-01,1.016425132751464844e+00,6.281247735023498535e-01,-3.327782079577445984e-02,-1.786625534296035767e-01
5.144245922565460205e-03,4.691448435187339783e-02,7.170290946960449219e-01,9.828202128410339355e-01,-2.119941823184490204e-02,1.816251426935195923e-01,-2.504670619964599609e-02,-8.267713189125061035e-01,1.564110368490219116e-01,2.510656118392944336e-01,7.350977659225463867e-01,-3.325977623462677002e-01,5.954235047101974487e-02,-7.619890570640563965e-01,-1.793430745601654053e-01,-2.166838049888610840e-01,7.429050207138061523e-01,-2.871013879776000977e-01,1.370317935943603516e-01,2.545847743749618530e-02,1.233898196369409561e-02,4.830385148525238037e-01,-1.753512263298034668e+00,4.299572110176086426e-01,-4.313610196113586426e-01,8.973516821861267090e-01,-6.603057980537414551e-01,3.363598510622978210e-02,2.278768420219421387e-01,-1.831003904342651367e+00,-5.242354273796081543e-01,4.480450749397277832e-01,1.020157337188720703e+00,6.266065835952758789e-01,-2.972516603767871857e-02,-1.835226863622665405e-01
6.552489474415779114e-03,4.749559611082077026e-02,7.148123383522033691e-01,9.818593263626098633e-01,-2.220276743173599243e-02,1.869612038135528564e-01,-2.246876992285251617e-02,-8.494960069656372070e-01,1.512745916843414307e-01,2.499693036079406738e-01,7.447447180747985840e-01,-3.355498015880584717e-01,5.695823580026626587e-02,-7.600525021553039551e-01,-2.066037654876708984e-01,-2.171650826930999756e-01,8.386873602867126465e-01,-3.274494111537933350e-01,1.290463805198669434e-01,2.591522596776485443e-02,1.264985557645559311e-02,4.801580905914306641e-01,-1.748000383377075195e+00,4.310340285301208496e-01,-4.285163879394531250e-01,8.834427595138549805e-01,-6.715527772903442383e-01,4.646771401166915894e-02,2.189561575651168823e-01,-1.837429404258728027e+00,-5.320550799369812012e-01,4.501567184925079346e-01,1.033195137977600098e+00,6.345689296722412109e-01,-2.722899988293647766e-02,-1.710825115442276001e-01
6.745311431586742401e-03,4.913157224655151367e-02,7.113507986068725586e-01,9.806883335113525391e-01,-2.106898464262485504e-02,1.933537721633911133e-01,-2.051266469061374664e-02,-8.680902123451232910e-01,1.506244540214538574e-01,2.507359683513641357e-01,7.672047019004821777e-01,-3.474399447441101074e-01,6.360859423875808716e-02,-7.462630271911621094e-01,-2.346156388521194458e-01,-2.329574525356292725e-01,9.254704117774963379e-01,-3.900966346263885498e-01,1.240788474678993225e-01,2.716783061623573303e-02,1.125109381973743439e-02,4.775886535644531250e-01,-1.781117081642150879e+00,4.149959981441497803e-01,-4.390248954296112061e-01,9.058212637901306152e-01,-6.659573912620544434e-01,3.964623436331748962e-02,2.263887822628021240e-01,-1.859510660171508789e+00,-5.330312252044677734e-01,4.493827819824218750e-01,1.034635663032531738e+00,6.259310245513916016e-01,-3.947047144174575806e-02,-1.989656835794448853e-01
7.340084761381149292e-03,4.959246516227722168e-02,7.079687714576721191e-01,9.795325994491577148e-01,-1.991609297692775726e-02,1.995322555303573608e-01,-1.749707199633121490e-02,-8.927522301673889160e-01,1.481315642595291138e-01,2.523129582405090332e-01,7.865481972694396973e-01,-3.528057634830474854e-01,6.486725807189941406e-02,-7.293088436126708984e-01,-2.545712590217590332e-01,-2.315894812345504761e-01,9.994817376136779785e-01,-4.242928624153137207e-01,1.208630427718162537e-01,2.897315099835395813e-02,9.663354605436325073e-03,4.747731089591979980e-01,-1.796791791915893555e+00,4.064634442329406738e-01,-4.402644336223602295e-01,9.174180626869201660e-01,-6.717824935913085938e-01,3.755532205104827881e-02,2.228549867868423462e-01,-1.873329401016235352e+00,-5.354933738708496094e-01,4.489265382289886475e-01,1.039516687393188477e+00,6.241070628166198730e-01,-4.346645623445510864e-02,-2.094537168741226196e-01
7.636056281626224518e-03,4.977848380804061890e-02,7.037405967712402344e-01,9.782587885856628418e-01,-1.821397617459297180e-02,2.061336636543273926e-01,-1.367237605154514313e-02,-9.224539995193481445e-01,1.454576104879379272e-01,2.532797753810882568e-01,8.108052611351013184e-01,-3.583246469497680664e-01,6.626569479703903198e-02,-7.083703279495239258e-01,-2.692060470581054688e-01,-2.262231111526489258e-01,1.059153199195861816e+00,-4.455412626266479492e-01,1.205530837178230286e-01,3.084391728043556213e-02,7.848469540476799011e-03,4.723568856716156006e-01,-1.813084244728088379e+00,3.978138267993927002e-01,-4.405530691146850586e-01,9.299948811531066895e-01,-6.817170977592468262e-01,3.227741643786430359e-02,2.189385294914245605e-01,-1.889303326606750488e+00,-5.380129814147949219e-01,4.481402933597564697e-01,1.043793916702270508e+00,6.204270720481872559e-01,-4.359660297632217407e-02,-2.218836396932601929e-01
8.028523996472358704e-03,4.946763440966606140e-02,6.984054446220397949e-01,9.768330454826354980e-01,-1.596073061227798462e-02,2.131579071283340454e-01,-1.031293626874685287e-02,-9.576242566108703613e-01,1.441972553730010986e-01,2.539648115634918213e-01,8.415763378143310547e-01,-3.649137318134307861e-01,6.698677688837051392e-02,-6.860268712043762207e-01,-2.780321538448333740e-01,-2.182496339082717896e-01,1.097386121749877930e+00,-4.549981653690338135e-01,1.232439652085304260e-01,3.419452160596847534e-02,4.337044432759284973e-03,4.713925123214721680e-01,-1.830539703369140625e+00,3.916957974433898926e-01,-4.408811926841735840e-01,9.416534304618835449e-01,-6.939322948455810547e-01,2.425372041761875153e-02,2.168261408805847168e-01,-1.907748103141784668e+00,-5.397733449935913086e-01,4.482424855232238770e-01,1.046341061592102051e+00,6.147036552429199219e-01,-4.244774207472801208e-02,-2.359418421983718872e-01
8.607647381722927094e-03,4.714198410511016846e-02,6.936395764350891113e-01,9.752175807952880859e-01,-1.461461093276739120e-02,2.205966562032699585e-01,-8.609186857938766479e-03,-1.001079201698303223e+00,1.440896242856979370e-01,2.554087042808532715e-01,8.726990222930908203e-01,-3.722638487815856934e-01,6.589181721210479736e-02,-6.735838055610656738e-01,-2.773385047912597656e-01,-2.059310674667358398e-01,1.109128594398498535e+00,-4.448252916336059570e-01,1.277733296155929565e-01,4.063453897833824158e-02,-8.849193109199404716e-04,4.715434312820434570e-01,-1.833285570144653320e+00,3.968094885349273682e-01,-4.401933848857879639e-01,9.538192152976989746e-01,-7.184434533119201660e-01,1.768593862652778625e-02,2.049526721239089966e-01,-1.918799996376037598e+00,-5.395579934120178223e-01,4.542811214923858643e-01,1.054418921470642090e+00,6.307762861251831055e-01,-3.278533369302749634e-02,-2.315332144498825073e-01
8.412464521825313568e-03,4.685757309198379517e-02,6.857883930206298828e-01,9.744892120361328125e-01,-1.100295409560203552e-02,2.240697145462036133e-01,-6.517278496176004410e-03,-1.031534910202026367e+00,1.523284912109375000e-01,2.544714212417602539e-01,9.309572577476501465e-01,-3.894431889057159424e-01,7.085350155830383301e-02,-6.613469123840332031e-01,-2.820081114768981934e-01,-2.067156434059143066e-01,1.107179164886474609e+00,-4.862531125545501709e-01,1.312302947044372559e-01,3.789353370666503906e-02,-1.116213575005531311e-02,4.740268588066101074e-01,-1.878503084182739258e+00,3.935518264770507812e-01,-4.536179006099700928e-01,9.769102931022644043e-01,-7.194132804870605469e-01,1.328426972031593323e-02,2.235651016235351562e-01,-1.934760451316833496e+00,-5.322984457015991211e-01,4.440109431743621826e-01,1.052986383438110352e+00,6.022173166275024414e-01,-5.153486505150794983e-02,-2.563215494155883789e-01
7.946453988552093506e-03,4.491280019283294678e-02,6.776032447814941406e-01,9.733135700225830078e-01,-8.369742892682552338e-03,2.292289435863494873e-01,-6.690141279250383377e-03,-1.069742918014526367e+00,1.590313464403152466e-01,2.578921914100646973e-01,9.806516170501708984e-01,-4.073692858219146729e-01,7.233789563179016113e-02,-6.776092648506164551e-01,-2.857822775840759277e-01,-2.000242173671722412e-01,1.137003302574157715e+00,-5.245897769927978516e-01,1.314443349838256836e-01,4.012056067585945129e-02,-1.787323504686355591e-02,4.780001044273376465e-01,-1.894653320312500000e+00,3.985792696475982666e-01,-4.560592174530029297e-01,9.948400259017944336e-01,-7.275713682174682617e-01,5.058046430349349976e-03,2.194587588310241699e-01,-1.947724699974060059e+00,-5.257605910301208496e-01,4.474526345729827881e-01,1.057339429855346680e+00,5.988323688507080078e-01,-5.770627781748771667e-02,-2.672581374645233154e-01
7.439899258315563202e-03,4.292256012558937073e-02,6.684952974319458008e-01,9.721773266792297363e-01,-5.822289735078811646e-03,2.340746223926544189e-01,-6.813687738031148911e-03,-1.108904719352722168e+00,1.651546210050582886e-01,2.587684690952301025e-01,1.034177184104919434e+00,-4.273566901683807373e-01,7.446489483118057251e-02,-7.009127736091613770e-01,-2.904799878597259521e-01,-1.930835694074630737e-01,1.177750349044799805e+00,-5.601396560668945312e-01,1.310274451971054077e-01,4.021067544817924500e-02,-2.347322925925254822e-02,4.813754856586456299e-01,-1.907297134399414062e+00,4.048920273780822754e-01,-4.582508504390716553e-01,1.012697100639343262e+00,-7.344328761100769043e-01,-3.814301453530788422e-03,2.146778404712677002e-01,-1.958015084266662598e+00,-5.178546905517578125e-01,4.521358311176300049e-01,1.059058070182800293e+00,5.965616106986999512e-01,-6.121852248907089233e-02,-2.759932875633239746e-01
6.803780794143676758e-03,4.111106693744659424e-02,6.585981249809265137e-01,9.711139798164367676e-01,-3.492738585919141769e-03,2.384906411170959473e-01,-6.905353162437677383e-03,-1.148839473724365234e+00,1.710909456014633179e-01,2.572112381458282471e-01,1.089449405670166016e+00,-4.490571320056915283e-01,7.780632376670837402e-02,-7.280111312866210938e-01,-2.948859035968780518e-01,-1.842580586671829224e-01,1.225692033767700195e+00,-5.921770930290222168e-01,1.302381157875061035e-01,3.907503187656402588e-02,-2.835573442280292511e-02,4.841756820678710938e-01,-1.918133854866027832e+00,4.132072627544403076e-01,-4.607958197593688965e-01,1.027804851531982422e+00,-7.390437722206115723e-01,-9.901204146444797516e-03,2.099049538373947144e-01,-1.967264771461486816e+00,-5.120545029640197754e-01,4.574740827083587646e-01,1.057168960571289062e+00,5.956111550331115723e-01,-6.294639408588409424e-02,-2.817724347114562988e-01
6.074930541217327118e-03,3.919986635446548462e-02,6.476006507873535156e-01,9.701147675514221191e-01,-9.727297001518309116e-04,2.425444722175598145e-01,-6.969460286200046539e-03,-1.190742969512939453e+00,1.780738234519958496e-01,2.541407644748687744e-01,1.148487329483032227e+00,-4.717073440551757812e-01,8.177310228347778320e-02,-7.601500749588012695e-01,-3.005046844482421875e-01,-1.728683263063430786e-01,1.282848358154296875e+00,-6.224622726440429688e-01,1.283377557992935181e-01,3.725519776344299316e-02,-3.254057466983795166e-02,4.864257276058197021e-01,-1.926216363906860352e+00,4.221411049365997314e-01,-4.614563584327697754e-01,1.039374589920043945e+00,-7.443908452987670898e-01,-1.348179113119840622e-02,2.073279619216918945e-01,-1.975070476531982422e+00,-5.079078674316406250e-01,4.636315405368804932e-01,1.051897525787353516e+00,5.939610004425048828e-01,-6.275551766157150269e-02,-2.871891558170318604e-01
6.034026853740215302e-03,3.625317662954330444e-02,6.372610330581665039e-01,9.691126942634582520e-01,1.062921714037656784e-03,2.464547902345657349e-01,-8.909254334867000580e-03,-1.237203955650329590e+00,1.854316592216491699e-01,2.553887963294982910e-01,1.208021283149719238e+00,-4.946162998676300049e-01,8.297189325094223022e-02,-7.831241488456726074e-01,-3.063306510448455811e-01,-1.711794286966323853e-01,1.330960035324096680e+00,-6.440580487251281738e-01,1.241105124354362488e-01,3.941568359732627869e-02,-3.576185554265975952e-02,4.889791309833526611e-01,-1.913068294525146484e+00,4.416655004024505615e-01,-4.521094560623168945e-01,1.041725397109985352e+00,-7.491565942764282227e-01,-1.373725850135087967e-02,1.976684629917144775e-01,-1.972463011741638184e+00,-5.129683017730712891e-01,4.683621525764465332e-01,1.045006394386291504e+00,6.029229164123535156e-01,-5.309980362653732300e-02,-2.805275619029998779e-01
4.357617348432540894e-03,3.521487116813659668e-02,6.226727366447448730e-01,9.681392312049865723e-01,4.346546716988086700e-03,2.502796947956085205e-01,-6.903283298015594482e-03,-1.276499986648559570e+00,1.948343068361282349e-01,2.479508072137832642e-01,1.275114536285400391e+00,-5.198532938957214355e-01,8.821514993906021118e-02,-8.377425670623779297e-01,-3.139161467552185059e-01,-1.453845351934432983e-01,1.420117616653442383e+00,-6.745426058769226074e-01,1.241242140531539917e-01,3.291474655270576477e-02,-3.804583474993705750e-02,4.908137321472167969e-01,-1.942528486251831055e+00,4.403119683265686035e-01,-4.690139889717102051e-01,1.055734872817993164e+00,-7.597352266311645508e-01,-2.073538303375244141e-02,2.077977508306503296e-01,-1.981163859367370605e+00,-4.977049827575683594e-01,4.737136363983154297e-01,1.043402671813964844e+00,5.884677171707153320e-01,-7.445183396339416504e-02,-3.024734854698181152e-01
3.540280275046825409e-03,3.328745439648628235e-02,6.096432209014892578e-01,9.672183990478515625e-01,7.346620317548513412e-03,2.537659108638763428e-01,-6.125150248408317566e-03,-1.318664431571960449e+00,2.025904357433319092e-01,2.454321384429931641e-01,1.338105440139770508e+00,-5.423220396041870117e-01,9.054697304964065552e-02,-8.793199062347412109e-01,-3.211113214492797852e-01,-1.305482983589172363e-01,1.494473576545715332e+00,-6.965781450271606445e-01,1.215328723192214966e-01,3.108076564967632294e-02,-4.008094221353530884e-02,4.924413561820983887e-01,-1.947214007377624512e+00,4.481230676174163818e-01,-4.728756844997406006e-01,1.062069177627563477e+00,-7.687681913375854492e-01,-2.585065551102161407e-02,2.068485319614410400e-01,-1.980891585350036621e+00,-4.929978251457214355e-01,4.780589342117309570e-01,1.040426969528198242e+00,5.850316286087036133e-01,-8.138360828161239624e-02,-3.108792603015899658e-01
2.701558172702789307e-03,3.157322108745574951e-02,5.963970422744750977e-01,9.663666486740112305e-01,1.030664611607789993e-02,2.569185197353363037e-01,-4.701063036918640137e-03,-1.360269546508789062e+00,2.095167487859725952e-01,2.427695840597152710e-01,1.400092959403991699e+00,-5.636905431747436523e-01,9.285485744476318359e-02,-9.209533333778381348e-01,-3.277459740638732910e-01,-1.150049120187759399e-01,1.569461345672607422e+00,-7.157539129257202148e-01,1.184246465563774109e-01,2.863544039428234100e-02,-4.103466868400573730e-02,4.933579266071319580e-01,-1.949274182319641113e+00,4.555280804634094238e-01,-4.764873385429382324e-01,1.067103981971740723e+00,-7.773079276084899902e-01,-3.079986572265625000e-02,2.026828080415725708e-01,-1.979025721549987793e+00,-4.891771078109741211e-01,4.836208522319793701e-01,1.037848353385925293e+00,5.827942490577697754e-01,-8.626279979944229126e-02,-3.175177872180938721e-01
1.713609322905540466e-03,2.982649020850658417e-02,5.825181007385253906e-01,9.655897021293640137e-01,1.333656813949346542e-02,2.597134113311767578e-01,-2.754427492618560791e-03,-1.402277946472167969e+00,2.156349122524261475e-01,2.389119118452072144e-01,1.462047576904296875e+00,-5.846298933029174805e-01,9.552418440580368042e-02,-9.637026786804199219e-01,-3.337905406951904297e-01,-9.737266600131988525e-02,1.645874857902526855e+00,-7.320117950439453125e-01,1.154283434152603149e-01,2.568146027624607086e-02,-4.096403345465660095e-02,4.935660362243652344e-01,-1.949447870254516602e+00,4.629260599613189697e-01,-4.782219231128692627e-01,1.068621993064880371e+00,-7.837883234024047852e-01,-3.447056189179420471e-02,1.971136778593063354e-01,-1.976644396781921387e+00,-4.872710406780242920e-01,4.896368682384490967e-01,1.034838438034057617e+00,5.807040929794311523e-01,-8.850224316120147705e-02,-3.224246203899383545e-01
5.825646221637725830e-04,2.786360681056976318e-02,5.683109164237976074e-01,9.649460315704345703e-01,1.643684133887290955e-02,2.619315981864929199e-01,-8.552357321605086327e-04,-1.443312764167785645e+00,2.219741642475128174e-01,2.343788743019104004e-01,1.522561669349670410e+00,-6.038998365402221680e-01,9.823170304298400879e-02,-1.007124066352844238e+00,-3.386188149452209473e-01,-7.672704756259918213e-02,1.723846316337585449e+00,-7.446556687355041504e-01,1.127711310982704163e-01,2.314884215593338013e-02,-4.041962325572967529e-02,4.931365251541137695e-01,-1.948412775993347168e+00,4.693367183208465576e-01,-4.787765741348266602e-01,1.067618608474731445e+00,-7.889091968536376953e-01,-3.669076040387153625e-02,1.933497339487075806e-01,-1.973077535629272461e+00,-4.873920977115631104e-01,4.950244724750518799e-01,1.032167911529541016e+00,5.770530700683593750e-01,-8.915311098098754883e-02,-3.270685374736785889e-01
-1.974552869796752930e-03,2.525295875966548920e-02,5.562768578529357910e-01,9.643267393112182617e-01,1.870254240930080414e-02,2.640469670295715332e-01,-1.813810435123741627e-03,-1.483276128768920898e+00,2.293121367692947388e-01,2.396142333745956421e-01,1.576070904731750488e+00,-6.250967383384704590e-01,9.762530773878097534e-02,-1.030702114105224609e+00,-3.434829711914062500e-01,-6.549250334501266479e-02,1.777364253997802734e+00,-7.502111792564392090e-01,1.107593402266502380e-01,2.558253705501556396e-02,-3.901627659797668457e-02,4.941239356994628906e-01,-1.936900973320007324e+00,4.840332567691802979e-01,-4.718250334262847900e-01,1.066338062286376953e+00,-7.892224192619323730e-01,-3.651152178645133972e-02,1.772052943706512451e-01,-1.965094327926635742e+00,-4.946885108947753906e-01,4.973525404930114746e-01,1.034382224082946777e+00,5.787110328674316406e-01,-8.636769652366638184e-02,-3.223027288913726807e-01
-2.139781601727008820e-03,2.381965890526771545e-02,5.413186550140380859e-01,9.639186263084411621e-01,2.169151045382022858e-02,2.653050422668457031e-01,1.882932381704449654e-03,-1.518858432769775391e+00,2.353177964687347412e-01,2.261039912700653076e-01,1.631947636604309082e+00,-6.356058716773986816e-01,1.028928756713867188e-01,-1.088092088699340820e+00,-3.414270579814910889e-01,-3.655531629920005798e-02,1.866427540779113770e+00,-7.591729164123535156e-01,1.098039150238037109e-01,2.198841236531734467e-02,-3.767465800046920776e-02,4.923563301563262939e-01,-1.952536940574645996e+00,4.788051545619964600e-01,-4.846071302890777588e-01,1.068018198013305664e+00,-8.013414740562438965e-01,-4.289231821894645691e-02,1.935203671455383301e-01,-1.962609291076660156e+00,-4.876523911952972412e-01,5.059803128242492676e-01,1.037081480026245117e+00,5.688657760620117188e-01,-9.888055920600891113e-02,-3.391239643096923828e-01
-3.717508167028427124e-03,2.176646143198013306e-02,5.286163091659545898e-01,9.634045958518981934e-01,2.405562810599803925e-02,2.669501304626464844e-01,3.259440418332815170e-03,-1.554616689682006836e+00,2.429448217153549194e-01,2.233408838510513306e-01,1.680901527404785156e+00,-6.474298834800720215e-01,1.044967845082283020e-01,-1.125675559043884277e+00,-3.418068885803222656e-01,-1.993534713983535767e-02,1.931316852569580078e+00,-7.626816034317016602e-01,1.079125478863716125e-01,2.250134386122226715e-02,-3.624719008803367615e-02,4.921374619007110596e-01,-1.953739523887634277e+00,4.825975596904754639e-01,-4.856538474559783936e-01,1.069694757461547852e+00,-8.105812668800354004e-01,-4.647555574774742126e-02,1.942211538553237915e-01,-1.955781459808349609e+00,-4.886323511600494385e-01,5.119373202323913574e-01,1.040516972541809082e+00,5.681224465370178223e-01,-1.027392819523811340e-01,-3.446142673492431641e-01
-5.314387381076812744e-03,1.987901702523231506e-02,5.166313052177429199e-01,9.629402756690979004e-01,2.610738575458526611e-02,2.684015929698944092e-01,4.998838063329458237e-03,-1.588495373725891113e+00,2.504293620586395264e-01,2.210364043712615967e-01,1.725880742073059082e+00,-6.573419570922851562e-01,1.060077399015426636e-01,-1.160581231117248535e+00,-3.421648144721984863e-01,-5.978891160339117050e-03,1.990877628326416016e+00,-7.646639943122863770e-01,1.060454025864601135e-01,2.209422178566455841e-02,-3.439418226480484009e-02,4.921976029872894287e-01,-1.952673435211181641e+00,4.864195287227630615e-01,-4.859603345394134521e-01,1.070977687835693359e+00,-8.211488127708435059e-01,-4.946504160761833191e-02,1.928827911615371704e-01,-1.948345541954040527e+00,-4.896077215671539307e-01,5.188848376274108887e-01,1.043717145919799805e+00,5.706811547279357910e-01,-1.040157899260520935e-01,-3.485435247421264648e-01
-6.896044127643108368e-03,1.818266697227954865e-02,5.051057934761047363e-01,9.625844359397888184e-01,2.799098193645477295e-02,2.694427967071533203e-01,6.942760664969682693e-03,-1.620401382446289062e+00,2.571471631526947021e-01,2.183380126953125000e-01,1.767553329467773438e+00,-6.669037938117980957e-01,1.074859648942947388e-01,-1.193621397018432617e+00,-3.413936197757720947e-01,7.857783697545528412e-03,2.046306371688842773e+00,-7.654395699501037598e-01,1.046980246901512146e-01,2.108798176050186157e-02,-3.237875178456306458e-02,4.922671318054199219e-01,-1.949816346168518066e+00,4.906121194362640381e-01,-4.854556620121002197e-01,1.069851994514465332e+00,-8.311309218406677246e-01,-5.068607255816459656e-02,1.907712966203689575e-01,-1.940328717231750488e+00,-4.907588362693786621e-01,5.257534384727478027e-01,1.047413706779479980e+00,5.758393406867980957e-01,-1.034771725535392761e-01,-3.511661887168884277e-01
-8.368799462914466858e-03,1.654630526900291443e-02,4.940985441207885742e-01,9.623655676841735840e-01,2.977852895855903625e-02,2.699717879295349121e-01,8.998389355838298798e-03,-1.649966716766357422e+00,2.632150053977966309e-01,2.153851985931396484e-01,1.805970907211303711e+00,-6.754451990127563477e-01,1.088643968105316162e-01,-1.224446892738342285e+00,-3.394009470939636230e-01,2.233822457492351532e-02,2.098695516586303711e+00,-7.655146121978759766e-01,1.040058508515357971e-01,2.041960693895816803e-02,-3.015075437724590302e-02,4.919216036796569824e-01,-1.945962548255920410e+00,4.940033257007598877e-01,-4.851793646812438965e-01,1.066638469696044922e+00,-8.392544984817504883e-01,-5.062951520085334778e-02,1.893827915191650391e-01,-1.932393074035644531e+00,-4.923866093158721924e-01,5.317206382751464844e-01,1.051659345626831055e+00,5.804477930068969727e-01,-1.023316085338592529e-01,-3.525150120258331299e-01
-1.072956342250108719e-02,1.405907981097698212e-02,4.856074452400207520e-01,9.621815681457519531e-01,3.078710101544857025e-02,2.705379724502563477e-01,8.244415745139122009e-03,-1.673432111740112305e+00,2.656642794609069824e-01,2.225327044725418091e-01,1.833613038063049316e+00,-6.885012388229370117e-01,1.052132174372673035e-01,-1.233125209808349609e+00,-3.428121805191040039e-01,2.973709814250469208e-02,2.125276327133178711e+00,-7.590795755386352539e-01,1.034556701779365540e-01,2.440601028501987457e-02,-2.940666116774082184e-02,4.913628697395324707e-01,-1.929000616073608398e+00,5.050091147422790527e-01,-4.797412157058715820e-01,1.061114668846130371e+00,-8.405876159667968750e-01,-4.383308440446853638e-02,1.752272099256515503e-01,-1.921737194061279297e+00,-5.032922029495239258e-01,5.350543260574340820e-01,1.060988306999206543e+00,5.908584594726562500e-01,-1.024594083428382874e-01,-3.447961211204528809e-01
-1.122835837304592133e-02,1.302526704967021942e-02,4.750802516937255859e-01,9.621169567108154297e-01,3.278367966413497925e-02,2.703532576560974121e-01,1.285729464143514633e-02,-1.702223777770996094e+00,2.698462307453155518e-01,2.078219801187515259e-01,1.868423581123352051e+00,-6.856558918952941895e-01,1.095542982220649719e-01,-1.277829051017761230e+00,-3.319234251976013184e-01,4.806723818182945251e-02,2.188687562942504883e+00,-7.634029984474182129e-01,1.024239361286163330e-01,2.123695611953735352e-02,-2.461534179747104645e-02,4.911051690578460693e-01,-1.945505380630493164e+00,4.965975880622863770e-01,-4.935266375541687012e-01,1.064172148704528809e+00,-8.522386550903320312e-01,-4.896987974643707275e-02,1.918158084154129028e-01,-1.919787645339965820e+00,-4.917157888412475586e-01,5.437923669815063477e-01,1.069090604782104492e+00,5.907897353172302246e-01,-1.087094992399215698e-01,-3.542172908782958984e-01
-1.276278123259544373e-02,1.104809343814849854e-02,4.667609632015228271e-01,9.620800614356994629e-01,3.410886600613594055e-02,2.702116370201110840e-01,1.497082784771919250e-02,-1.725417137145996094e+00,2.714558839797973633e-01,2.030507177114486694e-01,1.894360780715942383e+00,-6.877319216728210449e-01,1.089846119284629822e-01,-1.300553202629089355e+00,-3.283913731575012207e-01,5.734153836965560913e-02,2.228927850723266602e+00,-7.612874507904052734e-01,1.018340364098548889e-01,2.202302217483520508e-02,-2.218644320964813232e-02,4.905596971511840820e-01,-1.946699261665344238e+00,4.966304004192352295e-01,-4.979484975337982178e-01,1.065693974494934082e+00,-8.578173518180847168e-01,-4.918847605586051941e-02,1.926335245370864868e-01,-1.915552020072937012e+00,-4.914351999759674072e-01,5.506329536437988281e-01,1.077156901359558105e+00,5.960841178894042969e-01,-1.115985810756683350e-01,-3.543041348457336426e-01
-1.448110956698656082e-02,9.055737406015396118e-03,4.590004384517669678e-01,9.620776176452636719e-01,3.511390462517738342e-02,2.699207365512847900e-01,1.778902672231197357e-02,-1.747447133064270020e+00,2.721877396106719971e-01,1.975464522838592529e-01,1.917722225189208984e+00,-6.889173984527587891e-01,1.080129295587539673e-01,-1.321341633796691895e+00,-3.263932466506958008e-01,6.298547983169555664e-02,2.265410423278808594e+00,-7.596389651298522949e-01,1.012825295329093933e-01,2.144475094974040985e-02,-1.985353045165538788e-02,4.899725914001464844e-01,-1.947351694107055664e+00,4.968436956405639648e-01,-5.014299750328063965e-01,1.067013621330261230e+00,-8.631887435913085938e-01,-4.931995272636413574e-02,1.914840936660766602e-01,-1.912582397460937500e+00,-4.924969077110290527e-01,5.583119988441467285e-01,1.083978176116943359e+00,6.024660468101501465e-01,-1.119086667895317078e-01,-3.527453541755676270e-01
-1.624179258942604065e-02,7.040398195385932922e-03,4.517608284950256348e-01,9.621591567993164062e-01,3.602077811956405640e-02,2.693039476871490479e-01,2.068056911230087280e-02,-1.767778754234313965e+00,2.732478976249694824e-01,1.921025365591049194e-01,1.939089417457580566e+00,-6.896147131919860840e-01,1.069319620728492737e-01,-1.340506911277770996e+00,-3.246797919273376465e-01,6.827927380800247192e-02,2.299081087112426758e+00,-7.581369876861572266e-01,1.008218601346015930e-01,2.061941847205162048e-02,-1.853655837476253510e-02,4.895667433738708496e-01,-1.948786258697509766e+00,4.971369206905364990e-01,-5.045636296272277832e-01,1.066696166992187500e+00,-8.677528500556945801e-01,-4.812801256775856018e-02,1.912166029214859009e-01,-1.911429762840270996e+00,-4.948724806308746338e-01,5.658831596374511719e-01,1.091315984725952148e+00,6.097935438156127930e-01,-1.114807203412055969e-01,-3.496138751506805420e-01
-1.938854344189167023e-02,4.755797795951366425e-03,4.463360011577606201e-01,9.623560905456542969e-01,3.710204735398292542e-02,2.684258222579956055e-01,2.101887017488479614e-02,-1.784942150115966797e+00,2.674663960933685303e-01,1.958678513765335083e-01,1.950271487236022949e+00,-6.968421936035156250e-01,1.022851169109344482e-01,-1.346693396568298340e+00,-3.300519883632659912e-01,7.039817422628402710e-02,2.314810514450073242e+00,-7.470107674598693848e-01,9.789235144853591919e-02,2.328563854098320007e-02,-1.972744986414909363e-02,4.893127083778381348e-01,-1.935561418533325195e+00,5.053883790969848633e-01,-5.027207732200622559e-01,1.065700888633728027e+00,-8.704465627670288086e-01,-3.954958915710449219e-02,1.748727262020111084e-01,-1.906135678291320801e+00,-5.031395554542541504e-01,5.722286701202392578e-01,1.102906942367553711e+00,6.251746416091918945e-01,-1.139194741845130920e-01,-3.355620801448822021e-01
-1.988354139029979706e-02,3.388155717402696609e-03,4.392445981502532959e-01,9.625228047370910645e-01,3.692137077450752258e-02,2.674889564514160156e-01,2.522555552423000336e-02,-1.802904009819030762e+00,2.743017375469207764e-01,1.823810786008834839e-01,1.974976539611816406e+00,-6.901624798774719238e-01,1.057245358824729919e-01,-1.372994184494018555e+00,-3.205113708972930908e-01,7.616835832595825195e-02,2.355416059494018555e+00,-7.552682161331176758e-01,9.780497103929519653e-02,2.057038806378841400e-02,-1.680830866098403931e-02,4.899629354476928711e-01,-1.957727074623107910e+00,4.973486363887786865e-01,-5.142089128494262695e-01,1.071076512336730957e+00,-8.764859437942504883e-01,-4.447561502456665039e-02,1.914071589708328247e-01,-1.912398815155029297e+00,-4.960214793682098389e-01,5.783349275588989258e-01,1.111984252929687500e+00,6.294749379158020020e-01,-1.174958050251007080e-01,-3.409072756767272949e-01
-2.140253037214279175e-02,1.512150280177593231e-03,4.338705837726593018e-01,9.627706408500671387e-01,3.714456781744956970e-02,2.663968205451965332e-01,2.693957276642322540e-02,-1.817425251007080078e+00,2.747736573219299316e-01,1.775122582912445068e-01,1.990272521972656250e+00,-6.900508999824523926e-01,1.048880368471145630e-01,-1.387347102165222168e+00,-3.178032934665679932e-01,7.856100797653198242e-02,2.380427598953247070e+00,-7.528853416442871094e-01,9.553369134664535522e-02,2.232052385807037354e-02,-1.679136604070663452e-02,4.902958571910858154e-01,-1.962748289108276367e+00,4.968509674072265625e-01,-5.178854465484619141e-01,1.075852870941162109e+00,-8.796132802963256836e-01,-4.398502409458160400e-02,1.899693161249160767e-01,-1.915534496307373047e+00,-4.963087141513824463e-01,5.831488370895385742e-01,1.120353937149047852e+00,6.381884813308715820e-01,-1.200317069888114929e-01,-3.358636498451232910e-01
-2.255978249013423920e-02,-3.396663814783096313e-04,4.290061295032501221e-01,9.630289077758789062e-01,3.712240234017372131e-02,2.652561068534851074e-01,2.892084047198295593e-02,-1.830280900001525879e+00,2.748427093029022217e-01,1.725591868162155151e-01,2.003918647766113281e+00,-6.898702383041381836e-01,1.038962230086326599e-01,-1.400304794311523438e+00,-3.161417841911315918e-01,7.894703745841979980e-02,2.402834653854370117e+00,-7.503404021263122559e-01,9.333999454975128174e-02,2.388760074973106384e-02,-1.678092777729034424e-02,4.903287887573242188e-01,-1.966709256172180176e+00,4.962284266948699951e-01,-5.219907164573669434e-01,1.080367684364318848e+00,-8.827458620071411133e-01,-4.436800628900527954e-02,1.870427280664443970e-01,-1.920065999031066895e+00,-4.972109198570251465e-01,5.870991349220275879e-01,1.125568866729736328e+00,6.443298459053039551e-01,-1.202582269906997681e-01,-3.315156698226928711e-01
-2.353759668767452240e-02,-2.008181996643543243e-03,4.242961406707763672e-01,9.632639884948730469e-01,3.695259243249893188e-02,2.641563713550567627e-01,3.127867728471755981e-02,-1.842530846595764160e+00,2.747659981250762939e-01,1.673535406589508057e-01,2.016721487045288086e+00,-6.895586848258972168e-01,1.028843447566032410e-01,-1.412429690361022949e+00,-3.148490488529205322e-01,7.893132418394088745e-02,2.423079013824462891e+00,-7.482185363769531250e-01,9.202294051647186279e-02,2.458617649972438812e-02,-1.696091145277023315e-02,4.900367558002471924e-01,-1.971071720123291016e+00,4.960966706275939941e-01,-5.265958309173583984e-01,1.083066940307617188e+00,-8.849638104438781738e-01,-4.492961242794990540e-02,1.833733320236206055e-01,-1.927311301231384277e+00,-4.992349743843078613e-01,5.914236307144165039e-01,1.129441022872924805e+00,6.499031186103820801e-01,-1.197253763675689697e-01,-3.277013003826141357e-01
-2.458272129297256470e-02,-3.508340567350387573e-03,4.197682142257690430e-01,9.634734988212585449e-01,3.683189675211906433e-02,2.631079256534576416e-01,3.371140360832214355e-02,-1.854784607887268066e+00,2.744897007942199707e-01,1.617457270622253418e-01,2.028526782989501953e+00,-6.885731220245361328e-01,1.014705002307891846e-01,-1.423862934112548828e+00,-3.131166398525238037e-01,7.983511686325073242e-02,2.442508697509765625e+00,-7.463935017585754395e-01,9.145230799913406372e-02,2.525560185313224792e-02,-1.799161918461322784e-02,4.891375899314880371e-01,-1.976421594619750977e+00,4.963397681713104248e-01,-5.297892093658447266e-01,1.083279132843017578e+00,-8.847032189369201660e-01,-4.477449506521224976e-02,1.815326958894729614e-01,-1.936245799064636230e+00,-5.026923418045043945e-01,5.963708162307739258e-01,1.132527589797973633e+00,6.551345586776733398e-01,-1.197791993618011475e-01,-3.242418169975280762e-01
-2.698352374136447906e-02,-4.811466671526432037e-03,4.152093827724456787e-01,9.636394977569580078e-01,3.702567145228385925e-02,2.624423503875732422e-01,3.394180163741111755e-02,-1.869442343711853027e+00,2.648771107196807861e-01,1.619536280632019043e-01,2.033606290817260742e+00,-6.915748119354248047e-01,9.593071043491363525e-02,-1.427491188049316406e+00,-3.174035549163818359e-01,7.821816951036453247e-02,2.451427698135375977e+00,-7.342366576194763184e-01,8.961252868175506592e-02,2.667591907083988190e-02,-2.085103467106819153e-02,4.865626990795135498e-01,-1.971679091453552246e+00,5.003755092620849609e-01,-5.302469730377197266e-01,1.086322784423828125e+00,-8.885332942008972168e-01,-3.812613338232040405e-02,1.703761965036392212e-01,-1.942252159118652344e+00,-5.105771422386169434e-01,6.043991446495056152e-01,1.138065218925476074e+00,6.699965596199035645e-01,-1.270867437124252319e-01,-3.087068200111389160e-01
-2.834960073232650757e-02,-5.813573487102985382e-03,4.125173985958099365e-01,9.639690518379211426e-01,3.599781543016433716e-02,2.608235180377960205e-01,3.793340548872947693e-02,-1.875855088233947754e+00,2.719109356403350830e-01,1.527655273675918579e-01,2.044658660888671875e+00,-6.832622885704040527e-01,9.858085960149765015e-02,-1.442031979560852051e+00,-3.092697560787200928e-01,8.175953477621078491e-02,2.471845865249633789e+00,-7.435209155082702637e-01,9.114752709865570068e-02,2.662410959601402283e-02,-1.934590749442577362e-02,4.884658753871917725e-01,-1.992549538612365723e+00,4.955198466777801514e-01,-5.395293831825256348e-01,1.084277391433715820e+00,-8.794959187507629395e-01,-4.261386394500732422e-02,1.802243292331695557e-01,-1.953812837600708008e+00,-5.065242052078247070e-01,6.093132495880126953e-01,1.149546980857849121e+00,6.718900203704833984e-01,-1.289105117321014404e-01,-3.131997585296630859e-01
-3.028451465070247650e-02,-6.833657622337341309e-03,4.100182950496673584e-01,9.641653895378112793e-01,3.572555631399154663e-02,2.598475515842437744e-01,3.985034301877021790e-02,-1.883630990982055664e+00,2.697214782238006592e-01,1.496034860610961914e-01,2.048828363418579102e+00,-6.789464354515075684e-01,9.759656339883804321e-02,-1.449555635452270508e+00,-3.079745769500732422e-01,8.175828307867050171e-02,2.483088016510009766e+00,-7.420704364776611328e-01,9.075415879487991333e-02,2.809209562838077545e-02,-2.014403045177459717e-02,4.883293509483337402e-01,-1.999997615814208984e+00,4.929725229740142822e-01,-5.423486828804016113e-01,1.085829734802246094e+00,-8.761250972747802734e-01,-4.207474738359451294e-02,1.797100007534027100e-01,-1.961612582206726074e+00,-5.081292390823364258e-01,6.159101128578186035e-01,1.157685756683349609e+00,6.788233518600463867e-01,-1.323480904102325439e-01,-3.054633140563964844e-01
-3.174079954624176025e-02,-7.778096944093704224e-03,4.081021547317504883e-01,9.643008708953857422e-01,3.530916944146156311e-02,2.590546011924743652e-01,4.204547405242919922e-02,-1.889968872070312500e+00,2.669956386089324951e-01,1.466310769319534302e-01,2.051931858062744141e+00,-6.752895712852478027e-01,9.729788452386856079e-02,-1.456047773361206055e+00,-3.076313734054565430e-01,8.019524067640304565e-02,2.491938591003417969e+00,-7.407162785530090332e-01,9.004498273134231567e-02,2.886887639760971069e-02,-2.040483802556991577e-02,4.882071018218994141e-01,-2.005459070205688477e+00,4.901515841484069824e-01,-5.451694130897521973e-01,1.088441610336303711e+00,-8.732288479804992676e-01,-4.181110858917236328e-02,1.789334565401077271e-01,-1.968703508377075195e+00,-5.096426606178283691e-01,6.225037574768066406e-01,1.163635492324829102e+00,6.838641166687011719e-01,-1.327612698078155518e-01,-2.971528768539428711e-01
-3.247783705592155457e-02,-8.634496480226516724e-03,4.064951539039611816e-01,9.643551707267761230e-01,3.482539951801300049e-02,2.585537433624267578e-01,4.422925785183906555e-02,-1.895059704780578613e+00,2.646559178829193115e-01,1.436820924282073975e-01,2.054702281951904297e+00,-6.733026504516601562e-01,9.808862209320068359e-02,-1.461710214614868164e+00,-3.077360391616821289e-01,7.798569649457931519e-02,2.498988389968872070e+00,-7.396345734596252441e-01,8.883465826511383057e-02,2.854203060269355774e-02,-2.064660191535949707e-02,4.881954193115234375e-01,-2.008747816085815430e+00,4.888400435447692871e-01,-5.479755997657775879e-01,1.090461134910583496e+00,-8.713209629058837891e-01,-4.101610556244850159e-02,1.784678250551223755e-01,-1.975323796272277832e+00,-5.113356709480285645e-01,6.293970942497253418e-01,1.167612075805664062e+00,6.878399252891540527e-01,-1.309737414121627808e-01,-2.889093160629272461e-01
-3.278249874711036682e-02,-9.343569166958332062e-03,4.050794541835784912e-01,9.642896056175231934e-01,3.452501073479652405e-02,2.585436999797821045e-01,4.592085629701614380e-02,-1.899608850479125977e+00,2.631884813308715820e-01,1.408524215221405029e-01,2.057391881942749023e+00,-6.720074415206909180e-01,9.873219579458236694e-02,-1.467058777809143066e+00,-3.067525625228881836e-01,7.776124030351638794e-02,2.505642652511596680e+00,-7.381628751754760742e-01,8.824803680181503296e-02,2.887741103768348694e-02,-2.135599032044410706e-02,4.879690408706665039e-01,-2.011281728744506836e+00,4.884994328022003174e-01,-5.494658350944519043e-01,1.091370820999145508e+00,-8.688569664955139160e-01,-3.980796039104461670e-02,1.799813657999038696e-01,-1.982629299163818359e+00,-5.143573284149169922e-01,6.360505223274230957e-01,1.169293999671936035e+00,6.908074617385864258e-01,-1.298972517251968384e-01,-2.826836705207824707e-01
-3.318732976913452148e-02,-9.827097877860069275e-03,4.048047661781311035e-01,9.644555449485778809e-01,3.454669937491416931e-02,2.583047151565551758e-01,4.371153190732002258e-02,-1.900331258773803711e+00,2.531704306602478027e-01,1.447895318269729614e-01,2.051773786544799805e+00,-6.754651665687561035e-01,9.364469349384307861e-02,-1.457230329513549805e+00,-3.101837635040283203e-01,6.941865384578704834e-02,2.497556924819946289e+00,-7.232106328010559082e-01,8.793472498655319214e-02,2.889724075794219971e-02,-2.560505829751491547e-02,4.859178066253662109e-01,-2.001631259918212891e+00,4.977668225765228271e-01,-5.429704189300537109e-01,1.096985340118408203e+00,-8.724245429039001465e-01,-3.439599648118019104e-02,1.678814291954040527e-01,-1.982859015464782715e+00,-5.186113715171813965e-01,6.425542235374450684e-01,1.175134301185607910e+00,7.000341415405273438e-01,-1.382780969142913818e-01,-2.674607336521148682e-01
-3.399814665317535400e-02,-9.642316028475761414e-03,4.033217132091522217e-01,9.641506671905517578e-01,3.309547528624534607e-02,2.590384185314178467e-01,4.708808660507202148e-02,-1.906525254249572754e+00,2.614392042160034180e-01,1.380558311939239502e-01,2.060303211212158203e+00,-6.701529026031494141e-01,9.957908838987350464e-02,-1.475790023803710938e+00,-3.024854063987731934e-01,7.605665177106857300e-02,2.511902093887329102e+00,-7.324893474578857422e-01,8.854369074106216431e-02,2.903015166521072388e-02,-2.046686969697475433e-02,4.891257882118225098e-01,-2.019581794738769531e+00,4.888778328895568848e-01,-5.586189031600952148e-01,1.096273660659790039e+00,-8.638902902603149414e-01,-3.614153340458869934e-02,1.805256903171539307e-01,-1.991860151290893555e+00,-5.174809098243713379e-01,6.477281451225280762e-01,1.178617119789123535e+00,7.013195753097534180e-01,-1.339781731367111206e-01,-2.721971571445465088e-01
-3.511148691177368164e-02,-9.320450015366077423e-03,4.028354883193969727e-01,9.639990925788879395e-01,3.243133425712585449e-02,2.596511244773864746e-01,4.727809876203536987e-02,-1.909680485725402832e+00,2.608426213264465332e-01,1.370973736047744751e-01,2.061051607131958008e+00,-6.689423918724060059e-01,9.908472001552581787e-02,-1.480270385742187500e+00,-3.000382781028747559e-01,7.558094710111618042e-02,2.513986587524414062e+00,-7.293150424957275391e-01,9.016516059637069702e-02,3.029743954539299011e-02,-2.019575424492359161e-02,4.893428087234497070e-01,-2.022014379501342773e+00,4.868080615997314453e-01,-5.600169897079467773e-01,1.100462555885314941e+00,-8.617810010910034180e-01,-3.515238687396049500e-02,1.786659806966781616e-01,-1.994388937950134277e+00,-5.193760395050048828e-01,6.525410413742065430e-01,1.182739615440368652e+00,7.069198489189147949e-01,-1.356551647186279297e-01,-2.665110230445861816e-01
-3.633619472384452820e-02,-8.819684386253356934e-03,4.025690257549285889e-01,9.638019800186157227e-01,3.161385655403137207e-02,2.603564560413360596e-01,4.796585440635681152e-02,-1.913062572479248047e+00,2.598066926002502441e-01,1.358461827039718628e-01,2.062050580978393555e+00,-6.681893467903137207e-01,9.949420392513275146e-02,-1.484308004379272461e+00,-2.994557023048400879e-01,7.423075288534164429e-02,2.514560699462890625e+00,-7.276901006698608398e-01,9.180898964405059814e-02,3.076190501451492310e-02,-1.890274509787559509e-02,4.892245829105377197e-01,-2.021921873092651367e+00,4.835612773895263672e-01,-5.599392652511596680e-01,1.104812979698181152e+00,-8.614076375961303711e-01,-3.568029403686523438e-02,1.755225658416748047e-01,-1.995198369026184082e+00,-5.218540430068969727e-01,6.572801470756530762e-01,1.186461091041564941e+00,7.113690376281738281e-01,-1.343408226966857910e-01,-2.600845694541931152e-01
-3.721009194850921631e-02,-8.434599265456199646e-03,4.024692773818969727e-01,9.635319709777832031e-01,3.099825792014598846e-02,2.613117396831512451e-01,4.859556630253791809e-02,-1.917394995689392090e+00,2.593308687210083008e-01,1.334194391965866089e-01,2.062834501266479492e+00,-6.670510768890380859e-01,9.961237758398056030e-02,-1.487978935241699219e+00,-2.990825176239013672e-01,7.412631064653396606e-02,2.514927148818969727e+00,-7.263820767402648926e-01,9.307789057493209839e-02,3.167505934834480286e-02,-1.793602481484413147e-02,4.885466098785400391e-01,-2.019938468933105469e+00,4.805921614170074463e-01,-5.587317347526550293e-01,1.107226967811584473e+00,-8.637340664863586426e-01,-3.739894554018974304e-02,1.749244928359985352e-01,-1.995880365371704102e+00,-5.256826281547546387e-01,6.614252328872680664e-01,1.189697384834289551e+00,7.143728733062744141e-01,-1.318430751562118530e-01,-2.534852325916290283e-01
-3.704406321048736572e-02,-9.321902878582477570e-03,4.026511609554290771e-01,9.634382724761962891e-01,3.158843144774436951e-02,2.619159519672393799e-01,4.678562656044960022e-02,-1.919757246971130371e+00,2.505826056003570557e-01,1.392275691032409668e-01,2.057709455490112305e+00,-6.708371639251708984e-01,9.841603040695190430e-02,-1.479875445365905762e+00,-3.036163151264190674e-01,6.760068237781524658e-02,2.503677129745483398e+00,-7.124018073081970215e-01,9.271543473005294800e-02,3.190794587135314941e-02,-1.996891759335994720e-02,4.861566722393035889e-01,-2.004712581634521484e+00,4.889084398746490479e-01,-5.524961352348327637e-01,1.112664341926574707e+00,-8.759950399398803711e-01,-4.120460525155067444e-02,1.629245728254318237e-01,-1.988667726516723633e+00,-5.335997343063354492e-01,6.665562391281127930e-01,1.197474956512451172e+00,7.201600074768066406e-01,-1.323531270027160645e-01,-2.436885386705398560e-01
-3.841260448098182678e-02,-7.452597375959157944e-03,4.021361470222473145e-01,9.629036784172058105e-01,2.991578914225101471e-02,2.637715041637420654e-01,4.843721538782119751e-02,-1.927341818809509277e+00,2.605596780776977539e-01,1.318612247705459595e-01,2.064236879348754883e+00,-6.655659079551696777e-01,1.020256131887435913e-01,-1.497989177703857422e+00,-2.981154322624206543e-01,7.489182054996490479e-02,2.513668298721313477e+00,-7.245767712593078613e-01,9.303834289312362671e-02,3.313136473298072815e-02,-1.408481411635875702e-02,4.881632030010223389e-01,-2.019649744033813477e+00,4.786367416381835938e-01,-5.676311850547790527e-01,1.111548185348510742e+00,-8.725572228431701660e-01,-4.233641549944877625e-02,1.772249191999435425e-01,-1.995749235153198242e+00,-5.337385535240173340e-01,6.728658080101013184e-01,1.201288223266601562e+00,7.202033400535583496e-01,-1.308327317237854004e-01,-2.438691109418869019e-01
-3.878425061702728271e-02,-6.854961626231670380e-03,4.021041691303253174e-01,9.625586867332458496e-01,2.957512065768241882e-02,2.652427256107330322e-01,4.745982959866523743e-02,-1.931700587272644043e+00,2.630822360515594482e-01,1.323193609714508057e-01,2.063697576522827148e+00,-6.639191508293151855e-01,1.030800119042396545e-01,-1.504073500633239746e+00,-2.953889667987823486e-01,7.561095803976058960e-02,2.512887239456176758e+00,-7.239808440208435059e-01,9.317878633737564087e-02,3.467720001935958862e-02,-1.271575409919023514e-02,4.882346689701080322e-01,-2.018383264541625977e+00,4.790382981300354004e-01,-5.711140632629394531e-01,1.112369656562805176e+00,-8.761243224143981934e-01,-4.280334711074829102e-02,1.786130964756011963e-01,-1.994298696517944336e+00,-5.376330018043518066e-01,6.772672533988952637e-01,1.204641819000244141e+00,7.212610840797424316e-01,-1.305381953716278076e-01,-2.410749346017837524e-01
-3.902917355298995972e-02,-6.242271512746810913e-03,4.024133682250976562e-01,9.622421860694885254e-01,2.911887131631374359e-02,2.665857672691345215e-01,4.662740975618362427e-02,-1.934557557106018066e+00,2.658476233482360840e-01,1.335043758153915405e-01,2.062476396560668945e+00,-6.620319485664367676e-01,1.041600778698921204e-01,-1.509349226951599121e+00,-2.931082248687744141e-01,7.530370354652404785e-02,2.510658264160156250e+00,-7.242212295532226562e-01,9.299227595329284668e-02,3.597785532474517822e-02,-1.109474617987871170e-02,4.885563254356384277e-01,-2.015772819519042969e+00,4.795499742031097412e-01,-5.725968480110168457e-01,1.113160252571105957e+00,-8.784334063529968262e-01,-4.241559281945228577e-02,1.785719692707061768e-01,-1.991063117980957031e+00,-5.410212278366088867e-01,6.798032522201538086e-01,1.205492377281188965e+00,7.223754525184631348e-01,-1.293054074048995972e-01,-2.389513552188873291e-01
-3.921952098608016968e-02,-5.638925358653068542e-03,4.030137658119201660e-01,9.619490504264831543e-01,2.851470001041889191e-02,2.677809894084930420e-01,4.619721695780754089e-02,-1.936095714569091797e+00,2.685316801071166992e-01,1.348734647035598755e-01,2.060723781585693359e+00,-6.603695154190063477e-01,1.055386513471603394e-01,-1.512847900390625000e+00,-2.913027405738830566e-01,7.414584606885910034e-02,2.506839036941528320e+00,-7.254719734191894531e-01,9.320732206106185913e-02,3.670125454664230347e-02,-9.124786593019962311e-03,4.891164004802703857e-01,-2.011316537857055664e+00,4.805180132389068604e-01,-5.708382129669189453e-01,1.111823081970214844e+00,-8.788547515869140625e-01,-4.170354455709457397e-02,1.781600862741470337e-01,-1.985467314720153809e+00,-5.442165136337280273e-01,6.808649897575378418e-01,1.203983426094055176e+00,7.240198850631713867e-01,-1.270723044872283936e-01,-2.358338534832000732e-01
-3.935981541872024536e-02,-5.237815901637077332e-03,4.036285877227783203e-01,9.615505337715148926e-01,2.796670049428939819e-02,2.692692875862121582e-01,4.617870971560478210e-02,-1.937926173210144043e+00,2.708604037761688232e-01,1.353289335966110229e-01,2.058854103088378906e+00,-6.585131287574768066e-01,1.062271147966384888e-01,-1.515085935592651367e+00,-2.902382612228393555e-01,7.349075376987457275e-02,2.503195524215698242e+00,-7.274535298347473145e-01,9.358720481395721436e-02,3.754934296011924744e-02,-7.424954790621995926e-03,4.893773794174194336e-01,-2.006894826889038086e+00,4.816496670246124268e-01,-5.670481920242309570e-01,1.108822226524353027e+00,-8.782755136489868164e-01,-4.205849021673202515e-02,1.791961342096328735e-01,-1.979376792907714844e+00,-5.481026768684387207e-01,6.798475384712219238e-01,1.200230717658996582e+00,7.249147295951843262e-01,-1.248926669359207153e-01,-2.321470826864242554e-01
-3.865149244666099548e-02,-7.228038739413022995e-03,4.045534729957580566e-01,9.611819386482238770e-01,2.902698330581188202e-02,2.709740102291107178e-01,4.312533140182495117e-02,-1.940704941749572754e+00,2.645938098430633545e-01,1.421265453100204468e-01,2.048989057540893555e+00,-6.587112545967102051e-01,1.021907031536102295e-01,-1.504316210746765137e+00,-2.938060462474822998e-01,6.485579162836074829e-02,2.488734960556030273e+00,-7.188037633895874023e-01,9.200832992792129517e-02,3.908688202500343323e-02,-9.898343123495578766e-03,4.882836043834686279e-01,-1.990475296974182129e+00,4.923113584518432617e-01,-5.595037937164306641e-01,1.113720536231994629e+00,-8.884227275848388672e-01,-4.773692041635513306e-02,1.760874837636947632e-01,-1.965283274650573730e+00,-5.544524192810058594e-01,6.773828864097595215e-01,1.202560305595397949e+00,7.280499935150146484e-01,-1.287608295679092407e-01,-2.251774221658706665e-01
-4.047966748476028442e-02,-5.607955157756805420e-03,4.041251242160797119e-01,9.606055617332458496e-01,2.747786417603492737e-02,2.726690173149108887e-01,4.618990421295166016e-02,-1.943783640861511230e+00,2.721964120864868164e-01,1.362105309963226318e-01,2.055500507354736328e+00,-6.549195051193237305e-01,1.064317822456359863e-01,-1.520958304405212402e+00,-2.909356653690338135e-01,7.281910628080368042e-02,2.497481107711791992e+00,-7.288331389427185059e-01,9.183360636234283447e-02,3.842952847480773926e-02,-2.592196920886635780e-03,4.901892542839050293e-01,-2.006781816482543945e+00,4.832915663719177246e-01,-5.674541592597961426e-01,1.106816887855529785e+00,-8.745895624160766602e-01,-4.618868604302406311e-02,1.840749084949493408e-01,-1.970185637474060059e+00,-5.538642406463623047e-01,6.795931458473205566e-01,1.201195836067199707e+00,7.237632870674133301e-01,-1.271065920591354370e-01,-2.247458249330520630e-01
-4.141765832901000977e-02,-6.257802713662385941e-03,4.042280614376068115e-01,9.601454734802246094e-01,2.773759514093399048e-02,2.743289172649383545e-01,4.577067494392395020e-02,-1.946489930152893066e+00,2.724436521530151367e-01,1.365581303834915161e-01,2.053196430206298828e+00,-6.526260972023010254e-01,1.052425354719161987e-01,-1.524492144584655762e+00,-2.904160022735595703e-01,7.361325621604919434e-02,2.496548652648925781e+00,-7.282400131225585938e-01,9.075833857059478760e-02,3.994956985116004944e-02,-7.606864674016833305e-04,4.899939596652984619e-01,-2.007851362228393555e+00,4.837467372417449951e-01,-5.673963427543640137e-01,1.107795357704162598e+00,-8.712973594665527344e-01,-4.789679497480392456e-02,1.873295307159423828e-01,-1.967757225036621094e+00,-5.567008256912231445e-01,6.790724396705627441e-01,1.201502680778503418e+00,7.210048437118530273e-01,-1.286139935255050659e-01,-2.221530675888061523e-01
-4.259958490729331970e-02,-6.969067733734846115e-03,4.042657017707824707e-01,9.597633481025695801e-01,2.803919836878776550e-02,2.756793797016143799e-01,4.548588767647743225e-02,-1.948476552963256836e+00,2.725690901279449463e-01,1.372111439704895020e-01,2.051090717315673828e+00,-6.501704454421997070e-01,1.042635142803192139e-01,-1.528521299362182617e+00,-2.897614240646362305e-01,7.433991879224777222e-02,2.495921850204467773e+00,-7.282276153564453125e-01,8.998745679855346680e-02,4.103282094001770020e-02,1.341547118499875069e-03,4.895775020122528076e-01,-2.007544755935668945e+00,4.842075705528259277e-01,-5.662038922309875488e-01,1.108406186103820801e+00,-8.688067793846130371e-01,-4.937841370701789856e-02,1.886754035949707031e-01,-1.966277837753295898e+00,-5.591988563537597656e-01,6.792057752609252930e-01,1.201271295547485352e+00,7.183513045310974121e-01,-1.286977976560592651e-01,-2.208405882120132446e-01
-4.385012015700340271e-02,-7.452418562024831772e-03,4.041545987129211426e-01,9.594412446022033691e-01,2.828591689467430115e-02,2.767441868782043457e-01,4.566233977675437927e-02,-1.950554251670837402e+00,2.722556591033935547e-01,1.380589604377746582e-01,2.049957990646362305e+00,-6.483170986175537109e-01,1.034643873572349548e-01,-1.532480478286743164e+00,-2.891733050346374512e-01,7.490439713001251221e-02,2.495658159255981445e+00,-7.291146516799926758e-01,8.945126831531524658e-02,4.081618413329124451e-02,3.556882264092564583e-03,4.890477061271667480e-01,-2.005427837371826172e+00,4.854156970977783203e-01,-5.626866817474365234e-01,1.107775330543518066e+00,-8.666133284568786621e-01,-5.032900720834732056e-02,1.880828142166137695e-01,-1.964399099349975586e+00,-5.614023804664611816e-01,6.798615455627441406e-01,1.202173590660095215e+00,7.168452143669128418e-01,-1.268240660429000854e-01,-2.195621430873870850e-01
-4.489383846521377563e-02,-7.749783340841531754e-03,4.036555886268615723e-01,9.591538310050964355e-01,2.879148162901401520e-02,2.776041924953460693e-01,4.616171494126319885e-02,-1.952857851982116699e+00,2.716787457466125488e-01,1.389259696006774902e-01,2.050696372985839844e+00,-6.473596096038818359e-01,1.028361842036247253e-01,-1.536673665046691895e+00,-2.885560095310211182e-01,7.669284194707870483e-02,2.497480630874633789e+00,-7.312124371528625488e-01,8.890711516141891479e-02,4.067417979240417480e-02,5.253601353615522385e-03,4.884002506732940674e-01,-2.002887725830078125e+00,4.862375259399414062e-01,-5.569648742675781250e-01,1.105348706245422363e+00,-8.653642535209655762e-01,-5.178776755928993225e-02,1.880249232053756714e-01,-1.961477518081665039e+00,-5.641367435455322266e-01,6.802435517311096191e-01,1.203500390052795410e+00,7.174817919731140137e-01,-1.250805258750915527e-01,-2.185328900814056396e-01
-4.487071931362152100e-02,-9.482800960540771484e-03,4.033500850200653076e-01,9.591466188430786133e-01,3.018577769398689270e-02,2.778084874153137207e-01,4.414754733443260193e-02,-1.954010605812072754e+00,2.603959143161773682e-01,1.480276137590408325e-01,2.049269199371337891e+00,-6.524011492729187012e-01,9.819166362285614014e-02,-1.525437831878662109e+00,-2.935888469219207764e-01,7.216197252273559570e-02,2.488776206970214844e+00,-7.243462204933166504e-01,8.571103960275650024e-02,4.244386032223701477e-02,3.991245292127132416e-03,4.879220426082611084e-01,-1.986984848976135254e+00,4.974665343761444092e-01,-5.499886870384216309e-01,1.108657240867614746e+00,-8.756484985351562500e-01,-5.405404046177864075e-02,1.808861792087554932e-01,-1.951593637466430664e+00,-5.682325363159179688e-01,6.821387410163879395e-01,1.210414886474609375e+00,7.299144268035888672e-01,-1.281382441520690918e-01,-2.161097973585128784e-01
-4.642109945416450500e-02,-7.764536421746015549e-03,4.014782011508941650e-01,9.584855437278747559e-01,2.987248077988624573e-02,2.795971333980560303e-01,4.731348529458045959e-02,-1.960754871368408203e+00,2.679982483386993408e-01,1.413731127977371216e-01,2.056506872177124023e+00,-6.476405858993530273e-01,1.013889387249946594e-01,-1.546211838722229004e+00,-2.889845967292785645e-01,8.038625866174697876e-02,2.505107641220092773e+00,-7.339036464691162109e-01,8.534055203199386597e-02,4.107596352696418762e-02,9.214848279953002930e-03,4.880696535110473633e-01,-2.003876209259033203e+00,4.863120019435882568e-01,-5.536507964134216309e-01,1.103131175041198730e+00,-8.661381006240844727e-01,-5.782732367515563965e-02,1.905788332223892212e-01,-1.952108502388000488e+00,-5.677492022514343262e-01,6.828912496566772461e-01,1.214044809341430664e+00,7.230896949768066406e-01,-1.308244019746780396e-01,-2.176048904657363892e-01
-4.686310142278671265e-02,-7.757014594972133636e-03,4.003913402557373047e-01,9.582162499427795410e-01,3.048874065279960632e-02,2.803629934787750244e-01,4.784006997942924500e-02,-1.964504837989807129e+00,2.669053077697753906e-01,1.423010230064392090e-01,2.059085845947265625e+00,-6.477548480033874512e-01,1.003988981246948242e-01,-1.549589395523071289e+00,-2.897257506847381592e-01,8.177256584167480469e-02,2.510411024093627930e+00,-7.337982654571533203e-01,8.365315198898315430e-02,4.218099638819694519e-02,1.082100626081228256e-02,4.880254268646240234e-01,-2.004580736160278320e+00,4.852184355258941650e-01,-5.526498556137084961e-01,1.103074073791503906e+00,-8.669423460960388184e-01,-6.007264927029609680e-02,1.916593909263610840e-01,-1.947653532028198242e+00,-5.698716044425964355e-01,6.828889250755310059e-01,1.215492963790893555e+00,7.254921793937683105e-01,-1.331616938114166260e-01,-2.164424806833267212e-01
-4.721519723534584045e-02,-7.711761631071567535e-03,3.994846045970916748e-01,9.580423235893249512e-01,3.087022528052330017e-02,2.807742655277252197e-01,4.865907877683639526e-02,-1.967926859855651855e+00,2.663636803627014160e-01,1.423233598470687866e-01,2.061106681823730469e+00,-6.475434303283691406e-01,9.997979551553726196e-02,-1.551710247993469238e+00,-2.911079525947570801e-01,8.131636679172515869e-02,2.514797449111938477e+00,-7.337775230407714844e-01,8.204255253076553345e-02,4.261690005660057068e-02,1.333505567163228989e-02,4.881208539009094238e-01,-2.003305435180664062e+00,4.840858876705169678e-01,-5.513162612915039062e-01,1.102285265922546387e+00,-8.682479858398437500e-01,-6.039413437247276306e-02,1.919603049755096436e-01,-1.943231821060180664e+00,-5.724583864212036133e-01,6.822459101676940918e-01,1.214391469955444336e+00,7.256699204444885254e-01,-1.321696043014526367e-01,-2.137470394372940063e-01
-4.762355238199234009e-02,-7.766143884509801865e-03,3.987781107425689697e-01,9.578918814659118652e-01,3.139644861221313477e-02,2.810685932636260986e-01,4.957609996199607849e-02,-1.970571398735046387e+00,2.660411596298217773e-01,1.418267190456390381e-01,2.061851739883422852e+00,-6.464777588844299316e-01,9.927198290824890137e-02,-1.553299784660339355e+00,-2.929384708404541016e-01,8.075224608182907104e-02,2.518316030502319336e+00,-7.339526414871215820e-01,8.038250356912612915e-02,4.278309643268585205e-02,1.562534272670745850e-02,4.879426658153533936e-01,-2.000769138336181641e+00,4.827259182929992676e-01,-5.483834743499755859e-01,1.099664568901062012e+00,-8.697199225425720215e-01,-5.863922834396362305e-02,1.932642608880996704e-01,-1.938730001449584961e+00,-5.750191211700439453e-01,6.800445318222045898e-01,1.213492035865783691e+00,7.241676449775695801e-01,-1.294860243797302246e-01,-2.106211483478546143e-01
-4.728740453720092773e-02,-9.442975744605064392e-03,3.980787992477416992e-01,9.573999643325805664e-01,3.338128700852394104e-02,2.830289304256439209e-01,4.653612524271011353e-02,-1.983944773674011230e+00,2.525962591171264648e-01,1.409612894058227539e-01,2.058764934539794922e+00,-6.536701321601867676e-01,9.471775591373443604e-02,-1.541492104530334473e+00,-3.056578934192657471e-01,7.526677101850509644e-02,2.528027296066284180e+00,-7.237499952316284180e-01,7.100903242826461792e-02,4.946190118789672852e-02,1.476146746426820755e-02,4.902602434158325195e-01,-1.984031796455383301e+00,4.865526854991912842e-01,-5.388178229331970215e-01,1.101610183715820312e+00,-8.804941773414611816e-01,-5.673592537641525269e-02,1.966656595468521118e-01,-1.938473939895629883e+00,-5.727527141571044922e-01,6.898354291915893555e-01,1.227978587150573730e+00,7.330240607261657715e-01,-1.269703060388565063e-01,-2.043679505586624146e-01
-4.893770813941955566e-02,-7.966784760355949402e-03,3.975263535976409912e-01,9.575206041336059570e-01,3.251656889915466309e-02,2.820167839527130127e-01,5.063124001026153564e-02,-1.975615024566650391e+00,2.624729573726654053e-01,1.409571468830108643e-01,2.062281608581542969e+00,-6.456516385078430176e-01,9.718351066112518311e-02,-1.560580372810363770e+00,-2.957158088684082031e-01,8.062534034252166748e-02,2.521922588348388672e+00,-7.340027093887329102e-01,7.758325338363647461e-02,4.327410832047462463e-02,2.136038616299629211e-02,4.890507161617279053e-01,-2.000387907028198242e+00,4.807391762733459473e-01,-5.483031272888183594e-01,1.094939231872558594e+00,-8.728165626525878906e-01,-5.723031610250473022e-02,1.995994150638580322e-01,-1.929464817047119141e+00,-5.750995278358459473e-01,6.790342330932617188e-01,1.226353883743286133e+00,7.222756147384643555e-01,-1.322837918996810913e-01,-2.090936601161956787e-01
-4.940100014209747314e-02,-8.365591987967491150e-03,3.967784047126770020e-01,9.572326540946960449e-01,3.315693512558937073e-02,2.828435003757476807e-01,5.104694515466690063e-02,-1.978406548500061035e+00,2.598776817321777344e-01,1.408192068338394165e-01,2.062690258026123047e+00,-6.447483301162719727e-01,9.499871730804443359e-02,-1.566416382789611816e+00,-2.959961295127868652e-01,8.133914321660995483e-02,2.524788856506347656e+00,-7.329468727111816406e-01,7.806085050106048584e-02,4.496101289987564087e-02,2.411028742790222168e-02,4.900181293487548828e-01,-2.001782894134521484e+00,4.784993529319763184e-01,-5.464422702789306641e-01,1.093366503715515137e+00,-8.721513152122497559e-01,-5.830742791295051575e-02,2.034268230199813843e-01,-1.925142049789428711e+00,-5.750194787979125977e-01,6.786826848983764648e-01,1.232864856719970703e+00,7.217382788658142090e-01,-1.339679658412933350e-01,-2.108969241380691528e-01
-4.955673590302467346e-02,-8.954242803156375885e-03,3.958637714385986328e-01,9.568588137626647949e-01,3.357899561524391174e-02,2.838951647281646729e-01,5.193483829498291016e-02,-1.982600927352905273e+00,2.574113905429840088e-01,1.401603072881698608e-01,2.063841819763183594e+00,-6.438433527946472168e-01,9.353444725275039673e-02,-1.572775959968566895e+00,-2.964150011539459229e-01,8.205170929431915283e-02,2.528081655502319336e+00,-7.324230074882507324e-01,7.934618741273880005e-02,4.693154618144035339e-02,2.826824598014354706e-02,4.908628463745117188e-01,-2.002094984054565430e+00,4.760782420635223389e-01,-5.433466434478759766e-01,1.093042969703674316e+00,-8.704206943511962891e-01,-5.999124422669410706e-02,2.058417797088623047e-01,-1.920744776725769043e+00,-5.760612487792968750e-01,6.798103451728820801e-01,1.236797809600830078e+00,7.233198881149291992e-01,-1.329889893531799316e-01,-2.105316370725631714e-01
-4.935390874743461609e-02,-9.496882557868957520e-03,3.949975669384002686e-01,9.564739465713500977e-01,3.374499455094337463e-02,2.849303781986236572e-01,5.323177203536033630e-02,-1.987349033355712891e+00,2.552092969417572021e-01,1.384411156177520752e-01,2.064764022827148438e+00,-6.426274180412292480e-01,9.350006282329559326e-02,-1.578461170196533203e+00,-2.970762848854064941e-01,8.257926255464553833e-02,2.530125141143798828e+00,-7.333246469497680664e-01,8.107744902372360229e-02,4.840750992298126221e-02,3.374032303690910339e-02,4.914689064025878906e-01,-2.000776529312133789e+00,4.743024408817291260e-01,-5.390059947967529297e-01,1.092440724372863770e+00,-8.689996004104614258e-01,-6.007238477468490601e-02,2.071347981691360474e-01,-1.915688633918762207e+00,-5.788351297378540039e-01,6.821602582931518555e-01,1.237831354141235352e+00,7.268391251564025879e-01,-1.291723996400833130e-01,-2.074030190706253052e-01
-4.896567016839981079e-02,-9.970634244382381439e-03,3.943226635456085205e-01,9.560399055480957031e-01,3.388288989663124084e-02,2.861376702785491943e-01,5.445071682333946228e-02,-1.991953253746032715e+00,2.536125779151916504e-01,1.367160379886627197e-01,2.064789772033691406e+00,-6.403250694274902344e-01,9.388284385204315186e-02,-1.582710266113281250e+00,-2.976806461811065674e-01,8.372335880994796753e-02,2.531678915023803711e+00,-7.353141307830810547e-01,8.205112069845199585e-02,5.052933841943740845e-02,3.919848427176475525e-02,4.917310774326324463e-01,-1.999831438064575195e+00,4.724028408527374268e-01,-5.352613329887390137e-01,1.091419577598571777e+00,-8.685268759727478027e-01,-5.862801894545555115e-02,2.097770571708679199e-01,-1.909905433654785156e+00,-5.830583572387695312e-01,6.839942336082458496e-01,1.237764477729797363e+00,7.307317852973937988e-01,-1.252557784318923950e-01,-2.021155357360839844e-01
-4.721681773662567139e-02,-1.223804242908954620e-02,3.937750458717346191e-01,9.560393095016479492e-01,3.537479788064956665e-02,2.863814234733581543e-01,5.218357592821121216e-02,-1.994575619697570801e+00,2.446479648351669312e-01,1.416988074779510498e-01,2.062994003295898438e+00,-6.460958123207092285e-01,9.030100703239440918e-02,-1.571025133132934570e+00,-3.002770841121673584e-01,7.594063878059387207e-02,2.521559953689575195e+00,-7.191926240921020508e-01,8.362210541963577271e-02,5.498535186052322388e-02,3.853447735309600830e-02,4.918115437030792236e-01,-1.984879612922668457e+00,4.832825064659118652e-01,-5.259354710578918457e-01,1.089281916618347168e+00,-8.767206072807312012e-01,-5.531847104430198669e-02,2.042871415615081787e-01,-1.904205083847045898e+00,-5.907645821571350098e-01,6.851195096969604492e-01,1.240613460540771484e+00,7.377805113792419434e-01,-1.264041811227798462e-01,-1.969571113586425781e-01
-4.886716976761817932e-02,-1.016822643578052521e-02,3.936088979244232178e-01,9.553617835044860840e-01,3.426467254757881165e-02,2.881319820880889893e-01,5.558606609702110291e-02,-1.998352169990539551e+00,2.515083551406860352e-01,1.356444358825683594e-01,2.064291238784790039e+00,-6.360003948211669922e-01,9.500517696142196655e-02,-1.589655995368957520e+00,-2.980779409408569336e-01,8.436561375856399536e-02,2.532784700393676758e+00,-7.391523718833923340e-01,8.092720806598663330e-02,5.618524178862571716e-02,5.070653930306434631e-02,4.931459128856658936e-01,-2.000280857086181641e+00,4.676066637039184570e-01,-5.338407158851623535e-01,1.092048883438110352e+00,-8.689624667167663574e-01,-5.376683175563812256e-02,2.137405872344970703e-01,-1.896644711494445801e+00,-5.896322727203369141e-01,6.867021918296813965e-01,1.246675252914428711e+00,7.357631325721740723e-01,-1.234544664621353149e-01,-1.868820786476135254e-01
-4.905553907155990601e-02,-1.040518842637538910e-02,3.934236168861389160e-01,9.550485014915466309e-01,3.480790182948112488e-02,2.890436053276062012e-01,5.589754134416580200e-02,-2.000677824020385742e+00,2.508415877819061279e-01,1.360868364572525024e-01,2.063540697097778320e+00,-6.337871551513671875e-01,9.417811781167984009e-02,-1.594277262687683105e+00,-2.972071468830108643e-01,8.536868542432785034e-02,2.534166097640991211e+00,-7.399924993515014648e-01,8.068691939115524292e-02,5.970385670661926270e-02,5.593666806817054749e-02,4.939176440238952637e-01,-1.999726176261901855e+00,4.643503725528717041e-01,-5.320860743522644043e-01,1.092199683189392090e+00,-8.689773678779602051e-01,-5.197680741548538208e-02,2.140590697526931763e-01,-1.890379190444946289e+00,-5.918132662773132324e-01,6.875987052917480469e-01,1.252474427223205566e+00,7.360310554504394531e-01,-1.235021948814392090e-01,-1.798941195011138916e-01
-4.938209801912307739e-02,-1.085444632917642593e-02,3.933681547641754150e-01,9.547189474105834961e-01,3.540793061256408691e-02,2.899225056171417236e-01,5.659411102533340454e-02,-2.002811908721923828e+00,2.498496472835540771e-01,1.366276890039443970e-01,2.062631845474243164e+00,-6.323837041854858398e-01,9.332658350467681885e-02,-1.599914669990539551e+00,-2.960171997547149658e-01,8.667337894439697266e-02,2.535227775573730469e+00,-7.407469749450683594e-01,8.120231330394744873e-02,6.268709897994995117e-02,6.222089752554893494e-02,4.944944679737091064e-01,-1.997790694236755371e+00,4.606633186340332031e-01,-5.282818675041198730e-01,1.092506289482116699e+00,-8.700958490371704102e-01,-5.209669843316078186e-02,2.128947526216506958e-01,-1.883928179740905762e+00,-5.946671962738037109e-01,6.891270875930786133e-01,1.257669210433959961e+00,7.362089753150939941e-01,-1.237472742795944214e-01,-1.729657351970672607e-01
-4.971735924482345581e-02,-1.145812775939702988e-02,3.935184776782989502e-01,9.544323086738586426e-01,3.587850183248519897e-02,2.906079590320587158e-01,5.760888382792472839e-02,-2.004389286041259766e+00,2.487065196037292480e-01,1.370348036289215088e-01,2.061013460159301758e+00,-6.317465901374816895e-01,9.280999749898910522e-02,-1.604849576950073242e+00,-2.950598299503326416e-01,8.755785226821899414e-02,2.534985542297363281e+00,-7.413592338562011719e-01,8.148892968893051147e-02,6.455106288194656372e-02,6.942008435726165771e-02,4.946136176586151123e-01,-1.994213938713073730e+00,4.572744667530059814e-01,-5.229754447937011719e-01,1.092347145080566406e+00,-8.715595006942749023e-01,-5.348148941993713379e-02,2.108511775732040405e-01,-1.877198696136474609e+00,-5.978806018829345703e-01,6.927112340927124023e-01,1.262310862541198730e+00,7.373577952384948730e-01,-1.233128830790519714e-01,-1.655559986829757690e-01
-5.009165033698081970e-02,-1.212343946099281311e-02,3.937332630157470703e-01,9.541375041007995605e-01,3.637372702360153198e-02,2.913380563259124756e-01,5.848675593733787537e-02,-2.005566596984863281e+00,2.478436529636383057e-01,1.376176327466964722e-01,2.059103250503540039e+00,-6.311514973640441895e-01,9.213289618492126465e-02,-1.608289241790771484e+00,-2.938995361328125000e-01,8.942191302776336670e-02,2.534668684005737305e+00,-7.411062717437744141e-01,8.195792138576507568e-02,6.669537723064422607e-02,7.614632695913314819e-02,4.942565262317657471e-01,-1.991425752639770508e+00,4.542949795722961426e-01,-5.175160765647888184e-01,1.090782046318054199e+00,-8.727805018424987793e-01,-5.543965473771095276e-02,2.110020816326141357e-01,-1.869504570960998535e+00,-6.021043658256530762e-01,6.950510740280151367e-01,1.265100598335266113e+00,7.373225688934326172e-01,-1.239283233880996704e-01,-1.590504944324493408e-01
-4.773535951972007751e-02,-1.383933890610933304e-02,3.944716453552246094e-01,9.539074301719665527e-01,3.796065598726272583e-02,2.921794652938842773e-01,5.701526254415512085e-02,-2.003210783004760742e+00,2.392199486494064331e-01,1.462198644876480103e-01,2.053055047988891602e+00,-6.393887996673583984e-01,8.889816701412200928e-02,-1.596080303192138672e+00,-2.967733740806579590e-01,8.263243734836578369e-02,2.519615173339843750e+00,-7.248551845550537109e-01,8.326365798711776733e-02,6.881699711084365845e-02,7.988427579402923584e-02,4.950482845306396484e-01,-1.978599071502685547e+00,4.694886207580566406e-01,-5.112291574478149414e-01,1.092642068862915039e+00,-8.856598734855651855e-01,-5.522814020514488220e-02,2.039568871259689331e-01,-1.857286810874938965e+00,-6.115065813064575195e-01,7.000795602798461914e-01,1.271353125572204590e+00,7.419503331184387207e-01,-1.263494789600372314e-01,-1.493331193923950195e-01
-5.051178857684135437e-02,-1.196822430938482285e-02,3.941383659839630127e-01,9.536377787590026855e-01,3.719547763466835022e-02,2.926189601421356201e-01,5.971232801675796509e-02,-2.006634712219238281e+00,2.454871237277984619e-01,1.409866064786911011e-01,2.055102348327636719e+00,-6.299676895141601562e-01,9.156429022550582886e-02,-1.612574934959411621e+00,-2.938390076160430908e-01,9.106390923261642456e-02,2.531694173812866211e+00,-7.400705218315124512e-01,7.937075942754745483e-02,6.989362835884094238e-02,9.000214934349060059e-02,4.953776895999908447e-01,-1.990130186080932617e+00,4.519208669662475586e-01,-5.175925493240356445e-01,1.089645385742187500e+00,-8.767378330230712891e-01,-5.740372836589813232e-02,2.094494402408599854e-01,-1.850012898445129395e+00,-6.073902845382690430e-01,6.994857788085937500e-01,1.278533339500427246e+00,7.364957928657531738e-01,-1.248584911227226257e-01,-1.443299204111099243e-01
-5.037729069590568542e-02,-1.145806070417165756e-02,3.941581547260284424e-01,9.533722996711730957e-01,3.798321634531021118e-02,2.932274937629699707e-01,6.046700850129127502e-02,-2.006193876266479492e+00,2.442399710416793823e-01,1.435155421495437622e-01,2.052887678146362305e+00,-6.287266016006469727e-01,9.070057421922683716e-02,-1.614775180816650391e+00,-2.945851087570190430e-01,9.229934960603713989e-02,2.531294584274291992e+00,-7.390996813774108887e-01,7.894298434257507324e-02,7.205003499984741211e-02,9.627401083707809448e-02,4.960654079914093018e-01,-1.988627076148986816e+00,4.516592621803283691e-01,-5.172107219696044922e-01,1.088687419891357422e+00,-8.761035203933715820e-01,-5.552909895777702332e-02,2.089038938283920288e-01,-1.837617397308349609e+00,-6.098780035972595215e-01,6.996666789054870605e-01,1.285183072090148926e+00,7.341532707214355469e-01,-1.221535801887512207e-01,-1.361390203237533569e-01
-5.005024001002311707e-02,-1.090927794575691223e-02,3.940082490444183350e-01,9.531688094139099121e-01,3.894906491041183472e-02,2.935532331466674805e-01,6.147010624408721924e-02,-2.005726337432861328e+00,2.428166568279266357e-01,1.455699354410171509e-01,2.051551580429077148e+00,-6.278045773506164551e-01,8.963286131620407104e-02,-1.617663025856018066e+00,-2.956390082836151123e-01,9.362512081861495972e-02,2.531585693359375000e+00,-7.384564280509948730e-01,7.979893684387207031e-02,7.365673035383224487e-02,1.029261946678161621e-01,4.966272711753845215e-01,-1.985020279884338379e+00,4.514032304286956787e-01,-5.148563981056213379e-01,1.087954640388488770e+00,-8.745381832122802734e-01,-5.339689552783966064e-02,2.071010172367095947e-01,-1.825305819511413574e+00,-6.124983429908752441e-01,7.007422447204589844e-01,1.290301799774169922e+00,7.305732369422912598e-01,-1.169821619987487793e-01,-1.278876811265945435e-01
-4.973359033465385437e-02,-1.073638070374727249e-02,3.935592472553253174e-01,9.528959393501281738e-01,4.014535993337631226e-02,2.940213382244110107e-01,6.268279254436492920e-02,-2.006069183349609375e+00,2.412676066160202026e-01,1.469817012548446655e-01,2.050996541976928711e+00,-6.269425749778747559e-01,8.790273219347000122e-02,-1.621641159057617188e+00,-2.961205244064331055e-01,9.655060619115829468e-02,2.533541679382324219e+00,-7.379303574562072754e-01,8.094872534275054932e-02,7.554250210523605347e-02,1.095862761139869690e-01,4.966903328895568848e-01,-1.982382774353027344e+00,4.505010843276977539e-01,-5.104240179061889648e-01,1.087108969688415527e+00,-8.721612095832824707e-01,-5.259460210800170898e-02,2.077748626470565796e-01,-1.813663363456726074e+00,-6.163210272789001465e-01,7.016441822052001953e-01,1.293213367462158203e+00,7.268794178962707520e-01,-1.125177443027496338e-01,-1.215914189815521240e-01
-4.808916896581649780e-02,-1.278618536889553070e-02,3.926431834697723389e-01,9.527111053466796875e-01,4.251801967620849609e-02,2.945437133312225342e-01,6.146349012851715088e-02,-2.005405426025390625e+00,2.314097434282302856e-01,1.578120142221450806e-01,2.049583435058593750e+00,-6.323785781860351562e-01,8.503593504428863525e-02,-1.613522887229919434e+00,-3.000251352787017822e-01,9.039874374866485596e-02,2.525621891021728516e+00,-7.236865758895874023e-01,7.966475188732147217e-02,7.794233411550521851e-02,1.127207726240158081e-01,4.962484240531921387e-01,-1.972596526145935059e+00,4.618905186653137207e-01,-5.056241154670715332e-01,1.095038175582885742e+00,-8.789491653442382812e-01,-4.891140758991241455e-02,2.028432190418243408e-01,-1.804407477378845215e+00,-6.234593391418457031e-01,7.096475362777709961e-01,1.300242781639099121e+00,7.251913547515869141e-01,-1.115033850073814392e-01,-1.237803399562835693e-01
-4.964827373623847961e-02,-1.164994016289710999e-02,3.920314908027648926e-01,9.521883130073547363e-01,4.234756529331207275e-02,2.956121265888214111e-01,6.447955220937728882e-02,-2.009511232376098633e+00,2.375488728284835815e-01,1.511104106903076172e-01,2.052359819412231445e+00,-6.280512213706970215e-01,8.576264977455139160e-02,-1.632097005844116211e+00,-2.962189018726348877e-01,1.025504097342491150e-01,2.538442373275756836e+00,-7.391006946563720703e-01,7.889612764120101929e-02,8.041990548372268677e-02,1.238702535629272461e-01,4.977476894855499268e-01,-1.987400412559509277e+00,4.463610649108886719e-01,-5.085237622261047363e-01,1.091076254844665527e+00,-8.687859177589416504e-01,-5.858338624238967896e-02,2.131879329681396484e-01,-1.795428514480590820e+00,-6.253650784492492676e-01,7.067542672157287598e-01,1.304120779037475586e+00,7.189437150955200195e-01,-1.117420271039009094e-01,-1.131669431924819946e-01
-4.969697818160057068e-02,-1.253870688378810883e-02,3.914113938808441162e-01,9.518307447433471680e-01,4.346146434545516968e-02,2.964770197868347168e-01,6.504441797733306885e-02,-2.010798692703247070e+00,2.364640086889266968e-01,1.539333611726760864e-01,2.052391529083251953e+00,-6.281736493110656738e-01,8.464966714382171631e-02,-1.636710643768310547e+00,-2.957352101802825928e-01,1.052179634571075439e-01,2.541246652603149414e+00,-7.399595379829406738e-01,7.644627243280410767e-02,8.396715670824050903e-02,1.303188502788543701e-01,4.982183277606964111e-01,-1.991231679916381836e+00,4.433385729789733887e-01,-5.096263885498046875e-01,1.093138337135314941e+00,-8.682650327682495117e-01,-6.183696165680885315e-02,2.151073366403579712e-01,-1.785669684410095215e+00,-6.306940317153930664e-01,7.080830335617065430e-01,1.306949853897094727e+00,7.130107879638671875e-01,-1.120337173342704773e-01,-1.106570288538932800e-01
-4.973587766289710999e-02,-1.324651949107646942e-02,3.909577131271362305e-01,9.515357613563537598e-01,4.460509121417999268e-02,2.970784008502960205e-01,6.583673506975173950e-02,-2.011331319808959961e+00,2.358475625514984131e-01,1.570540964603424072e-01,2.051936626434326172e+00,-6.280276179313659668e-01,8.373265713453292847e-02,-1.640304923057556152e+00,-2.959529459476470947e-01,1.069722026586532593e-01,2.543567895889282227e+00,-7.406218647956848145e-01,7.443521916866302490e-02,8.650317043066024780e-02,1.368313580751419067e-01,4.987869560718536377e-01,-1.992473363876342773e+00,4.416352212429046631e-01,-5.109549760818481445e-01,1.093326926231384277e+00,-8.694213628768920898e-01,-6.399399787187576294e-02,2.149496823549270630e-01,-1.774564146995544434e+00,-6.349591612815856934e-01,7.099878787994384766e-01,1.308727383613586426e+00,7.058494687080383301e-01,-1.100025922060012817e-01,-1.073182597756385803e-01
-4.990833997726440430e-02,-1.368568185716867447e-02,3.904323875904083252e-01,9.512448906898498535e-01,4.584085568785667419e-02,2.975721061229705811e-01,6.695248931646347046e-02,-2.011660814285278320e+00,2.350339740514755249e-01,1.602040827274322510e-01,2.051237821578979492e+00,-6.277714371681213379e-01,8.322051167488098145e-02,-1.643764615058898926e+00,-2.973841726779937744e-01,1.083023473620414734e-01,2.545722246170043945e+00,-7.409982681274414062e-01,7.333479821681976318e-02,8.767770975828170776e-02,1.436367928981781006e-01,4.993993937969207764e-01,-1.991691946983337402e+00,4.421000778675079346e-01,-5.111105442047119141e-01,1.091557741165161133e+00,-8.714230656623840332e-01,-6.468685716390609741e-02,2.146756500005722046e-01,-1.763182878494262695e+00,-6.384621262550354004e-01,7.121963500976562500e-01,1.309708237648010254e+00,6.993645429611206055e-01,-1.063370406627655029e-01,-1.033234149217605591e-01
-5.004358291625976562e-02,-1.395335793495178223e-02,3.897544443607330322e-01,9.509581923484802246e-01,4.721122235059738159e-02,2.980553805828094482e-01,6.791603565216064453e-02,-2.012342929840087891e+00,2.338118404150009155e-01,1.625045984983444214e-01,2.050332784652709961e+00,-6.268841624259948730e-01,8.218930661678314209e-02,-1.647272348403930664e+00,-2.989066243171691895e-01,1.112496331334114075e-01,2.548923254013061523e+00,-7.406325936317443848e-01,7.339800149202346802e-02,8.849709481000900269e-02,1.492411643266677856e-01,4.997569918632507324e-01,-1.990693926811218262e+00,4.438207745552062988e-01,-5.086828470230102539e-01,1.087822198867797852e+00,-8.717474341392517090e-01,-6.349860131740570068e-02,2.166455984115600586e-01,-1.752594113349914551e+00,-6.409909129142761230e-01,7.136786580085754395e-01,1.310602068901062012e+00,6.945075392723083496e-01,-1.029204726219177246e-01,-1.009234189987182617e-01
-4.882781952619552612e-02,-1.599539630115032196e-02,3.894027471542358398e-01,9.508220553398132324e-01,4.930767416954040527e-02,2.986709475517272949e-01,6.558802723884582520e-02,-2.013081789016723633e+00,2.244654744863510132e-01,1.718298643827438354e-01,2.047416925430297852e+00,-6.334093213081359863e-01,7.814690470695495605e-02,-1.638259172439575195e+00,-3.016944229602813721e-01,1.068815737962722778e-01,2.539025545120239258e+00,-7.268723249435424805e-01,7.532278448343276978e-02,9.096593409776687622e-02,1.499185115098953247e-01,4.995624721050262451e-01,-1.979623436927795410e+00,4.585478603839874268e-01,-5.034891366958618164e-01,1.091846704483032227e+00,-8.783561587333679199e-01,-5.593829229474067688e-02,2.190295159816741943e-01,-1.743987441062927246e+00,-6.457378864288330078e-01,7.215808033943176270e-01,1.312242746353149414e+00,6.953257322311401367e-01,-1.029871255159378052e-01,-1.053426191210746765e-01
-4.994495958089828491e-02,-1.409162394702434540e-02,3.879558145999908447e-01,9.504787921905517578e-01,4.974224045872688293e-02,2.990064620971679688e-01,6.863602995872497559e-02,-2.014609813690185547e+00,2.298238128423690796e-01,1.678281575441360474e-01,2.050905227661132812e+00,-6.275825500488281250e-01,8.098536729812622070e-02,-1.655331373214721680e+00,-2.997115552425384521e-01,1.181783080101013184e-01,2.555882692337036133e+00,-7.413108944892883301e-01,7.411150634288787842e-02,9.096233546733856201e-02,1.614721268415451050e-01,5.014411211013793945e-01,-1.994649052619934082e+00,4.484537243843078613e-01,-5.040317177772521973e-01,1.085012674331665039e+00,-8.675289750099182129e-01,-6.085600331425666809e-02,2.238956391811370850e-01,-1.736645102500915527e+00,-6.452732086181640625e-01,7.181332707405090332e-01,1.319835066795349121e+00,6.898559927940368652e-01,-9.995665401220321655e-02,-9.899154305458068848e-02
-4.951100796461105347e-02,-1.419895049184560776e-02,3.871497809886932373e-01,9.503399729728698730e-01,5.092146247625350952e-02,2.992836534976959229e-01,6.848533451557159424e-02,-2.015248060226440430e+00,2.285043448209762573e-01,1.702285259962081909e-01,2.052340030670166016e+00,-6.288495063781738281e-01,8.062867075204849243e-02,-1.659440636634826660e+00,-2.985682487487792969e-01,1.221547126770019531e-01,2.559391021728515625e+00,-7.419128417968750000e-01,7.486864179372787476e-02,9.337595850229263306e-02,1.671601235866546631e-01,5.021855235099792480e-01,-1.997067213058471680e+00,4.500041007995605469e-01,-5.017560720443725586e-01,1.085733056068420410e+00,-8.659687042236328125e-01,-5.878643691539764404e-02,2.276177704334259033e-01,-1.727873086929321289e+00,-6.485327482223510742e-01,7.184959650039672852e-01,1.322275996208190918e+00,6.872037649154663086e-01,-9.909484535455703735e-02,-9.974762797355651855e-02
-4.884364828467369080e-02,-1.423063594847917557e-02,3.864940702915191650e-01,9.503117799758911133e-01,5.180950090289115906e-02,2.992380261421203613e-01,6.840936839580535889e-02,-2.015610694885253906e+00,2.280783951282501221e-01,1.714667975902557373e-01,2.054399013519287109e+00,-6.306453347206115723e-01,8.063040673732757568e-02,-1.662104487419128418e+00,-2.971876263618469238e-01,1.250440776348114014e-01,2.561990499496459961e+00,-7.434331774711608887e-01,7.573135942220687866e-02,9.561291337013244629e-02,1.726891249418258667e-01,5.030716657638549805e-01,-1.997347235679626465e+00,4.508177638053894043e-01,-5.009011030197143555e-01,1.086698770523071289e+00,-8.668017387390136719e-01,-5.573434755206108093e-02,2.287427484989166260e-01,-1.717111587524414062e+00,-6.522088646888732910e-01,7.189133167266845703e-01,1.323093056678771973e+00,6.836518645286560059e-01,-9.730444103479385376e-02,-1.008885279297828674e-01
-4.838886857032775879e-02,-1.413080468773841858e-02,3.858028352260589600e-01,9.503944516181945801e-01,5.248128995299339294e-02,2.987904548645019531e-01,6.870482116937637329e-02,-2.015964984893798828e+00,2.282985001802444458e-01,1.716133952140808105e-01,2.056952714920043945e+00,-6.327392458915710449e-01,8.134953677654266357e-02,-1.663459658622741699e+00,-2.961982190608978271e-01,1.271514296531677246e-01,2.564118146896362305e+00,-7.454711794853210449e-01,7.657266408205032349e-02,9.686920791864395142e-02,1.779938191175460815e-01,5.037627220153808594e-01,-1.994746446609497070e+00,4.513323009014129639e-01,-5.002442598342895508e-01,1.087571144104003906e+00,-8.695406317710876465e-01,-5.205355584621429443e-02,2.279463708400726318e-01,-1.705133438110351562e+00,-6.551054716110229492e-01,7.198338508605957031e-01,1.324209809303283691e+00,6.804647445678710938e-01,-9.502451121807098389e-02,-1.008407026529312134e-01
-4.824059456586837769e-02,-1.390512660145759583e-02,3.849273025989532471e-01,9.504858255386352539e-01,5.316208675503730774e-02,2.982918024063110352e-01,6.908348947763442993e-02,-2.016735553741455078e+00,2.287633568048477173e-01,1.708618551492691040e-01,2.059600114822387695e+00,-6.338956952095031738e-01,8.219898492097854614e-02,-1.664902210235595703e+00,-2.956054508686065674e-01,1.303045749664306641e-01,2.567406654357910156e+00,-7.457161545753479004e-01,7.783577591180801392e-02,9.804546833038330078e-02,1.822923719882965088e-01,5.040413141250610352e-01,-1.990486621856689453e+00,4.514831304550170898e-01,-4.980643689632415771e-01,1.087074995040893555e+00,-8.713070750236511230e-01,-4.891030490398406982e-02,2.281220853328704834e-01,-1.693524956703186035e+00,-6.576072573661804199e-01,7.199752330780029297e-01,1.325180888175964355e+00,6.779701709747314453e-01,-9.343010932207107544e-02,-1.009471565485000610e-01
-4.714746400713920593e-02,-1.468595862388610840e-02,3.842095136642456055e-01,9.505504965782165527e-01,5.470592528581619263e-02,2.981674671173095703e-01,6.750693917274475098e-02,-2.018945932388305664e+00,2.212915271520614624e-01,1.749521493911743164e-01,2.058065652847290039e+00,-6.394438147544860840e-01,7.742638885974884033e-02,-1.655123472213745117e+00,-2.995615601539611816e-01,1.256233453750610352e-01,2.558579683303833008e+00,-7.303517460823059082e-01,7.809021323919296265e-02,1.021769568324089050e-01,1.837791800498962402e-01,5.037002563476562500e-01,-1.978240132331848145e+00,4.613652229309082031e-01,-4.899992942810058594e-01,1.097502112388610840e+00,-8.796460628509521484e-01,-3.973544389009475708e-02,2.202311009168624878e-01,-1.683943390846252441e+00,-6.632058620452880859e-01,7.259276509284973145e-01,1.330076575279235840e+00,6.728809475898742676e-01,-9.350574761629104614e-02,-9.926661849021911621e-02
-4.932866618037223816e-02,-1.295883674174547195e-02,3.828036487102508545e-01,9.505001902580261230e-01,5.407991632819175720e-02,2.980048656463623047e-01,6.941132247447967529e-02,-2.020942449569702148e+00,2.281931042671203613e-01,1.705434173345565796e-01,2.063622474670410156e+00,-6.333503723144531250e-01,8.352909237146377563e-02,-1.670540094375610352e+00,-2.968316376209259033e-01,1.353736221790313721e-01,2.574466466903686523e+00,-7.438372373580932617e-01,7.802380621433258057e-02,1.004697903990745544e-01,1.905315071344375610e-01,5.060321688652038574e-01,-1.986937046051025391e+00,4.542717933654785156e-01,-4.942656159400939941e-01,1.091110587120056152e+00,-8.672166466712951660e-01,-4.670142009854316711e-02,2.267692834138870239e-01,-1.678817868232727051e+00,-6.595529317855834961e-01,7.207018136978149414e-01,1.333328843116760254e+00,6.757125258445739746e-01,-9.351028501987457275e-02,-9.692168235778808594e-02
-4.962642863392829895e-02,-1.249879784882068634e-02,3.821080029010772705e-01,9.504337906837463379e-01,5.444170907139778137e-02,2.981314659118652344e-01,6.949333846569061279e-02,-2.023081064224243164e+00,2.273565083742141724e-01,1.708378046751022339e-01,2.063831806182861328e+00,-6.312801241874694824e-01,8.372960239648818970e-02,-1.674598217010498047e+00,-2.970876991748809814e-01,1.375239491462707520e-01,2.577518463134765625e+00,-7.426732182502746582e-01,7.839085906744003296e-02,1.018270999193191528e-01,1.942726969718933105e-01,5.068845748901367188e-01,-1.986245751380920410e+00,4.558841884136199951e-01,-4.910238385200500488e-01,1.094047427177429199e+00,-8.642288446426391602e-01,-4.733327403664588928e-02,2.262295484542846680e-01,-1.673274993896484375e+00,-6.612139940261840820e-01,7.201763391494750977e-01,1.333248972892761230e+00,6.736674904823303223e-01,-9.320152550935745239e-02,-9.506449848413467407e-02
-4.947100579738616943e-02,-1.214068662375211716e-02,3.817537128925323486e-01,9.503980278968811035e-01,5.471461638808250427e-02,2.981634438037872314e-01,6.963076442480087280e-02,-2.024296283721923828e+00,2.261980026960372925e-01,1.711948066949844360e-01,2.063264608383178711e+00,-6.296470165252685547e-01,8.371695131063461304e-02,-1.677853703498840332e+00,-2.973895967006683350e-01,1.381145268678665161e-01,2.578811883926391602e+00,-7.438845634460449219e-01,7.846727222204208374e-02,1.026129424571990967e-01,1.978984028100967407e-01,5.074893236160278320e-01,-1.984990596771240234e+00,4.573883414268493652e-01,-4.881901741027832031e-01,1.095221042633056641e+00,-8.638859987258911133e-01,-4.894500598311424255e-02,2.270985096693038940e-01,-1.668114066123962402e+00,-6.633215546607971191e-01,7.204421758651733398e-01,1.330503582954406738e+00,6.702613234519958496e-01,-9.195538610219955444e-02,-9.389101713895797729e-02
-4.915299266576766968e-02,-1.195374317467212677e-02,3.814998567104339600e-01,9.503187537193298340e-01,5.507915839552879333e-02,2.983240485191345215e-01,6.973721086978912354e-02,-2.025537729263305664e+00,2.251461744308471680e-01,1.717413365840911865e-01,2.062259197235107422e+00,-6.280224919319152832e-01,8.367528021335601807e-02,-1.680447936058044434e+00,-2.968610525131225586e-01,1.395703554153442383e-01,2.579600572586059570e+00,-7.464282512664794922e-01,7.837995886802673340e-02,1.033304482698440552e-01,2.006182968616485596e-01,5.080006122589111328e-01,-1.984418988227844238e+00,4.582494497299194336e-01,-4.868188202381134033e-01,1.094614028930664062e+00,-8.653499484062194824e-01,-5.035628005862236023e-02,2.305737882852554321e-01,-1.662375092506408691e+00,-6.652598977088928223e-01,7.210566401481628418e-01,1.326945185661315918e+00,6.674231290817260742e-01,-9.167763590812683105e-02,-9.263423085212707520e-02
-4.885678738355636597e-02,-1.356470398604869843e-02,3.811304569244384766e-01,9.503179192543029785e-01,5.621099844574928284e-02,2.986115813255310059e-01,6.758194416761398315e-02,-2.026589870452880859e+00,2.170997112989425659e-01,1.764769852161407471e-01,2.060515403747558594e+00,-6.346804499626159668e-01,7.874599099159240723e-02,-1.669563770294189453e+00,-2.996502816677093506e-01,1.326538324356079102e-01,2.567573785781860352e+00,-7.366406321525573730e-01,7.842900604009628296e-02,1.056882813572883606e-01,1.994122564792633057e-01,5.095460414886474609e-01,-1.975940108299255371e+00,4.711945056915283203e-01,-4.821638762950897217e-01,1.094772577285766602e+00,-8.767092227935791016e-01,-4.420622065663337708e-02,2.269308120012283325e-01,-1.655534982681274414e+00,-6.716269254684448242e-01,7.302376627922058105e-01,1.325479030609130859e+00,6.641847491264343262e-01,-9.211715310811996460e-02,-8.734350651502609253e-02
-4.960955679416656494e-02,-1.160106528550386429e-02,3.811004459857940674e-01,9.502901434898376465e-01,5.566611886024475098e-02,2.984768748283386230e-01,6.900306791067123413e-02,-2.026719331741333008e+00,2.249716520309448242e-01,1.730896532535552979e-01,2.061046838760375977e+00,-6.271081566810607910e-01,8.563850820064544678e-02,-1.684046268463134766e+00,-2.939889430999755859e-01,1.422935724258422852e-01,2.578329324722290039e+00,-7.520399689674377441e-01,7.725142687559127808e-02,1.054329499602317810e-01,2.071233987808227539e-01,5.108082294464111328e-01,-1.985903620719909668e+00,4.606150388717651367e-01,-4.908165335655212402e-01,1.094684839248657227e+00,-8.698400855064392090e-01,-5.104450136423110962e-02,2.382083833217620850e-01,-1.654130458831787109e+00,-6.661078333854675293e-01,7.277687191963195801e-01,1.328855037689208984e+00,6.666525602340698242e-01,-9.134717285633087158e-02,-8.810997754335403442e-02
-5.068323761224746704e-02,-1.166032534092664719e-02,3.810491859912872314e-01,9.502556324005126953e-01,5.613357573747634888e-02,2.985849678516387939e-01,6.863122433423995972e-02,-2.026292562484741211e+00,2.255884110927581787e-01,1.734205633401870728e-01,2.060424566268920898e+00,-6.267722845077514648e-01,8.699316531419754028e-02,-1.685836195945739746e+00,-2.920044660568237305e-01,1.447037309408187866e-01,2.578359842300415039e+00,-7.523745298385620117e-01,7.741049677133560181e-02,1.071876436471939087e-01,2.102187424898147583e-01,5.119096636772155762e-01,-1.985299825668334961e+00,4.614014923572540283e-01,-4.903723597526550293e-01,1.094948172569274902e+00,-8.706634044647216797e-01,-5.094088241457939148e-02,2.404685318470001221e-01,-1.650564551353454590e+00,-6.667572855949401855e-01,7.313955426216125488e-01,1.330205440521240234e+00,6.671968698501586914e-01,-9.025225043296813965e-02,-8.715147525072097778e-02
-5.191471427679061890e-02,-1.197184715420007706e-02,3.812542855739593506e-01,9.502218365669250488e-01,5.656215921044349670e-02,2.986090779304504395e-01,6.864201277494430542e-02,-2.024912595748901367e+00,2.261036485433578491e-01,1.735708266496658325e-01,2.059201002120971680e+00,-6.266657114028930664e-01,8.817849308252334595e-02,-1.686748981475830078e+00,-2.911050915718078613e-01,1.460900157690048218e-01,2.577876091003417969e+00,-7.524890303611755371e-01,7.831671833992004395e-02,1.087386235594749451e-01,2.135353237390518188e-01,5.123187899589538574e-01,-1.982880711555480957e+00,4.620382189750671387e-01,-4.873033165931701660e-01,1.094763159751892090e+00,-8.712968230247497559e-01,-5.127783864736557007e-02,2.406372725963592529e-01,-1.648224353790283203e+00,-6.677225828170776367e-01,7.350772619247436523e-01,1.329700589179992676e+00,6.676213741302490234e-01,-8.823788166046142578e-02,-8.588961511850357056e-02
-5.277926474809646606e-02,-1.256032381206750870e-02,3.817310929298400879e-01,9.501729607582092285e-01,5.692498013377189636e-02,2.986089289188385010e-01,6.901904195547103882e-02,-2.022600889205932617e+00,2.264017313718795776e-01,1.741205155849456787e-01,2.057410478591918945e+00,-6.267324686050415039e-01,8.936570584774017334e-02,-1.686453342437744141e+00,-2.907875180244445801e-01,1.466975510120391846e-01,2.576827764511108398e+00,-7.525244951248168945e-01,7.936737686395645142e-02,1.101000979542732239e-01,2.173200100660324097e-01,5.123148560523986816e-01,-1.979696154594421387e+00,4.624741077423095703e-01,-4.830654859542846680e-01,1.093599319458007812e+00,-8.723890185356140137e-01,-5.228791013360023499e-02,2.401989251375198364e-01,-1.646351695060729980e+00,-6.693751811981201172e-01,7.376358509063720703e-01,1.328020811080932617e+00,6.672082543373107910e-01,-8.598181605339050293e-02,-8.461844921112060547e-02
-5.302442237734794617e-02,-1.341439690440893173e-02,3.822037279605865479e-01,9.500887393951416016e-01,5.733130872249603271e-02,2.986598312854766846e-01,6.961897015571594238e-02,-2.020434617996215820e+00,2.266000211238861084e-01,1.749934703111648560e-01,2.055054426193237305e+00,-6.262053847312927246e-01,8.931348472833633423e-02,-1.685270190238952637e+00,-2.909504175186157227e-01,1.477183550596237183e-01,2.576219558715820312e+00,-7.525579929351806641e-01,8.041072636842727661e-02,1.119230240583419800e-01,2.203713506460189819e-01,5.117877125740051270e-01,-1.977103710174560547e+00,4.617422521114349365e-01,-4.782001674175262451e-01,1.090984463691711426e+00,-8.736383914947509766e-01,-5.306301638484001160e-02,2.412827461957931519e-01,-1.643502116203308105e+00,-6.716318130493164062e-01,7.376924753189086914e-01,1.325554013252258301e+00,6.667612791061401367e-01,-8.464400470256805420e-02,-8.352110534906387329e-02
-5.007956549525260925e-02,-1.587407663464546204e-02,3.819419145584106445e-01,9.497697949409484863e-01,5.812035128474235535e-02,2.997186481952667236e-01,6.876126676797866821e-02,-2.021796226501464844e+00,2.173026055097579956e-01,1.823876649141311646e-01,2.052590131759643555e+00,-6.305118203163146973e-01,8.398208022117614746e-02,-1.675342440605163574e+00,-2.946018278598785400e-01,1.430261880159378052e-01,2.564414739608764648e+00,-7.378090620040893555e-01,8.211606740951538086e-02,1.169087737798690796e-01,2.196147143840789795e-01,5.114510655403137207e-01,-1.968571305274963379e+00,4.733035266399383545e-01,-4.726610779762268066e-01,1.093726873397827148e+00,-8.888435959815979004e-01,-4.756023362278938293e-02,2.384933978319168091e-01,-1.643291115760803223e+00,-6.791951656341552734e-01,7.484274506568908691e-01,1.323758006095886230e+00,6.665742993354797363e-01,-8.587642759084701538e-02,-7.827246189117431641e-02
-5.235438793897628784e-02,-1.495059952139854431e-02,3.824808001518249512e-01,9.500655531883239746e-01,5.768974870443344116e-02,2.985021770000457764e-01,7.031208276748657227e-02,-2.019278526306152344e+00,2.253798395395278931e-01,1.764205247163772583e-01,2.051279544830322266e+00,-6.230140328407287598e-01,8.839891105890274048e-02,-1.683740019798278809e+00,-2.909615933895111084e-01,1.498903334140777588e-01,2.575700998306274414e+00,-7.509992122650146484e-01,7.954692095518112183e-02,1.163765788078308105e-01,2.266027778387069702e-01,5.124090909957885742e-01,-1.979430913925170898e+00,4.587088823318481445e-01,-4.782148301601409912e-01,1.087751626968383789e+00,-8.783491849899291992e-01,-5.365092679858207703e-02,2.442064285278320312e-01,-1.638690471649169922e+00,-6.745292544364929199e-01,7.401331067085266113e-01,1.330258965492248535e+00,6.699495911598205566e-01,-8.337607234716415405e-02,-7.955252379179000854e-02
-5.222444236278533936e-02,-1.543923374265432358e-02,3.823832869529724121e-01,9.500758051872253418e-01,5.786408111453056335e-02,2.983382642269134521e-01,7.072479277849197388e-02,-2.020106077194213867e+00,2.233563065528869629e-01,1.762349307537078857e-01,2.049672126770019531e+00,-6.205096244812011719e-01,8.714349567890167236e-02,-1.684592604637145996e+00,-2.911030650138854980e-01,1.519249677658081055e-01,2.576385498046875000e+00,-7.486756443977355957e-01,7.918703556060791016e-02,1.189544945955276489e-01,2.290947139263153076e-01,5.125473141670227051e-01,-1.981495976448059082e+00,4.563402831554412842e-01,-4.786426126956939697e-01,1.087868928909301758e+00,-8.801641464233398438e-01,-5.219309404492378235e-02,2.439117431640625000e-01,-1.636239051818847656e+00,-6.755697131156921387e-01,7.423516511917114258e-01,1.333222746849060059e+00,6.723098158836364746e-01,-8.308202028274536133e-02,-7.895766198635101318e-02
-5.268565565347671509e-02,-1.578955352306365967e-02,3.822773993015289307e-01,9.500470757484436035e-01,5.797567218542098999e-02,2.981920838356018066e-01,7.162943482398986816e-02,-2.021305561065673828e+00,2.200132906436920166e-01,1.752045005559921265e-01,2.048656702041625977e+00,-6.184574961662292480e-01,8.621005713939666748e-02,-1.686102151870727539e+00,-2.925603985786437988e-01,1.523039042949676514e-01,2.576863765716552734e+00,-7.461378574371337891e-01,7.940136641263961792e-02,1.206653267145156860e-01,2.321096658706665039e-01,5.126998424530029297e-01,-1.981516838073730469e+00,4.544426500797271729e-01,-4.774723351001739502e-01,1.090445160865783691e+00,-8.821387290954589844e-01,-5.094406753778457642e-02,2.402462214231491089e-01,-1.635029911994934082e+00,-6.764505505561828613e-01,7.464669942855834961e-01,1.335481882095336914e+00,6.737220883369445801e-01,-8.135972172021865845e-02,-7.871733605861663818e-02
-5.364695936441421509e-02,-1.604643464088439941e-02,3.822232484817504883e-01,9.500033855438232422e-01,5.809725448489189148e-02,2.979805767536163330e-01,7.297846674919128418e-02,-2.022104740142822266e+00,2.163902223110198975e-01,1.743806302547454834e-01,2.048240184783935547e+00,-6.180089116096496582e-01,8.578691631555557251e-02,-1.686802744865417480e+00,-2.949125766754150391e-01,1.511445343494415283e-01,2.577014923095703125e+00,-7.441997528076171875e-01,7.944158464670181274e-02,1.215449199080467224e-01,2.352533936500549316e-01,5.127928853034973145e-01,-1.980540871620178223e+00,4.531311988830566406e-01,-4.742681086063385010e-01,1.093975782394409180e+00,-8.847919702529907227e-01,-5.024379491806030273e-02,2.349243760108947754e-01,-1.634922385215759277e+00,-6.775562167167663574e-01,7.507283687591552734e-01,1.336694955825805664e+00,6.730917692184448242e-01,-7.858727127313613892e-02,-7.804220169782638550e-02
-5.484731495380401611e-02,-1.636980473995208740e-02,3.822172284126281738e-01,9.498552680015563965e-01,5.826949328184127808e-02,2.980813384056091309e-01,7.434426248073577881e-02,-2.023056983947753906e+00,2.132307887077331543e-01,1.735577583312988281e-01,2.047625780105590820e+00,-6.179445385932922363e-01,8.521624654531478882e-02,-1.686980724334716797e+00,-2.965192198753356934e-01,1.504352092742919922e-01,2.577270269393920898e+00,-7.426171302795410156e-01,8.005581796169281006e-02,1.226763948798179626e-01,2.377437055110931396e-01,5.128847360610961914e-01,-1.980285644531250000e+00,4.529013633728027344e-01,-4.693959057331085205e-01,1.097071528434753418e+00,-8.868139982223510742e-01,-4.966879636049270630e-02,2.309868931770324707e-01,-1.634985089302062988e+00,-6.786462664604187012e-01,7.517795562744140625e-01,1.337346673011779785e+00,6.707666516304016113e-01,-7.659780979156494141e-02,-7.804107666015625000e-02
-5.311883985996246338e-02,-1.818374916911125183e-02,3.827427923679351807e-01,9.500216245651245117e-01,5.864874273538589478e-02,2.978893518447875977e-01,7.267204672098159790e-02,-2.021881818771362305e+00,2.047476321458816528e-01,1.806032359600067139e-01,2.046669483184814453e+00,-6.276801228523254395e-01,7.939989864826202393e-02,-1.672057032585144043e+00,-2.974820137023925781e-01,1.397121697664260864e-01,2.565480470657348633e+00,-7.283667325973510742e-01,8.072730898857116699e-02,1.248501241207122803e-01,2.358780503273010254e-01,5.126033425331115723e-01,-1.972912907600402832e+00,4.676053524017333984e-01,-4.673599302768707275e-01,1.101274609565734863e+00,-9.014475941658020020e-01,-4.826087132096290588e-02,2.258127331733703613e-01,-1.635650634765625000e+00,-6.833244562149047852e-01,7.589687705039978027e-01,1.335534691810607910e+00,6.651026606559753418e-01,-7.872828841209411621e-02,-7.552448660135269165e-02
-5.675724521279335022e-02,-1.666396670043468475e-02,3.827252984046936035e-01,9.496629834175109863e-01,5.867929384112358093e-02,2.982359230518341064e-01,7.584378868341445923e-02,-2.023620128631591797e+00,2.096734195947647095e-01,1.733439117670059204e-01,2.044034242630004883e+00,-6.165946125984191895e-01,8.456439524888992310e-02,-1.685752511024475098e+00,-2.970408201217651367e-01,1.482715904712677002e-01,2.575965642929077148e+00,-7.413499355316162109e-01,8.021730929613113403e-02,1.255246400833129883e-01,2.416871786117553711e-01,5.148931741714477539e-01,-1.985295414924621582e+00,4.542128145694732666e-01,-4.662987887859344482e-01,1.103314161300659180e+00,-8.907806873321533203e-01,-5.005657300353050232e-02,2.278634160757064819e-01,-1.637840986251831055e+00,-6.802523136138916016e-01,7.532773613929748535e-01,1.344690442085266113e+00,6.654925942420959473e-01,-7.511381059885025024e-02,-7.387538999319076538e-02
-5.702326819300651550e-02,-1.676846295595169067e-02,3.831480443477630615e-01,9.495788812637329102e-01,5.901292338967323303e-02,2.982838749885559082e-01,7.644688338041305542e-02,-2.023297548294067383e+00,2.087787687778472900e-01,1.738325059413909912e-01,2.041214704513549805e+00,-6.141812205314636230e-01,8.411620557308197021e-02,-1.685786604881286621e+00,-2.962896823883056641e-01,1.478881984949111938e-01,2.575853109359741211e+00,-7.404913306236267090e-01,8.051858842372894287e-02,1.271399855613708496e-01,2.432269454002380371e-01,5.153475999832153320e-01,-1.986760854721069336e+00,4.545664489269256592e-01,-4.659785926342010498e-01,1.105024456977844238e+00,-8.927507400512695312e-01,-5.060293152928352356e-02,2.280895560979843140e-01,-1.638795137405395508e+00,-6.821790337562561035e-01,7.548398971557617188e-01,1.347365260124206543e+00,6.634160876274108887e-01,-7.408541440963745117e-02,-7.251839339733123779e-02
-5.695325881242752075e-02,-1.686959154903888702e-02,3.835777640342712402e-01,9.495517015457153320e-01,5.924881249666213989e-02,2.981130480766296387e-01,7.726433873176574707e-02,-2.022593736648559570e+00,2.077653557062149048e-01,1.743568927049636841e-01,2.038952350616455078e+00,-6.116017699241638184e-01,8.416169136762619019e-02,-1.686016798019409180e+00,-2.957762777805328369e-01,1.469933837652206421e-01,2.575793743133544922e+00,-7.396817207336425781e-01,8.076157420873641968e-02,1.285105496644973755e-01,2.454885542392730713e-01,5.152623057365417480e-01,-1.985911250114440918e+00,4.545113444328308105e-01,-4.653053581714630127e-01,1.106146931648254395e+00,-8.957315087318420410e-01,-5.166094750165939331e-02,2.279681712388992310e-01,-1.639328241348266602e+00,-6.853902339935302734e-01,7.576699256896972656e-01,1.348008036613464355e+00,6.610871553421020508e-01,-7.141612470149993896e-02,-7.213735580444335938e-02
-5.664262920618057251e-02,-1.711189746856689453e-02,3.839209377765655518e-01,9.494970440864562988e-01,5.947369337081909180e-02,2.980277240276336670e-01,7.808779925107955933e-02,-2.022128105163574219e+00,2.067286968231201172e-01,1.749441474676132202e-01,2.037223100662231445e+00,-6.092643737792968750e-01,8.396986871957778931e-02,-1.686414480209350586e+00,-2.952350676059722900e-01,1.474552750587463379e-01,2.576183319091796875e+00,-7.385667562484741211e-01,8.117551356554031372e-02,1.302423924207687378e-01,2.474350482225418091e-01,5.144985318183898926e-01,-1.983978509902954102e+00,4.543607831001281738e-01,-4.634037613868713379e-01,1.106515526771545410e+00,-8.973777294158935547e-01,-5.271822959184646606e-02,2.297556996345520020e-01,-1.639610171318054199e+00,-6.881556510925292969e-01,7.609023451805114746e-01,1.349195122718811035e+00,6.599451899528503418e-01,-6.955119222402572632e-02,-7.194111496210098267e-02
-5.387749150395393372e-02,-1.929566077888011932e-02,3.839046061038970947e-01,9.493104815483093262e-01,6.026639416813850403e-02,2.990169823169708252e-01,7.593724131584167480e-02,-2.023736476898193359e+00,2.005011141300201416e-01,1.825058758258819580e-01,2.037022829055786133e+00,-6.161425709724426270e-01,7.896646857261657715e-02,-1.677106976509094238e+00,-2.975120544433593750e-01,1.410443931818008423e-01,2.565782070159912109e+00,-7.269863486289978027e-01,8.110906928777694702e-02,1.326054781675338745e-01,2.439335286617279053e-01,5.130329728126525879e-01,-1.976082563400268555e+00,4.678266346454620361e-01,-4.605905711650848389e-01,1.116015791893005371e+00,-9.067772626876831055e-01,-5.097755789756774902e-02,2.233740985393524170e-01,-1.639586210250854492e+00,-6.927135586738586426e-01,7.735505700111389160e-01,1.352469444274902344e+00,6.535944938659667969e-01,-7.433889806270599365e-02,-6.678947061300277710e-02
-5.683489516377449036e-02,-1.807158812880516052e-02,3.844964206218719482e-01,9.493497014045715332e-01,5.981364101171493530e-02,2.982062697410583496e-01,7.893328368663787842e-02,-2.021245002746582031e+00,2.048559933900833130e-01,1.769367903470993042e-01,2.035213232040405273e+00,-6.067023277282714844e-01,8.252124488353729248e-02,-1.687484025955200195e+00,-2.938908934593200684e-01,1.483292877674102783e-01,2.574161291122436523e+00,-7.353314161300659180e-01,8.034713566303253174e-02,1.344776600599288940e-01,2.511083483695983887e-01,5.145147442817687988e-01,-1.984079360961914062e+00,4.555622339248657227e-01,-4.627899825572967529e-01,1.106857299804687500e+00,-8.957095146179199219e-01,-5.216835066676139832e-02,2.312973141670227051e-01,-1.641189575195312500e+00,-6.900920867919921875e-01,7.659394741058349609e-01,1.359183788299560547e+00,6.615393161773681641e-01,-6.676942855119705200e-02,-6.781635433435440063e-02
-5.748629942536354065e-02,-1.886240765452384949e-02,3.847953975200653076e-01,9.491519927978515625e-01,6.001188978552818298e-02,2.986592352390289307e-01,7.944637537002563477e-02,-2.021522760391235352e+00,2.041178047657012939e-01,1.773173809051513672e-01,2.033862829208374023e+00,-6.050954461097717285e-01,8.032971620559692383e-02,-1.688059806823730469e+00,-2.935289144515991211e-01,1.481443643569946289e-01,2.573013305664062500e+00,-7.331689596176147461e-01,8.007723838090896606e-02,1.357082277536392212e-01,2.518619298934936523e-01,5.144637227058410645e-01,-1.984450936317443848e+00,4.570035338401794434e-01,-4.617202579975128174e-01,1.105180501937866211e+00,-8.930848836898803711e-01,-5.012255534529685974e-02,2.306785434484481812e-01,-1.640456199645996094e+00,-6.903021335601806641e-01,7.662990093231201172e-01,1.361146450042724609e+00,6.608902215957641602e-01,-6.543792784214019775e-02,-6.701878458261489868e-02
-5.833344534039497375e-02,-1.964284107089042664e-02,3.852106928825378418e-01,9.489674568176269531e-01,6.022986769676208496e-02,2.989426851272583008e-01,8.041439950466156006e-02,-2.021475791931152344e+00,2.030287235975265503e-01,1.770825684070587158e-01,2.031564474105834961e+00,-6.030243635177612305e-01,7.796054333448410034e-02,-1.687576174736022949e+00,-2.941015362739562988e-01,1.467609107494354248e-01,2.571708917617797852e+00,-7.312201857566833496e-01,7.942616939544677734e-02,1.352170705795288086e-01,2.524535953998565674e-01,5.144661068916320801e-01,-1.983939766883850098e+00,4.589530229568481445e-01,-4.599194824695587158e-01,1.102499604225158691e+00,-8.908647298812866211e-01,-4.727233573794364929e-02,2.293535619974136353e-01,-1.639233350753784180e+00,-6.903190612792968750e-01,7.670282721519470215e-01,1.359870195388793945e+00,6.589221954345703125e-01,-6.343039870262145996e-02,-6.727548688650131226e-02
-5.904751271009445190e-02,-2.042918838560581207e-02,3.856760263442993164e-01,9.488161206245422363e-01,6.043251231312751770e-02,2.989831566810607910e-01,8.188422769308090210e-02,-2.021002292633056641e+00,2.011415362358093262e-01,1.762492060661315918e-01,2.028620004653930664e+00,-6.010554432868957520e-01,7.587900757789611816e-02,-1.685938358306884766e+00,-2.954803705215454102e-01,1.447922140359878540e-01,2.570408582687377930e+00,-7.303711771965026855e-01,7.867331802845001221e-02,1.333945691585540771e-01,2.535896003246307373e-01,5.141770243644714355e-01,-1.982611298561096191e+00,4.606191813945770264e-01,-4.576756060123443604e-01,1.099263310432434082e+00,-8.907104134559631348e-01,-4.468411952257156372e-02,2.293624579906463623e-01,-1.638261914253234863e+00,-6.905096769332885742e-01,7.692543268203735352e-01,1.356948137283325195e+00,6.553949117660522461e-01,-6.079462170600891113e-02,-6.812041997909545898e-02
-5.935780704021453857e-02,-2.109137177467346191e-02,3.861102163791656494e-01,9.486435651779174805e-01,6.085843965411186218e-02,2.990222275257110596e-01,8.341080695390701294e-02,-2.020129919052124023e+00,1.989379078149795532e-01,1.755745559930801392e-01,2.025339603424072266e+00,-5.993375778198242188e-01,7.405263185501098633e-02,-1.683911323547363281e+00,-2.965471446514129639e-01,1.439788192510604858e-01,2.570273876190185547e+00,-7.304769158363342285e-01,7.837584614753723145e-02,1.324521899223327637e-01,2.548811435699462891e-01,5.134267210960388184e-01,-1.980909466743469238e+00,4.608297646045684814e-01,-4.549275040626525879e-01,1.095169067382812500e+00,-8.908077478408813477e-01,-4.397529363632202148e-02,2.318407297134399414e-01,-1.637281537055969238e+00,-6.913078427314758301e-01,7.709867954254150391e-01,1.352855563163757324e+00,6.521639227867126465e-01,-5.930960550904273987e-02,-7.029304653406143188e-02
-5.573607981204986572e-02,-2.260021865367889404e-02,3.861021101474761963e-01,9.486580491065979004e-01,6.220102682709693909e-02,2.992410659790039062e-01,8.144740760326385498e-02,-2.019214391708374023e+00,1.917973309755325317e-01,1.840723305940628052e-01,2.023616075515747070e+00,-6.054486632347106934e-01,6.753733754158020020e-02,-1.669221639633178711e+00,-2.986980974674224854e-01,1.392477601766586304e-01,2.558780908584594727e+00,-7.226000428199768066e-01,7.947815954685211182e-02,1.341114342212677002e-01,2.520480751991271973e-01,5.108754038810729980e-01,-1.970585227012634277e+00,4.708881378173828125e-01,-4.510878324508666992e-01,1.104799032211303711e+00,-9.026317000389099121e-01,-3.640185296535491943e-02,2.328387796878814697e-01,-1.632502794265747070e+00,-6.939045786857604980e-01,7.820320129394531250e-01,1.351633429527282715e+00,6.473040580749511719e-01,-6.592822074890136719e-02,-6.718583405017852783e-02
-5.878616124391555786e-02,-2.162321843206882477e-02,3.871361911296844482e-01,9.485168457031250000e-01,6.208384782075881958e-02,2.987437248229980469e-01,8.493259549140930176e-02,-2.015406370162963867e+00,1.956633925437927246e-01,1.769822984933853149e-01,2.020384550094604492e+00,-5.984723567962646484e-01,7.212901860475540161e-02,-1.680823326110839844e+00,-2.956987619400024414e-01,1.442474126815795898e-01,2.569569587707519531e+00,-7.317259907722473145e-01,7.745051383972167969e-02,1.339550763368606567e-01,2.579640150070190430e-01,5.132940411567687988e-01,-1.979928970336914062e+00,4.584438502788543701e-01,-4.565874934196472168e-01,1.092675089836120605e+00,-8.913823962211608887e-01,-4.660258069634437561e-02,2.377377748489379883e-01,-1.636677622795104980e+00,-6.906814575195312500e-01,7.761574983596801758e-01,1.354991555213928223e+00,6.482804417610168457e-01,-5.658804997801780701e-02,-6.955537199974060059e-02
-5.830864980816841125e-02,-2.170593664050102234e-02,3.877918720245361328e-01,9.484157562255859375e-01,6.268296390771865845e-02,2.988913655281066895e-01,8.510222285985946655e-02,-2.013195991516113281e+00,1.949384212493896484e-01,1.778300255537033081e-01,2.017868518829345703e+00,-5.978991985321044922e-01,7.076019048690795898e-02,-1.679980516433715820e+00,-2.943676710128784180e-01,1.446567624807357788e-01,2.568825483322143555e+00,-7.317570447921752930e-01,7.672621309757232666e-02,1.352969855070114136e-01,2.579357624053955078e-01,5.133790373802185059e-01,-1.978733897209167480e+00,4.564082920551300049e-01,-4.569886624813079834e-01,1.093075633049011230e+00,-8.909369111061096191e-01,-4.756069183349609375e-02,2.380136698484420776e-01,-1.635906457901000977e+00,-6.894972920417785645e-01,7.766202688217163086e-01,1.357154726982116699e+00,6.463763117790222168e-01,-5.561020970344543457e-02,-6.963802129030227661e-02
-5.808456242084503174e-02,-2.171562612056732178e-02,3.883854746818542480e-01,9.482723474502563477e-01,6.297533214092254639e-02,2.991954684257507324e-01,8.541556447744369507e-02,-2.012014150619506836e+00,1.944436877965927124e-01,1.780383288860321045e-01,2.015457868576049805e+00,-5.971264839172363281e-01,6.947772204875946045e-02,-1.679107189178466797e+00,-2.936922609806060791e-01,1.439099460840225220e-01,2.567463874816894531e+00,-7.319923639297485352e-01,7.569625228643417358e-02,1.353600323200225830e-01,2.576646804809570312e-01,5.137528777122497559e-01,-1.976241111755371094e+00,4.549456834793090820e-01,-4.565297961235046387e-01,1.093796491622924805e+00,-8.901959657669067383e-01,-4.757897555828094482e-02,2.356099188327789307e-01,-1.635047554969787598e+00,-6.884780526161193848e-01,7.779365777969360352e-01,1.357698202133178711e+00,6.430768370628356934e-01,-5.421403422951698303e-02,-6.989756226539611816e-02
-5.811005830764770508e-02,-2.178616076707839966e-02,3.887498676776885986e-01,9.480668902397155762e-01,6.311737746000289917e-02,2.996441721916198730e-01,8.601608127355575562e-02,-2.011655569076538086e+00,1.939778923988342285e-01,1.780665516853332520e-01,2.013256072998046875e+00,-5.967922806739807129e-01,6.902141124010086060e-02,-1.678501129150390625e+00,-2.935398221015930176e-01,1.424825340509414673e-01,2.565912008285522461e+00,-7.327462434768676758e-01,7.429105788469314575e-02,1.345427781343460083e-01,2.574157416820526123e-01,5.141648650169372559e-01,-1.973566889762878418e+00,4.533538222312927246e-01,-4.542550742626190186e-01,1.093593835830688477e+00,-8.888346552848815918e-01,-4.750980809330940247e-02,2.335153818130493164e-01,-1.634587168693542480e+00,-6.883829236030578613e-01,7.806777358055114746e-01,1.357155919075012207e+00,6.393351554870605469e-01,-5.314767733216285706e-02,-6.933934986591339111e-02
-5.841662734746932983e-02,-2.213362231850624084e-02,3.887922763824462891e-01,9.477216601371765137e-01,6.324519217014312744e-02,3.005272448062896729e-01,8.664302527904510498e-02,-2.012561082839965820e+00,1.931598782539367676e-01,1.781025379896163940e-01,2.010908842086791992e+00,-5.958111286163330078e-01,6.882040202617645264e-02,-1.678571462631225586e+00,-2.929385602474212646e-01,1.422193199396133423e-01,2.565151929855346680e+00,-7.332374453544616699e-01,7.296530902385711670e-02,1.342898309230804443e-01,2.568830847740173340e-01,5.140822529792785645e-01,-1.971974134445190430e+00,4.519821107387542725e-01,-4.514186680316925049e-01,1.092092633247375488e+00,-8.857034444808959961e-01,-4.775105416774749756e-02,2.342733293771743774e-01,-1.634036779403686523e+00,-6.886361837387084961e-01,7.832517027854919434e-01,1.355571866035461426e+00,6.354869008064270020e-01,-5.346252396702766418e-02,-6.916680932044982910e-02
-5.526659637689590454e-02,-2.403521537780761719e-02,3.885040283203125000e-01,9.474416971206665039e-01,6.395795196294784546e-02,3.020107150077819824e-01,8.398309350013732910e-02,-2.016375064849853516e+00,1.881964057683944702e-01,1.858003586530685425e-01,2.010032176971435547e+00,-6.008607745170593262e-01,6.390710920095443726e-02,-1.671287059783935547e+00,-2.939393818378448486e-01,1.382629871368408203e-01,2.553538322448730469e+00,-7.222514152526855469e-01,7.269319891929626465e-02,1.373299509286880493e-01,2.524958848953247070e-01,5.124237537384033203e-01,-1.963881969451904297e+00,4.608245491981506348e-01,-4.500938653945922852e-01,1.101470351219177246e+00,-8.927854895591735840e-01,-4.447486251592636108e-02,2.369190007448196411e-01,-1.630426287651062012e+00,-6.938501000404357910e-01,7.925362586975097656e-01,1.349992752075195312e+00,6.308372616767883301e-01,-5.790121853351593018e-02,-6.315790861845016479e-02
-5.883660167455673218e-02,-2.322089485824108124e-02,3.887064456939697266e-01,9.469314813613891602e-01,6.370119750499725342e-02,3.027873933315277100e-01,8.707850426435470581e-02,-2.014700651168823242e+00,1.916094422340393066e-01,1.802515834569931030e-01,2.006814479827880859e+00,-5.941242575645446777e-01,6.974060088396072388e-02,-1.682386755943298340e+00,-2.900928258895874023e-01,1.414785981178283691e-01,2.563297748565673828e+00,-7.330764532089233398e-01,6.926999986171722412e-02,1.373573243618011475e-01,2.580867111682891846e-01,5.148774385452270508e-01,-1.976912260055541992e+00,4.494041204452514648e-01,-4.526170492172241211e-01,1.092819213867187500e+00,-8.766319751739501953e-01,-5.138215422630310059e-02,2.403770983219146729e-01,-1.636144280433654785e+00,-6.885485053062438965e-01,7.918710708618164062e-01,1.358071088790893555e+00,6.334288716316223145e-01,-5.423915386199951172e-02,-6.734158843755722046e-02
-5.878653004765510559e-02,-2.368505299091339111e-02,3.891931176185607910e-01,9.464315176010131836e-01,6.391533464193344116e-02,3.042070269584655762e-01,8.740869909524917603e-02,-2.015231370925903320e+00,1.909504234790802002e-01,1.809631586074829102e-01,2.003536462783813477e+00,-5.925258398056030273e-01,6.886997818946838379e-02,-1.684993028640747070e+00,-2.890014350414276123e-01,1.410411745309829712e-01,2.561282157897949219e+00,-7.319822311401367188e-01,6.789439171552658081e-02,1.386222690343856812e-01,2.586156427860260010e-01,5.150285363197326660e-01,-1.979993343353271484e+00,4.486797451972961426e-01,-4.537652134895324707e-01,1.093714475631713867e+00,-8.746347427368164062e-01,-5.295072123408317566e-02,2.422769516706466675e-01,-1.636112570762634277e+00,-6.887332201004028320e-01,7.947845458984375000e-01,1.358040332794189453e+00,6.338386535644531250e-01,-5.383508652448654175e-02,-6.897981464862823486e-02
-5.863365530967712402e-02,-2.378445118665695190e-02,3.900004625320434570e-01,9.459804892539978027e-01,6.399096548557281494e-02,3.053879737854003906e-01,8.811529725790023804e-02,-2.014709711074829102e+00,1.905142068862915039e-01,1.812751144170761108e-01,1.999960780143737793e+00,-5.913867950439453125e-01,6.771698594093322754e-02,-1.687041759490966797e+00,-2.884121835231781006e-01,1.399856507778167725e-01,2.558243036270141602e+00,-7.310598492622375488e-01,6.739570945501327515e-02,1.380478292703628540e-01,2.593990266323089600e-01,5.152701735496520996e-01,-1.981916308403015137e+00,4.484793841838836670e-01,-4.544373452663421631e-01,1.094139099121093750e+00,-8.756082653999328613e-01,-5.281030759215354919e-02,2.429327964782714844e-01,-1.635224461555480957e+00,-6.893364191055297852e-01,7.972444891929626465e-01,1.356624484062194824e+00,6.335473656654357910e-01,-5.200526863336563110e-02,-7.175707817077636719e-02
-5.844702944159507751e-02,-2.367423102259635925e-02,3.907815217971801758e-01,9.455686211585998535e-01,6.400838494300842285e-02,3.064408004283905029e-01,8.886489272117614746e-02,-2.014017820358276367e+00,1.900296062231063843e-01,1.809417456388473511e-01,1.996381759643554688e+00,-5.898763537406921387e-01,6.660989671945571899e-02,-1.688384175300598145e+00,-2.869257628917694092e-01,1.403132528066635132e-01,2.555464267730712891e+00,-7.304095029830932617e-01,6.820838153362274170e-02,1.370209306478500366e-01,2.596703767776489258e-01,5.154334306716918945e-01,-1.982804417610168457e+00,4.477989375591278076e-01,-4.535509943962097168e-01,1.092816948890686035e+00,-8.770039677619934082e-01,-5.143396928906440735e-02,2.445763349533081055e-01,-1.633573412895202637e+00,-6.903012394905090332e-01,7.985547184944152832e-01,1.354732036590576172e+00,6.335573196411132812e-01,-5.062387883663177490e-02,-7.409954071044921875e-02
-5.498409271240234375e-02,-2.510727569460868835e-02,3.923116624355316162e-01,9.454167485237121582e-01,6.411162763833999634e-02,3.075741827487945557e-01,8.645783364772796631e-02,-2.015063047409057617e+00,1.840426623821258545e-01,1.845870912075042725e-01,1.992744922637939453e+00,-5.945230126380920410e-01,6.070104986429214478e-02,-1.676635384559631348e+00,-2.886684536933898926e-01,1.336936056613922119e-01,2.536474227905273438e+00,-7.219306826591491699e-01,7.058008015155792236e-02,1.406721174716949463e-01,2.576994299888610840e-01,5.146206617355346680e-01,-1.973922014236450195e+00,4.562715590000152588e-01,-4.468538761138916016e-01,1.098143458366394043e+00,-8.877931237220764160e-01,-4.147646203637123108e-02,2.474984675645828247e-01,-1.630218148231506348e+00,-6.968788504600524902e-01,8.063063621520996094e-01,1.346953988075256348e+00,6.291384696960449219e-01,-5.549936741590499878e-02,-7.283990085124969482e-02
-5.806732177734375000e-02,-2.372549474239349365e-02,3.913010954856872559e-01,9.449108839035034180e-01,6.406061351299285889e-02,3.082574903964996338e-01,8.953726291656494141e-02,-2.014022827148437500e+00,1.886803656816482544e-01,1.818847954273223877e-01,1.992463946342468262e+00,-5.874388813972473145e-01,6.702283769845962524e-02,-1.690300703048706055e+00,-2.856431901454925537e-01,1.400304436683654785e-01,2.550636053085327148e+00,-7.311135530471801758e-01,7.021881639957427979e-02,1.368595957756042480e-01,2.619692981243133545e-01,5.175198316574096680e-01,-1.984851956367492676e+00,4.457303881645202637e-01,-4.559045433998107910e-01,1.090047478675842285e+00,-8.772666454315185547e-01,-4.809086397290229797e-02,2.493840605020523071e-01,-1.636464238166809082e+00,-6.909075379371643066e-01,8.071419596672058105e-01,1.356499910354614258e+00,6.337929368019104004e-01,-4.892351105809211731e-02,-7.329475134611129761e-02
-5.762508884072303772e-02,-2.427153848111629486e-02,3.911456167697906494e-01,9.445232152938842773e-01,6.452075392007827759e-02,3.093017935752868652e-01,8.969616144895553589e-02,-2.015072107315063477e+00,1.884977370500564575e-01,1.836035251617431641e-01,1.991687655448913574e+00,-5.860637426376342773e-01,6.817973405122756958e-02,-1.691791415214538574e+00,-2.869989573955535889e-01,1.408044993877410889e-01,2.550249099731445312e+00,-7.315471768379211426e-01,7.081495225429534912e-02,1.388472616672515869e-01,2.628190815448760986e-01,5.182839632034301758e-01,-1.984712839126586914e+00,4.443745613098144531e-01,-4.559022188186645508e-01,1.087236881256103516e+00,-8.769018650054931641e-01,-4.707369580864906311e-02,2.523676455020904541e-01,-1.638276338577270508e+00,-6.918020844459533691e-01,8.108602166175842285e-01,1.354718446731567383e+00,6.331124305725097656e-01,-4.861292988061904907e-02,-7.314450293779373169e-02
-5.726828426122665405e-02,-2.478546835482120514e-02,3.910141289234161377e-01,9.441204071044921875e-01,6.499426811933517456e-02,3.102975785732269287e-01,9.015451371669769287e-02,-2.017076969146728516e+00,1.883758008480072021e-01,1.848629862070083618e-01,1.990981101989746094e+00,-5.849521756172180176e-01,6.914421170949935913e-02,-1.692638516426086426e+00,-2.897748351097106934e-01,1.409069746732711792e-01,2.550169229507446289e+00,-7.323908805847167969e-01,7.113809138536453247e-02,1.404241621494293213e-01,2.639358341693878174e-01,5.186804533004760742e-01,-1.983652472496032715e+00,4.435873329639434814e-01,-4.564217329025268555e-01,1.084287047386169434e+00,-8.784182667732238770e-01,-4.697616770863533020e-02,2.536679208278656006e-01,-1.638692498207092285e+00,-6.925201416015625000e-01,8.137862682342529297e-01,1.351768016815185547e+00,6.311194300651550293e-01,-4.762394353747367859e-02,-7.387340813875198364e-02
-5.712198838591575623e-02,-2.505547553300857544e-02,3.908596038818359375e-01,9.437006115913391113e-01,6.543265283107757568e-02,3.112953901290893555e-01,9.079023450613021851e-02,-2.019552469253540039e+00,1.885661929845809937e-01,1.855794638395309448e-01,1.990549921989440918e+00,-5.845901370048522949e-01,6.951044499874114990e-02,-1.693324089050292969e+00,-2.928013205528259277e-01,1.406004875898361206e-01,2.550424814224243164e+00,-7.336603999137878418e-01,7.099168002605438232e-02,1.411487311124801636e-01,2.650973200798034668e-01,5.186173915863037109e-01,-1.981578350067138672e+00,4.429439008235931396e-01,-4.556859135627746582e-01,1.080630183219909668e+00,-8.811944127082824707e-01,-4.707517847418785095e-02,2.535325884819030762e-01,-1.637395620346069336e+00,-6.928007006645202637e-01,8.154451847076416016e-01,1.349107384681701660e+00,6.294986009597778320e-01,-4.646007344126701355e-02,-7.524376362562179565e-02
-5.736704915761947632e-02,-2.491975575685501099e-02,3.905685544013977051e-01,9.432571530342102051e-01,6.572826951742172241e-02,3.123156428337097168e-01,9.167735278606414795e-02,-2.022422313690185547e+00,1.884054839611053467e-01,1.858856827020645142e-01,1.990408062934875488e+00,-5.849411487579345703e-01,6.902009248733520508e-02,-1.693403959274291992e+00,-2.949358522891998291e-01,1.406788378953933716e-01,2.551483631134033203e+00,-7.347267866134643555e-01,7.078140974044799805e-02,1.414363384246826172e-01,2.658431231975555420e-01,5.179818868637084961e-01,-1.979839563369750977e+00,4.422200918197631836e-01,-4.545318484306335449e-01,1.075457453727722168e+00,-8.839467167854309082e-01,-4.623524472117424011e-02,2.540035247802734375e-01,-1.633826375007629395e+00,-6.928796768188476562e-01,8.141362071037292480e-01,1.347280979156494141e+00,6.286903023719787598e-01,-4.555010795593261719e-02,-7.731212675571441650e-02
-5.457644909620285034e-02,-2.563696727156639099e-02,3.910883963108062744e-01,9.430388808250427246e-01,6.606590747833251953e-02,3.136968910694122314e-01,8.892276883125305176e-02,-2.024861812591552734e+00,1.833310127258300781e-01,1.924561560153961182e-01,1.989545226097106934e+00,-5.921156406402587891e-01,6.392315030097961426e-02,-1.679225921630859375e+00,-2.939905822277069092e-01,1.322815865278244019e-01,2.536701917648315430e+00,-7.232801914215087891e-01,7.197027653455734253e-02,1.444808095693588257e-01,2.616719007492065430e-01,5.166599750518798828e-01,-1.968140244483947754e+00,4.539056718349456787e-01,-4.433991611003875732e-01,1.077126026153564453e+00,-8.917299509048461914e-01,-3.717583045363426208e-02,2.483821660280227661e-01,-1.625439524650573730e+00,-6.968791484832763672e-01,8.183254599571228027e-01,1.343846201896667480e+00,6.248263120651245117e-01,-5.054752528667449951e-02,-6.819078326225280762e-02
-5.778317153453826904e-02,-2.358222939074039459e-02,3.899326622486114502e-01,9.427464008331298828e-01,6.553456932306289673e-02,3.136383593082427979e-01,9.254956245422363281e-02,-2.026351928710937500e+00,1.865709275007247925e-01,1.865816563367843628e-01,1.992068171501159668e+00,-5.872023701667785645e-01,6.885735690593719482e-02,-1.692639112472534180e+00,-2.936142683029174805e-01,1.387649774551391602e-01,2.551659584045410156e+00,-7.371931672096252441e-01,7.033864408731460571e-02,1.426338553428649902e-01,2.684564888477325439e-01,5.188785791397094727e-01,-1.978565454483032227e+00,4.407118260860443115e-01,-4.567750096321105957e-01,1.066205739974975586e+00,-8.843305110931396484e-01,-4.378801956772804260e-02,2.562501430511474609e-01,-1.628471493721008301e+00,-6.907032728195190430e-01,8.137676715850830078e-01,1.353896498680114746e+00,6.278352737426757812e-01,-4.182554408907890320e-02,-7.487294077873229980e-02
-5.715850368142127991e-02,-2.272058278322219849e-02,3.896999359130859375e-01,9.425677657127380371e-01,6.519232690334320068e-02,3.142151832580566406e-01,9.265428781509399414e-02,-2.027947425842285156e+00,1.849714815616607666e-01,1.866000741720199585e-01,1.993232011795043945e+00,-5.879262685775756836e-01,6.931140273809432983e-02,-1.691993355751037598e+00,-2.912745475769042969e-01,1.383661627769470215e-01,2.551602602005004883e+00,-7.382128238677978516e-01,7.118992507457733154e-02,1.451334953308105469e-01,2.697108983993530273e-01,5.195269584655761719e-01,-1.977805614471435547e+00,4.387038946151733398e-01,-4.566906988620758057e-01,1.060799837112426758e+00,-8.823010921478271484e-01,-4.314261302351951599e-02,2.589627802371978760e-01,-1.627508521080017090e+00,-6.901274323463439941e-01,8.137845396995544434e-01,1.356992483139038086e+00,6.258601546287536621e-01,-3.920411318540573120e-02,-7.178582996129989624e-02
-5.607125535607337952e-02,-2.193541079759597778e-02,3.895589113235473633e-01,9.424762725830078125e-01,6.480457633733749390e-02,3.145238459110260010e-01,9.280923008918762207e-02,-2.028931140899658203e+00,1.835752278566360474e-01,1.865911036729812622e-01,1.995079874992370605e+00,-5.893748998641967773e-01,7.033577561378479004e-02,-1.690973877906799316e+00,-2.897121012210845947e-01,1.382282376289367676e-01,2.551508665084838867e+00,-7.396274805068969727e-01,7.289170473814010620e-02,1.486262083053588867e-01,2.715153098106384277e-01,5.203073620796203613e-01,-1.976374149322509766e+00,4.358577132225036621e-01,-4.560593962669372559e-01,1.054900288581848145e+00,-8.810696601867675781e-01,-4.375572875142097473e-02,2.614086270332336426e-01,-1.627872109413146973e+00,-6.906031966209411621e-01,8.155122399330139160e-01,1.358666896820068359e+00,6.230280399322509766e-01,-3.576533123850822449e-02,-6.904142349958419800e-02
-5.490154400467872620e-02,-2.131551131606101990e-02,3.895407617092132568e-01,9.424478411674499512e-01,6.443940103054046631e-02,3.146063387393951416e-01,9.307242929935455322e-02,-2.029711008071899414e+00,1.822759211063385010e-01,1.858884543180465698e-01,1.997057080268859863e+00,-5.904984474182128906e-01,7.174532115459442139e-02,-1.689283370971679688e+00,-2.897549271583557129e-01,1.381259709596633911e-01,2.551521062850952148e+00,-7.411147952079772949e-01,7.445640116930007935e-02,1.523401886224746704e-01,2.739526927471160889e-01,5.210633873939514160e-01,-1.974604487419128418e+00,4.327465295791625977e-01,-4.544785022735595703e-01,1.049137473106384277e+00,-8.824813961982727051e-01,-4.561600089073181152e-02,2.642413675785064697e-01,-1.629357814788818359e+00,-6.913580298423767090e-01,8.194476962089538574e-01,1.359349727630615234e+00,6.221549510955810547e-01,-3.249944373965263367e-02,-6.780740618705749512e-02
-5.415509641170501709e-02,-2.103353850543498993e-02,3.896002471446990967e-01,9.423562288284301758e-01,6.408508867025375366e-02,3.148175477981567383e-01,9.352954477071762085e-02,-2.030466318130493164e+00,1.814806759357452393e-01,1.849156320095062256e-01,1.998516321182250977e+00,-5.911585688591003418e-01,7.285045087337493896e-02,-1.687297344207763672e+00,-2.909884750843048096e-01,1.393258869647979736e-01,2.551731109619140625e+00,-7.410724163055419922e-01,7.623071223497390747e-02,1.561371386051177979e-01,2.763037085533142090e-01,5.215838551521301270e-01,-1.973828673362731934e+00,4.301223754882812500e-01,-4.525320529937744141e-01,1.042425990104675293e+00,-8.853363990783691406e-01,-4.758876562118530273e-02,2.677962481975555420e-01,-1.630269765853881836e+00,-6.924312114715576172e-01,8.233044743537902832e-01,1.360049486160278320e+00,6.231899857521057129e-01,-3.072958998382091522e-02,-6.837084889411926270e-02
-4.956230148673057556e-02,-2.245186641812324524e-02,3.911574184894561768e-01,9.420299530029296875e-01,6.421124935150146484e-02,3.165958821773529053e-01,9.068398922681808472e-02,-2.029702663421630859e+00,1.788695752620697021e-01,1.923600286245346069e-01,1.997424244880676270e+00,-5.995718836784362793e-01,6.850584596395492554e-02,-1.673232436180114746e+00,-2.892320156097412109e-01,1.321304142475128174e-01,2.533646821975708008e+00,-7.281445264816284180e-01,7.587546855211257935e-02,1.597650498151779175e-01,2.717689871788024902e-01,5.214751362800598145e-01,-1.968780517578125000e+00,4.439032077789306641e-01,-4.427017569541931152e-01,1.044432044029235840e+00,-8.960811495780944824e-01,-4.224274307489395142e-02,2.635873854160308838e-01,-1.630099296569824219e+00,-6.969589591026306152e-01,8.363829255104064941e-01,1.359755396842956543e+00,6.168900132179260254e-01,-3.390493243932723999e-02,-5.952318757772445679e-02
-5.413924157619476318e-02,-2.053276449441909790e-02,3.902246356010437012e-01,9.421091079711914062e-01,6.347841769456863403e-02,3.153841793537139893e-01,9.451928734779357910e-02,-2.029822349548339844e+00,1.799425631761550903e-01,1.854158639907836914e-01,1.998043656349182129e+00,-5.905407071113586426e-01,7.452072203159332275e-02,-1.683014750480651855e+00,-2.928075790405273438e-01,1.407873779535293579e-01,2.548408508300781250e+00,-7.390792965888977051e-01,7.656110823154449463e-02,1.615656763315200806e-01,2.812991738319396973e-01,5.237655639648437500e-01,-1.975900530815124512e+00,4.274747073650360107e-01,-4.533078670501708984e-01,1.034558892250061035e+00,-8.888793587684631348e-01,-4.984616115689277649e-02,2.702543437480926514e-01,-1.634143590927124023e+00,-6.934170722961425781e-01,8.336737155914306641e-01,1.369266152381896973e+00,6.322671175003051758e-01,-2.947727032005786896e-02,-6.670422852039337158e-02
-5.425846949219703674e-02,-2.051258087158203125e-02,3.908880352973937988e-01,9.418329000473022461e-01,6.336890906095504761e-02,3.159928917884826660e-01,9.530828893184661865e-02,-2.028376817703247070e+00,1.781326979398727417e-01,1.872679740190505981e-01,1.995555758476257324e+00,-5.895883440971374512e-01,7.497253268957138062e-02,-1.681207776069641113e+00,-2.926622927188873291e-01,1.416914612054824829e-01,2.545716524124145508e+00,-7.385125756263732910e-01,7.657679170370101929e-02,1.634954959154129028e-01,2.827530503273010254e-01,5.245597362518310547e-01,-1.976444005966186523e+00,4.262719154357910156e-01,-4.530941843986511230e-01,1.031743884086608887e+00,-8.891388177871704102e-01,-4.990014433860778809e-02,2.710100710391998291e-01,-1.635553479194641113e+00,-6.941179633140563965e-01,8.361753821372985840e-01,1.372752308845520020e+00,6.361572742462158203e-01,-2.842256426811218262e-02,-6.596907973289489746e-02
-5.399820953607559204e-02,-2.052018046379089355e-02,3.917125165462493896e-01,9.415451884269714355e-01,6.330852210521697998e-02,3.165430128574371338e-01,9.635973721742630005e-02,-2.026143074035644531e+00,1.755045652389526367e-01,1.897629946470260620e-01,1.992724657058715820e+00,-5.890607237815856934e-01,7.569529861211776733e-02,-1.679251432418823242e+00,-2.925654351711273193e-01,1.412953585386276245e-01,2.542849302291870117e+00,-7.387396693229675293e-01,7.659063488245010376e-02,1.648813486099243164e-01,2.841605842113494873e-01,5.250743031501770020e-01,-1.975761055946350098e+00,4.247653782367706299e-01,-4.517465829849243164e-01,1.029678344726562500e+00,-8.892694711685180664e-01,-5.040016025304794312e-02,2.717845737934112549e-01,-1.636141061782836914e+00,-6.945945620536804199e-01,8.377867341041564941e-01,1.374325513839721680e+00,6.371030807495117188e-01,-2.587867714464664459e-02,-6.419042497873306274e-02
-5.340477824211120605e-02,-2.055475488305091858e-02,3.923348486423492432e-01,9.411516785621643066e-01,6.329547613859176636e-02,3.173361122608184814e-01,9.759604930877685547e-02,-2.024920940399169922e+00,1.722940206527709961e-01,1.921222656965255737e-01,1.990562081336975098e+00,-5.892304182052612305e-01,7.622173428535461426e-02,-1.677808403968811035e+00,-2.929192185401916504e-01,1.416154801845550537e-01,2.541655302047729492e+00,-7.382231354713439941e-01,7.749992609024047852e-02,1.670300811529159546e-01,2.854462862014770508e-01,5.251140594482421875e-01,-1.974857091903686523e+00,4.223243594169616699e-01,-4.487491548061370850e-01,1.026935696601867676e+00,-8.890258073806762695e-01,-5.089812353253364563e-02,2.738184630870819092e-01,-1.635726213455200195e+00,-6.952107548713684082e-01,8.380119800567626953e-01,1.374770879745483398e+00,6.365144252777099609e-01,-2.261758781969547272e-02,-6.262873113155364990e-02
-4.804865643382072449e-02,-2.149077132344245911e-02,3.928623199462890625e-01,9.407196044921875000e-01,6.410495936870574951e-02,3.193114697933197021e-01,9.474842250347137451e-02,-2.026034116744995117e+00,1.650290191173553467e-01,2.019943296909332275e-01,1.992295622825622559e+00,-5.986566543579101562e-01,7.156693935394287109e-02,-1.663837313652038574e+00,-2.943743765354156494e-01,1.338454037904739380e-01,2.528293848037719727e+00,-7.280802726745605469e-01,7.704463601112365723e-02,1.701523661613464355e-01,2.797949314117431641e-01,5.227385759353637695e-01,-1.963645935058593750e+00,4.328393638134002686e-01,-4.378824234008789062e-01,1.031132936477661133e+00,-9.041792154312133789e-01,-4.840688407421112061e-02,2.707203924655914307e-01,-1.635962963104248047e+00,-6.958785653114318848e-01,8.523762822151184082e-01,1.372044086456298828e+00,6.318236589431762695e-01,-2.366715110838413239e-02,-5.706202238798141479e-02
-5.245831236243247986e-02,-1.983961090445518494e-02,3.927012681961059570e-01,9.405470490455627441e-01,6.315950304269790649e-02,3.185552656650543213e-01,9.952218830585479736e-02,-2.024259567260742188e+00,1.669082343578338623e-01,1.962447464466094971e-01,1.989410400390625000e+00,-5.917328596115112305e-01,7.576202601194381714e-02,-1.675752878189086914e+00,-2.951374948024749756e-01,1.418620795011520386e-01,2.541770935058593750e+00,-7.327063679695129395e-01,7.837817817926406860e-02,1.736337542533874512e-01,2.891188859939575195e-01,5.260791182518005371e-01,-1.976625800132751465e+00,4.164246916770935059e-01,-4.449244439601898193e-01,1.022021889686584473e+00,-8.878369927406311035e-01,-5.284869670867919922e-02,2.781995534896850586e-01,-1.637604594230651855e+00,-6.948851346969604492e-01,8.445392847061157227e-01,1.384287476539611816e+00,6.405776143074035645e-01,-1.605148054659366608e-02,-5.559680238366127014e-02
-5.226234719157218933e-02,-1.926926523447036743e-02,3.924660980701446533e-01,9.402252435684204102e-01,6.320738047361373901e-02,3.192491829395294189e-01,1.003058776259422302e-01,-2.024615287780761719e+00,1.649385094642639160e-01,1.980811357498168945e-01,1.989989161491394043e+00,-5.931828618049621582e-01,7.473947852849960327e-02,-1.676098227500915527e+00,-2.965242266654968262e-01,1.434762626886367798e-01,2.543433427810668945e+00,-7.279821634292602539e-01,7.854005694389343262e-02,1.769640147686004639e-01,2.895984351634979248e-01,5.261334180831909180e-01,-1.978679656982421875e+00,4.141118824481964111e-01,-4.425025284290313721e-01,1.018957257270812988e+00,-8.866707682609558105e-01,-5.323885381221771240e-02,2.792142033576965332e-01,-1.640390634536743164e+00,-6.946998238563537598e-01,8.506557345390319824e-01,1.390316247940063477e+00,6.453559398651123047e-01,-1.407321356236934662e-02,-5.366815999150276184e-02
-5.198930948972702026e-02,-1.868414506316184998e-02,3.923370540142059326e-01,9.399496912956237793e-01,6.320109218358993530e-02,3.198026716709136963e-01,1.011257991194725037e-01,-2.024422645568847656e+00,1.631171107292175293e-01,1.996643543243408203e-01,1.990319013595581055e+00,-5.944018959999084473e-01,7.398798316717147827e-02,-1.676036119461059570e+00,-2.971972227096557617e-01,1.444281339645385742e-01,2.544170856475830078e+00,-7.232546210289001465e-01,7.854597270488739014e-02,1.793944537639617920e-01,2.896341979503631592e-01,5.261037945747375488e-01,-1.980023145675659180e+00,4.129848480224609375e-01,-4.393311142921447754e-01,1.014956235885620117e+00,-8.851798772811889648e-01,-5.362156033515930176e-02,2.789264917373657227e-01,-1.644038796424865723e+00,-6.943927407264709473e-01,8.572330474853515625e-01,1.394701600074768066e+00,6.482083797454833984e-01,-1.211430970579385757e-02,-5.352263525128364563e-02
-5.147822946310043335e-02,-1.840461045503616333e-02,3.923071324825286865e-01,9.397718906402587891e-01,6.332479417324066162e-02,3.199687898159027100e-01,1.021700203418731689e-01,-2.023222684860229492e+00,1.613980829715728760e-01,2.010861933231353760e-01,1.990438342094421387e+00,-5.954384803771972656e-01,7.450261712074279785e-02,-1.674959063529968262e+00,-2.975660562515258789e-01,1.446098685264587402e-01,2.544262886047363281e+00,-7.201027274131774902e-01,7.856062054634094238e-02,1.802487075328826904e-01,2.897282540798187256e-01,5.260062813758850098e-01,-1.979861736297607422e+00,4.123867154121398926e-01,-4.348910748958587646e-01,1.011175155639648438e+00,-8.853533267974853516e-01,-5.468241497874259949e-02,2.783226668834686279e-01,-1.648214101791381836e+00,-6.930783390998840332e-01,8.635349273681640625e-01,1.397925972938537598e+00,6.485763788223266602e-01,-9.740854613482952118e-03,-5.374874919652938843e-02
-5.051580071449279785e-02,-1.869402825832366943e-02,3.922049701213836670e-01,9.395565390586853027e-01,6.360555440187454224e-02,3.201965391635894775e-01,1.032566949725151062e-01,-2.022895336151123047e+00,1.598506271839141846e-01,2.017925679683685303e-01,1.990989208221435547e+00,-5.961837172508239746e-01,7.538771629333496094e-02,-1.673431396484375000e+00,-2.972859144210815430e-01,1.452872306108474731e-01,2.545267105102539062e+00,-7.195501923561096191e-01,7.842202484607696533e-02,1.808669567108154297e-01,2.895079553127288818e-01,5.255299210548400879e-01,-1.979418635368347168e+00,4.113735854625701904e-01,-4.297443628311157227e-01,1.007348895072937012e+00,-8.867604136466979980e-01,-5.641766265034675598e-02,2.792509496212005615e-01,-1.651081442832946777e+00,-6.907233595848083496e-01,8.669599294662475586e-01,1.400288224220275879e+00,6.471178531646728516e-01,-8.363231085240840912e-03,-5.545334517955780029e-02
-4.595418646931648254e-02,-2.062055654823780060e-02,3.914480805397033691e-01,9.384402632713317871e-01,6.426847726106643677e-02,3.239696025848388672e-01,1.012084260582923889e-01,-2.039415836334228516e+00,1.513846814632415771e-01,2.030845135450363159e-01,1.992152571678161621e+00,-6.031162738800048828e-01,7.384389638900756836e-02,-1.660472750663757324e+00,-3.069748580455780029e-01,1.392311900854110718e-01,2.550879240036010742e+00,-7.104544639587402344e-01,6.788557767868041992e-02,1.880064457654953003e-01,2.865395843982696533e-01,5.262888669967651367e-01,-1.975409746170043945e+00,4.182636439800262451e-01,-4.113713502883911133e-01,1.022328257560729980e+00,-9.058238863945007324e-01,-5.015158653259277344e-02,2.776410579681396484e-01,-1.661570310592651367e+00,-6.811615824699401855e-01,8.908193111419677734e-01,1.409132957458496094e+00,6.480477452278137207e-01,-7.062595337629318237e-03,-5.725330114364624023e-02
-4.809358343482017517e-02,-2.006766945123672485e-02,3.918175697326660156e-01,9.390941858291625977e-01,6.408892571926116943e-02,3.210543990135192871e-01,1.044931411743164062e-01,-2.025174140930175781e+00,1.568649113178253174e-01,2.004573047161102295e-01,1.993017911911010742e+00,-5.970247387886047363e-01,7.778412848711013794e-02,-1.673595428466796875e+00,-2.960416972637176514e-01,1.463998556137084961e-01,2.549232959747314453e+00,-7.196314334869384766e-01,7.720689475536346436e-02,1.838947385549545288e-01,2.914187610149383545e-01,5.256085395812988281e-01,-1.985298156738281250e+00,4.068812429904937744e-01,-4.299533069133758545e-01,1.008776187896728516e+00,-8.911572098731994629e-01,-5.929595977067947388e-02,2.841571271419525146e-01,-1.656048297882080078e+00,-6.810606122016906738e-01,8.729261159896850586e-01,1.415739536285400391e+00,6.431823968887329102e-01,-5.576292984187602997e-03,-5.686108395457267761e-02
-4.696069285273551941e-02,-2.042961865663528442e-02,3.916457891464233398e-01,9.387132525444030762e-01,6.428755819797515869e-02,3.219445645809173584e-01,1.050537377595901489e-01,-2.027580261230468750e+00,1.555863916873931885e-01,1.999130845069885254e-01,1.992570996284484863e+00,-5.956810116767883301e-01,7.819917798042297363e-02,-1.674309372901916504e+00,-2.972986698150634766e-01,1.464432775974273682e-01,2.551605939865112305e+00,-7.186427712440490723e-01,7.513934373855590820e-02,1.846972405910491943e-01,2.912097275257110596e-01,5.254653096199035645e-01,-1.988657593727111816e+00,4.031491577625274658e-01,-4.306288957595825195e-01,1.011036634445190430e+00,-8.940062522888183594e-01,-5.939828976988792419e-02,2.857811152935028076e-01,-1.658000946044921875e+00,-6.767214536666870117e-01,8.759277462959289551e-01,1.422440409660339355e+00,6.423694491386413574e-01,-5.731576122343540192e-03,-6.065139546990394592e-02
-4.610532894730567932e-02,-2.026691660284996033e-02,3.916157484054565430e-01,9.382519125938415527e-01,6.434410810470581055e-02,3.230020105838775635e-01,1.058913692831993103e-01,-2.029854536056518555e+00,1.540900021791458130e-01,1.997114568948745728e-01,1.990933060646057129e+00,-5.941916108131408691e-01,7.858776301145553589e-02,-1.675357818603515625e+00,-2.995920181274414062e-01,1.448371559381484985e-01,2.552247047424316406e+00,-7.170292139053344727e-01,7.291594892740249634e-02,1.840256452560424805e-01,2.905970513820648193e-01,5.254904627799987793e-01,-1.990425467491149902e+00,4.002005755901336670e-01,-4.304760396480560303e-01,1.012789845466613770e+00,-8.988669514656066895e-01,-5.834138765931129456e-02,2.862606644630432129e-01,-1.660514950752258301e+00,-6.740938425064086914e-01,8.811107873916625977e-01,1.426161408424377441e+00,6.414629220962524414e-01,-5.690541584044694901e-03,-6.567714363336563110e-02
-4.555418342351913452e-02,-1.976946182548999786e-02,3.919406533241271973e-01,9.377804398536682129e-01,6.442273408174514771e-02,3.239983916282653809e-01,1.069700345396995544e-01,-2.030284881591796875e+00,1.521812230348587036e-01,2.005120962858200073e-01,1.987632632255554199e+00,-5.931038260459899902e-01,7.952868193387985229e-02,-1.675408244132995605e+00,-3.021441102027893066e-01,1.420758962631225586e-01,2.550549745559692383e+00,-7.155464887619018555e-01,7.161491364240646362e-02,1.826457232236862183e-01,2.900874912738800049e-01,5.256242752075195312e-01,-1.990950465202331543e+00,3.984059691429138184e-01,-4.289642870426177979e-01,1.013086915016174316e+00,-9.039944410324096680e-01,-5.701376870274543762e-02,2.875371873378753662e-01,-1.662805318832397461e+00,-6.733330488204956055e-01,8.866598010063171387e-01,1.427622437477111816e+00,6.401033401489257812e-01,-5.273078568279743195e-03,-7.030334323644638062e-02
-4.512211680412292480e-02,-1.913192868232727051e-02,3.923330903053283691e-01,9.372495412826538086e-01,6.471353769302368164e-02,3.251815736293792725e-01,1.078535392880439758e-01,-2.030197858810424805e+00,1.499385386705398560e-01,2.021983265876770020e-01,1.983521461486816406e+00,-5.920053720474243164e-01,7.999996840953826904e-02,-1.675119400024414062e+00,-3.038818240165710449e-01,1.405389308929443359e-01,2.548495531082153320e+00,-7.151077389717102051e-01,7.147584855556488037e-02,1.823888272047042847e-01,2.895306944847106934e-01,5.256198644638061523e-01,-1.991611361503601074e+00,3.973420560359954834e-01,-4.266768991947174072e-01,1.012168169021606445e+00,-9.071545004844665527e-01,-5.603474006056785583e-02,2.894943356513977051e-01,-1.665194869041442871e+00,-6.735286116600036621e-01,8.906166553497314453e-01,1.428088307380676270e+00,6.382178664207458496e-01,-5.448420066386461258e-03,-7.381511479616165161e-02
-4.121739417314529419e-02,-2.067092806100845337e-02,3.918872773647308350e-01,9.364674687385559082e-01,6.591206789016723633e-02,3.278266191482543945e-01,1.058960035443305969e-01,-2.036711931228637695e+00,1.453689783811569214e-01,2.095448821783065796e-01,1.983925819396972656e+00,-5.969755649566650391e-01,7.498811185359954834e-02,-1.668031811714172363e+00,-3.063561916351318359e-01,1.368221342563629150e-01,2.536819934844970703e+00,-7.058793902397155762e-01,7.148505002260208130e-02,1.890903562307357788e-01,2.874189317226409912e-01,5.243101119995117188e-01,-1.991677522659301758e+00,4.076072871685028076e-01,-4.168276786804199219e-01,1.025749683380126953e+00,-9.204526543617248535e-01,-4.959794878959655762e-02,2.827102243900299072e-01,-1.668713808059692383e+00,-6.826066374778747559e-01,9.097169041633605957e-01,1.421166419982910156e+00,6.369612216949462891e-01,-1.422100700438022614e-02,-7.198482751846313477e-02
-4.488648101687431335e-02,-1.884438470005989075e-02,3.930394351482391357e-01,9.363660812377929688e-01,6.573765724897384644e-02,3.273037970066070557e-01,1.084863916039466858e-01,-2.028865337371826172e+00,1.461575478315353394e-01,2.054299265146255493e-01,1.977556228637695312e+00,-5.913699865341186523e-01,7.995841652154922485e-02,-1.675788998603820801e+00,-3.037209212779998779e-01,1.401710510253906250e-01,2.545439243316650391e+00,-7.169923186302185059e-01,7.204013317823410034e-02,1.851081252098083496e-01,2.905588746070861816e-01,5.264361500740051270e-01,-1.996947646141052246e+00,3.964628875255584717e-01,-4.245698451995849609e-01,1.013751626014709473e+00,-9.090557694435119629e-01,-5.536872148513793945e-02,2.898574769496917725e-01,-1.667176365852355957e+00,-6.726387739181518555e-01,8.938996195793151855e-01,1.432976722717285156e+00,6.347380280494689941e-01,-5.540142301470041275e-03,-7.286974042654037476e-02
-4.512925446033477783e-02,-1.935107074677944183e-02,3.931660950183868408e-01,9.360156655311584473e-01,6.630257517099380493e-02,3.281897306442260742e-01,1.084907278418540955e-01,-2.028989791870117188e+00,1.452180296182632446e-01,2.056539207696914673e-01,1.976020097732543945e+00,-5.914213061332702637e-01,7.877108454704284668e-02,-1.677707910537719727e+00,-3.037143051624298096e-01,1.418669074773788452e-01,2.546093463897705078e+00,-7.178694605827331543e-01,7.212322205305099487e-02,1.865065246820449829e-01,2.909432649612426758e-01,5.269022583961486816e-01,-1.999662041664123535e+00,3.955983519554138184e-01,-4.219093620777130127e-01,1.015493512153625488e+00,-9.094329476356506348e-01,-5.492068082094192505e-02,2.865653634071350098e-01,-1.667073249816894531e+00,-6.722702980041503906e-01,8.933532834053039551e-01,1.433345556259155273e+00,6.325756907463073730e-01,-5.426811054348945618e-03,-7.328372448682785034e-02
-4.564241319894790649e-02,-2.010574936866760254e-02,3.931092321872711182e-01,9.358009099960327148e-01,6.677386164665222168e-02,3.286619484424591064e-01,1.086242496967315674e-01,-2.029295682907104492e+00,1.444469839334487915e-01,2.052731513977050781e-01,1.975313901901245117e+00,-5.914698243141174316e-01,7.791800051927566528e-02,-1.679879903793334961e+00,-3.049010634422302246e-01,1.433042287826538086e-01,2.547500133514404297e+00,-7.175219655036926270e-01,7.126484811305999756e-02,1.866611540317535400e-01,2.913016676902770996e-01,5.274617671966552734e-01,-2.001347541809082031e+00,3.946477472782135010e-01,-4.190874695777893066e-01,1.017282962799072266e+00,-9.108209013938903809e-01,-5.503817275166511536e-02,2.818234562873840332e-01,-1.666619539260864258e+00,-6.720107793807983398e-01,8.936420083045959473e-01,1.433189988136291504e+00,6.303425431251525879e-01,-5.077299661934375763e-03,-7.545967400074005127e-02
-4.626803100109100342e-02,-2.099450305104255676e-02,3.929872810840606689e-01,9.356145858764648438e-01,6.712464988231658936e-02,3.290531933307647705e-01,1.088282689452171326e-01,-2.029653072357177734e+00,1.438117921352386475e-01,2.056096643209457397e-01,1.975007772445678711e+00,-5.915778875350952148e-01,7.739130407571792603e-02,-1.681119918823242188e+00,-3.070317506790161133e-01,1.443601697683334351e-01,2.548652887344360352e+00,-7.159734368324279785e-01,6.926336139440536499e-02,1.867202520370483398e-01,2.910676598548889160e-01,5.275291800498962402e-01,-2.002178192138671875e+00,3.937858939170837402e-01,-4.159827530384063721e-01,1.018390178680419922e+00,-9.138284325599670410e-01,-5.619456991553306580e-02,2.796109318733215332e-01,-1.665315866470336914e+00,-6.725366711616516113e-01,8.935992121696472168e-01,1.434445500373840332e+00,6.297915577888488770e-01,-6.082308478653430939e-03,-7.782667130231857300e-02
-4.362827539443969727e-02,-2.286696806550025940e-02,3.939665555953979492e-01,9.352102279663085938e-01,6.723285466432571411e-02,3.308976888656616211e-01,1.066220775246620178e-01,-2.033115386962890625e+00,1.416058093309402466e-01,2.106764018535614014e-01,1.974153995513916016e+00,-5.984025001525878906e-01,7.465814799070358276e-02,-1.670122742652893066e+00,-3.120100200176239014e-01,1.436040103435516357e-01,2.528793811798095703e+00,-7.023671269416809082e-01,6.857363134622573853e-02,1.923187077045440674e-01,2.859031856060028076e-01,5.258538722991943359e-01,-1.995880722999572754e+00,4.061645865440368652e-01,-4.062297046184539795e-01,1.025301098823547363e+00,-9.326021075248718262e-01,-5.251460894942283630e-02,2.745859622955322266e-01,-1.662749767303466797e+00,-6.830730438232421875e-01,9.067338705062866211e-01,1.426233172416687012e+00,6.315914988517761230e-01,-1.994233578443527222e-02,-6.848526746034622192e-02
-4.655832797288894653e-02,-2.209547162055969238e-02,3.927206695079803467e-01,9.350063204765319824e-01,6.734872609376907349e-02,3.309528529644012451e-01,1.081551238894462585e-01,-2.043368101119995117e+00,1.422232687473297119e-01,2.014302909374237061e-01,1.974518775939941406e+00,-5.901695489883422852e-01,7.795522361993789673e-02,-1.679198265075683594e+00,-3.205545842647552490e-01,1.387960761785507202e-01,2.562978506088256836e+00,-7.090957164764404297e-01,5.286888778209686279e-02,1.898408234119415283e-01,2.925769686698913574e-01,5.287480950355529785e-01,-2.006119251251220703e+00,3.947520852088928223e-01,-4.094314575195312500e-01,1.023309230804443359e+00,-9.248983860015869141e-01,-5.984756350517272949e-02,2.862380146980285645e-01,-1.671165108680725098e+00,-6.636931896209716797e-01,9.069175720214843750e-01,1.449190258979797363e+00,6.424840092658996582e-01,-4.907816648483276367e-03,-8.253186941146850586e-02
-4.594239965081214905e-02,-2.198952436447143555e-02,3.929773569107055664e-01,9.348770380020141602e-01,6.749964505434036255e-02,3.311889767646789551e-01,1.084555760025978088e-01,-2.043232679367065430e+00,1.426106393337249756e-01,2.022327929735183716e-01,1.973750948905944824e+00,-5.899789333343505859e-01,7.894645631313323975e-02,-1.677700042724609375e+00,-3.209633827209472656e-01,1.380103528499603271e-01,2.563670396804809570e+00,-7.103908658027648926e-01,5.120622366666793823e-02,1.918102055788040161e-01,2.928785383701324463e-01,5.288150310516357422e-01,-2.008206129074096680e+00,3.946548402309417725e-01,-4.095616936683654785e-01,1.025403499603271484e+00,-9.283325076103210449e-01,-5.922621488571166992e-02,2.866033315658569336e-01,-1.672772407531738281e+00,-6.634694337844848633e-01,9.075540304183959961e-01,1.452781796455383301e+00,6.463745236396789551e-01,-4.168793559074401855e-03,-8.358364552259445190e-02
-4.522158205509185791e-02,-2.142141759395599365e-02,3.936325609683990479e-01,9.351395964622497559e-01,6.792553514242172241e-02,3.298289477825164795e-01,1.100586503744125366e-01,-2.029525041580200195e+00,1.442487835884094238e-01,2.081119716167449951e-01,1.972696542739868164e+00,-5.915566086769104004e-01,8.022794127464294434e-02,-1.677863836288452148e+00,-3.120310008525848389e-01,1.416008174419403076e-01,2.549709081649780273e+00,-7.155678868293762207e-01,6.024192646145820618e-02,1.911106258630752563e-01,2.919448912143707275e-01,5.279018282890319824e-01,-2.010293006896972656e+00,3.938631117343902588e-01,-4.142387509346008301e-01,1.026930689811706543e+00,-9.283078908920288086e-01,-5.555806308984756470e-02,2.814652025699615479e-01,-1.669849634170532227e+00,-6.717587113380432129e-01,8.979311585426330566e-01,1.449627041816711426e+00,6.451276540756225586e-01,-6.042948924005031586e-03,-8.105236291885375977e-02
-4.436832666397094727e-02,-2.116767317056655884e-02,3.928508460521697998e-01,9.346479177474975586e-01,6.750532239675521851e-02,3.314768075942993164e-01,1.095419228076934814e-01,-2.044250488281250000e+00,1.453078240156173706e-01,2.040664702653884888e-01,1.974670648574829102e+00,-5.896638631820678711e-01,8.089669048786163330e-02,-1.678039312362670898e+00,-3.215421438217163086e-01,1.380730122327804565e-01,2.567606210708618164e+00,-7.164493203163146973e-01,4.997828230261802673e-02,1.943168491125106812e-01,2.951366007328033447e-01,5.289008021354675293e-01,-2.009266853332519531e+00,3.930477201938629150e-01,-4.055341184139251709e-01,1.029477596282958984e+00,-9.335511326789855957e-01,-5.650721862912178040e-02,2.816163003444671631e-01,-1.677904486656188965e+00,-6.614208221435546875e-01,9.069373011589050293e-01,1.456806898117065430e+00,6.557181477546691895e-01,-1.494522090069949627e-03,-8.498233556747436523e-02
-4.418368637561798096e-02,-2.068017050623893738e-02,3.927676081657409668e-01,9.349144101142883301e-01,6.783442944288253784e-02,3.301439583301544189e-01,1.110785752534866333e-01,-2.032426834106445312e+00,1.475815176963806152e-01,2.093638479709625244e-01,1.974582791328430176e+00,-5.907756090164184570e-01,8.137243986129760742e-02,-1.680513739585876465e+00,-3.132205903530120850e-01,1.430392563343048096e-01,2.553904294967651367e+00,-7.220332026481628418e-01,5.993387475609779358e-02,1.923283934593200684e-01,2.938084304332733154e-01,5.276719331741333008e-01,-2.009408235549926758e+00,3.911145925521850586e-01,-4.070806205272674561e-01,1.029629111289978027e+00,-9.319292902946472168e-01,-5.318936705589294434e-02,2.767024040222167969e-01,-1.676911592483520508e+00,-6.687916517257690430e-01,8.971858024597167969e-01,1.452468991279602051e+00,6.539790034294128418e-01,-5.094672087579965591e-03,-8.162552118301391602e-02
-4.218433052301406860e-02,-2.158333361148834229e-02,3.919937908649444580e-01,9.340924620628356934e-01,6.722044199705123901e-02,3.332142829895019531e-01,1.091831326484680176e-01,-2.045273780822753906e+00,1.439548730850219727e-01,2.156150639057159424e-01,1.975941419601440430e+00,-6.008046865463256836e-01,7.898671180009841919e-02,-1.671433329582214355e+00,-3.256289660930633545e-01,1.414439678192138672e-01,2.558373212814331055e+00,-7.105696201324462891e-01,5.264141410589218140e-02,1.986926794052124023e-01,2.901673316955566406e-01,5.307955145835876465e-01,-1.997226476669311523e+00,3.978045582771301270e-01,-3.901504576206207275e-01,1.033087611198425293e+00,-9.454360604286193848e-01,-5.116621032357215881e-02,2.755247950553894043e-01,-1.684918761253356934e+00,-6.653792262077331543e-01,9.138324856758117676e-01,1.452020168304443359e+00,6.610581874847412109e-01,-1.392555236816406250e-02,-7.639678567647933960e-02
-4.477266967296600342e-02,-2.129662595689296722e-02,3.909316956996917725e-01,9.343534111976623535e-01,6.744877249002456665e-02,3.320159018039703369e-01,1.104527339339256287e-01,-2.048625946044921875e+00,1.511138975620269775e-01,2.096859365701675415e-01,1.976724982261657715e+00,-5.873932242393493652e-01,8.421958982944488525e-02,-1.685203075408935547e+00,-3.201533257961273193e-01,1.418688744306564331e-01,2.570908069610595703e+00,-7.222603559494018555e-01,5.124075710773468018e-02,1.983248442411422729e-01,2.990742623805999756e-01,5.285984277725219727e-01,-2.009011983871459961e+00,3.898457288742065430e-01,-3.971351385116577148e-01,1.030244708061218262e+00,-9.330813288688659668e-01,-5.553024634718894958e-02,2.803563773632049561e-01,-1.687758088111877441e+00,-6.581742763519287109e-01,9.071533679962158203e-01,1.470383882522583008e+00,6.690064668655395508e-01,-5.227148067206144333e-03,-8.265341073274612427e-02
-4.583760350942611694e-02,-2.192277461290359497e-02,3.912027478218078613e-01,9.345737099647521973e-01,6.804775446653366089e-02,3.308358788490295410e-01,1.117549911141395569e-01,-2.036302328109741211e+00,1.523991674184799194e-01,2.158773392438888550e-01,1.974513411521911621e+00,-5.867640972137451172e-01,8.623485267162322998e-02,-1.689110636711120605e+00,-3.100548982620239258e-01,1.461620032787322998e-01,2.555605411529541016e+00,-7.242003083229064941e-01,6.341233104467391968e-02,1.994164586067199707e-01,2.990553379058837891e-01,5.268607139587402344e-01,-2.013605594635009766e+00,3.876999318599700928e-01,-3.996571004390716553e-01,1.031423211097717285e+00,-9.308202862739562988e-01,-5.201376974582672119e-02,2.800092697143554688e-01,-1.685471773147583008e+00,-6.682682037353515625e-01,8.990566134452819824e-01,1.467802882194519043e+00,6.667060256004333496e-01,-9.491778910160064697e-03,-8.031932264566421509e-02
-4.668391123414039612e-02,-2.275517769157886505e-02,3.912554681301116943e-01,9.342686533927917480e-01,6.811601668596267700e-02,3.314177989959716797e-01,1.125370934605598450e-01,-2.037410497665405273e+00,1.525755226612091064e-01,2.172701805830001831e-01,1.973223924636840820e+00,-5.841597914695739746e-01,8.801815658807754517e-02,-1.692005515098571777e+00,-3.089468777179718018e-01,1.444806307554244995e-01,2.555377721786499023e+00,-7.223975658416748047e-01,6.576272845268249512e-02,2.033127546310424805e-01,3.017640709877014160e-01,5.265361666679382324e-01,-2.017611265182495117e+00,3.850441575050354004e-01,-3.967818617820739746e-01,1.036148905754089355e+00,-9.337939023971557617e-01,-5.232277885079383850e-02,2.785463333129882812e-01,-1.686942696571350098e+00,-6.715320944786071777e-01,8.984309434890747070e-01,1.469888210296630859e+00,6.694882512092590332e-01,-8.701181970536708832e-03,-8.164621889591217041e-02
-4.738152027130126953e-02,-2.330970950424671173e-02,3.916285037994384766e-01,9.338623881340026855e-01,6.804209947586059570e-02,3.321988880634307861e-01,1.136448755860328674e-01,-2.038600206375122070e+00,1.519465595483779907e-01,2.174643427133560181e-01,1.971078276634216309e+00,-5.811450481414794922e-01,8.870948106050491333e-02,-1.693677067756652832e+00,-3.085585236549377441e-01,1.408475935459136963e-01,2.554292440414428711e+00,-7.213358283042907715e-01,6.680481880903244019e-02,2.064712047576904297e-01,3.042542338371276855e-01,5.264571905136108398e-01,-2.022306442260742188e+00,3.823324143886566162e-01,-3.954442739486694336e-01,1.043141841888427734e+00,-9.391455650329589844e-01,-5.224005505442619324e-02,2.748779356479644775e-01,-1.688597559928894043e+00,-6.742992997169494629e-01,8.967996239662170410e-01,1.470890641212463379e+00,6.708574891090393066e-01,-6.578525993973016739e-03,-8.231788128614425659e-02
-4.766504839062690735e-02,-2.342798747122287750e-02,3.921075761318206787e-01,9.334201216697692871e-01,6.799537688493728638e-02,3.329937458038330078e-01,1.149732694029808044e-01,-2.039458990097045898e+00,1.501985341310501099e-01,2.170497626066207886e-01,1.968090295791625977e+00,-5.779893398284912109e-01,8.768784254789352417e-02,-1.693833827972412109e+00,-3.087266981601715088e-01,1.375032514333724976e-01,2.553402900695800781e+00,-7.207438945770263672e-01,6.658904999494552612e-02,2.084345668554306030e-01,3.052172660827636719e-01,5.264016985893249512e-01,-2.027839422225952148e+00,3.800877630710601807e-01,-3.938620686531066895e-01,1.050067424774169922e+00,-9.441184997558593750e-01,-5.175399407744407654e-02,2.727882266044616699e-01,-1.690893173217773438e+00,-6.754171848297119141e-01,8.952378034591674805e-01,1.472205877304077148e+00,6.721875667572021484e-01,-5.086037330329418182e-03,-8.317928016185760498e-02
-4.523931816220283508e-02,-2.523143589496612549e-02,3.921755552291870117e-01,9.319251775741577148e-01,6.722348928451538086e-02,3.375582396984100342e-01,1.142407730221748352e-01,-2.056475400924682617e+00,1.416487097740173340e-01,2.224229723215103149e-01,1.963760614395141602e+00,-5.835878252983093262e-01,8.321714401245117188e-02,-1.683619499206542969e+00,-3.251516222953796387e-01,1.272615343332290649e-01,2.554452657699584961e+00,-7.097087502479553223e-01,5.436200276017189026e-02,2.130601406097412109e-01,2.994277775287628174e-01,5.291436910629272461e-01,-2.026101827621459961e+00,3.881609737873077393e-01,-3.841461539268493652e-01,1.073665738105773926e+00,-9.642254114151000977e-01,-5.105850845575332642e-02,2.660540640354156494e-01,-1.704021811485290527e+00,-6.702276468276977539e-01,9.151692390441894531e-01,1.480128049850463867e+00,6.733073592185974121e-01,-1.025194767862558365e-02,-8.007377386093139648e-02
-4.825147613883018494e-02,-2.318221144378185272e-02,3.923671543598175049e-01,9.326198101043701172e-01,6.802217662334442139e-02,3.341906964778900146e-01,1.179397255182266235e-01,-2.040506362915039062e+00,1.452240645885467529e-01,2.179822772741317749e-01,1.963044524192810059e+00,-5.739803910255432129e-01,8.564991503953933716e-02,-1.695235967636108398e+00,-3.121132850646972656e-01,1.313820928335189819e-01,2.554396152496337891e+00,-7.164254784584045410e-01,6.233040988445281982e-02,2.099870145320892334e-01,3.050604760646820068e-01,5.265195965766906738e-01,-2.043005228042602539e+00,3.787811100482940674e-01,-3.962675631046295166e-01,1.065824866294860840e+00,-9.449896216392517090e-01,-4.899236559867858887e-02,2.711971402168273926e-01,-1.698576450347900391e+00,-6.736525297164916992e-01,8.985813856124877930e-01,1.484837651252746582e+00,6.719472408294677734e-01,-5.387212615460157394e-03,-8.046849817037582397e-02
-4.885252192616462708e-02,-2.350996807217597961e-02,3.916141688823699951e-01,9.319880604743957520e-01,6.789051741361618042e-02,3.354364037513732910e-01,1.194632425904273987e-01,-2.046075820922851562e+00,1.432135403156280518e-01,2.182354778051376343e-01,1.961693048477172852e+00,-5.705345869064331055e-01,8.450590819120407104e-02,-1.697210907936096191e+00,-3.186785578727722168e-01,1.270620673894882202e-01,2.561238765716552734e+00,-7.105823159217834473e-01,5.747355520725250244e-02,2.088929861783981323e-01,3.048773109912872314e-01,5.271917581558227539e-01,-2.050091505050659180e+00,3.790490031242370605e-01,-3.964813351631164551e-01,1.074883103370666504e+00,-9.435430765151977539e-01,-4.810140654444694519e-02,2.693212032318115234e-01,-1.705240845680236816e+00,-6.708750724792480469e-01,9.061877727508544922e-01,1.493043303489685059e+00,6.729584336280822754e-01,-4.819567315280437469e-03,-8.009530603885650635e-02
-4.975224286317825317e-02,-2.408247813582420349e-02,3.910211324691772461e-01,9.313266277313232422e-01,6.781283020973205566e-02,3.369284570217132568e-01,1.204627379775047302e-01,-2.057322263717651367e+00,1.411598622798919678e-01,2.161126732826232910e-01,1.960270047187805176e+00,-5.693531036376953125e-01,8.569052815437316895e-02,-1.699783921241760254e+00,-3.295348882675170898e-01,1.228361651301383972e-01,2.574587345123291016e+00,-7.065437436103820801e-01,4.883042722940444946e-02,2.084705531597137451e-01,3.056394457817077637e-01,5.281961560249328613e-01,-2.054945707321166992e+00,3.799497485160827637e-01,-3.909513950347900391e-01,1.079938888549804688e+00,-9.434657096862792969e-01,-4.684154689311981201e-02,2.690254449844360352e-01,-1.711398839950561523e+00,-6.651639938354492188e-01,9.179883599281311035e-01,1.500712037086486816e+00,6.747859716415405273e-01,-2.164385048672556877e-03,-8.136183023452758789e-02
-5.116749927401542664e-02,-2.478807792067527771e-02,3.912268280982971191e-01,9.313005208969116211e-01,6.820341199636459351e-02,3.360236883163452148e-01,1.229458153247833252e-01,-2.045585155487060547e+00,1.400780081748962402e-01,2.200644016265869141e-01,1.958637714385986328e+00,-5.698787569999694824e-01,8.579705655574798584e-02,-1.704480051994323730e+00,-3.236364424228668213e-01,1.278239637613296509e-01,2.562394380569458008e+00,-7.069239020347595215e-01,5.753205716609954834e-02,2.039051204919815063e-01,3.030392527580261230e-01,5.265065431594848633e-01,-2.062022924423217773e+00,3.799132108688354492e-01,-3.948956429958343506e-01,1.084429621696472168e+00,-9.358581304550170898e-01,-4.136697575449943542e-02,2.640887498855590820e-01,-1.710915803909301758e+00,-6.750349402427673340e-01,9.116947054862976074e-01,1.494274020195007324e+00,6.664057970046997070e-01,-5.405273754149675369e-03,-7.844610512256622314e-02
-5.017375573515892029e-02,-2.821303717792034149e-02,3.915994763374328613e-01,9.302715659141540527e-01,6.698208302259445190e-02,3.393839597702026367e-01,1.221752166748046875e-01,-2.061398267745971680e+00,1.303768306970596313e-01,2.219550162553787231e-01,1.953608274459838867e+00,-5.728825330734252930e-01,8.313789218664169312e-02,-1.694723844528198242e+00,-3.407239317893981934e-01,1.260201334953308105e-01,2.562895536422729492e+00,-6.941105127334594727e-01,5.029684305191040039e-02,2.078715562820434570e-01,2.995561063289642334e-01,5.295824408531188965e-01,-2.060485601425170898e+00,3.858894109725952148e-01,-3.881097435951232910e-01,1.109014868736267090e+00,-9.534763693809509277e-01,-3.092710301280021667e-02,2.521400153636932373e-01,-1.723808407783508301e+00,-6.716561913490295410e-01,9.339068531990051270e-01,1.494389533996582031e+00,6.679329276084899902e-01,-8.460936136543750763e-03,-7.532941550016403198e-02
-5.389439687132835388e-02,-2.638198994100093842e-02,3.899229168891906738e-01,9.303734302520751953e-01,6.783179193735122681e-02,3.386379182338714600e-01,1.229981705546379089e-01,-2.063899278640747070e+00,1.382270753383636475e-01,2.159286886453628540e-01,1.959970712661743164e+00,-5.659834146499633789e-01,8.490373194217681885e-02,-1.710804224014282227e+00,-3.334245979785919189e-01,1.310939788818359375e-01,2.584754467010498047e+00,-6.994959712028503418e-01,4.982794076204299927e-02,2.034938335418701172e-01,3.047645986080169678e-01,5.278328061103820801e-01,-2.072651863098144531e+00,3.811426460742950439e-01,-3.950527012348175049e-01,1.093818664550781250e+00,-9.337102174758911133e-01,-4.275525733828544617e-02,2.569444179534912109e-01,-1.725119352340698242e+00,-6.650981903076171875e-01,9.254771471023559570e-01,1.505702257156372070e+00,6.676172614097595215e-01,-1.292553497478365898e-03,-7.859320938587188721e-02
-5.473905429244041443e-02,-2.618218399584293365e-02,3.904735743999481201e-01,9.306865930557250977e-01,6.795240193605422974e-02,3.374215960502624512e-01,1.239015087485313416e-01,-2.052276134490966797e+00,1.380545496940612793e-01,2.193767875432968140e-01,1.959290385246276855e+00,-5.663278102874755859e-01,8.389290422201156616e-02,-1.713509440422058105e+00,-3.233886063098907471e-01,1.394579261541366577e-01,2.569513320922851562e+00,-7.005335688591003418e-01,5.968485027551651001e-02,2.009283602237701416e-01,3.015867173671722412e-01,5.252767801284790039e-01,-2.078741073608398438e+00,3.811006247997283936e-01,-4.035408496856689453e-01,1.096931099891662598e+00,-9.264084100723266602e-01,-3.816740214824676514e-02,2.518763244152069092e-01,-1.724548220634460449e+00,-6.723441481590270996e-01,9.153574109077453613e-01,1.498915553092956543e+00,6.589226126670837402e-01,-5.064893979579210281e-03,-7.616780698299407959e-02
-5.491162836551666260e-02,-2.544325403869152069e-02,3.898205459117889404e-01,9.302610754966735840e-01,6.732792407274246216e-02,3.391843438148498535e-01,1.226185560226440430e-01,-2.068512201309204102e+00,1.376016288995742798e-01,2.156682312488555908e-01,1.959636449813842773e+00,-5.630624890327453613e-01,8.349477499723434448e-02,-1.713020086288452148e+00,-3.335810005664825439e-01,1.375831067562103271e-01,2.587551832199096680e+00,-6.963502764701843262e-01,5.138117820024490356e-02,2.027700245380401611e-01,3.023695647716522217e-01,5.258930921554565430e-01,-2.079542398452758789e+00,3.805344402790069580e-01,-3.995980918407440186e-01,1.101254940032958984e+00,-9.284560680389404297e-01,-4.104004055261611938e-02,2.480203211307525635e-01,-1.730472564697265625e+00,-6.627420186996459961e-01,9.256899356842041016e-01,1.506721019744873047e+00,6.621879339218139648e-01,-3.020423930138349533e-03,-8.149485290050506592e-02
-5.481268838047981262e-02,-2.430793270468711853e-02,3.899769783020019531e-01,9.303047060966491699e-01,6.681908667087554932e-02,3.392395675182342529e-01,1.224123388528823853e-01,-2.070584774017333984e+00,1.372635513544082642e-01,2.151465862989425659e-01,1.957973480224609375e+00,-5.612254142761230469e-01,8.430837839841842651e-02,-1.711116075515747070e+00,-3.341293931007385254e-01,1.376872360706329346e-01,2.585935831069946289e+00,-6.970719099044799805e-01,5.305380374193191528e-02,2.023461014032363892e-01,3.015933930873870850e-01,5.251275300979614258e-01,-2.080114126205444336e+00,3.794187009334564209e-01,-3.995734453201293945e-01,1.103712916374206543e+00,-9.271921515464782715e-01,-4.067707061767578125e-02,2.449302375316619873e-01,-1.729800462722778320e+00,-6.617352962493896484e-01,9.254426956176757812e-01,1.504632115364074707e+00,6.584832668304443359e-01,-3.746329341083765030e-03,-8.624128997325897217e-02
-5.475779622793197632e-02,-2.300771139562129974e-02,3.906932771205902100e-01,9.307467937469482422e-01,6.637510657310485840e-02,3.377068638801574707e-01,1.235259845852851868e-01,-2.059371709823608398e+00,1.374168694019317627e-01,2.161895781755447388e-01,1.955339908599853516e+00,-5.629578828811645508e-01,8.525490015745162964e-02,-1.709879636764526367e+00,-3.242388069629669189e-01,1.402224302291870117e-01,2.566373348236083984e+00,-7.022617459297180176e-01,6.784965097904205322e-02,1.994749307632446289e-01,2.984685897827148438e-01,5.229211449623107910e-01,-2.082019805908203125e+00,3.766234517097473145e-01,-4.035378098487854004e-01,1.104651927947998047e+00,-9.246304035186767578e-01,-3.852082043886184692e-02,2.436088472604751587e-01,-1.724393844604492188e+00,-6.687856316566467285e-01,9.120044112205505371e-01,1.493331432342529297e+00,6.469467282295227051e-01,-7.514892611652612686e-03,-8.745204657316207886e-02
-5.141625925898551941e-02,-2.475040778517723083e-02,3.905064463615417480e-01,9.303064346313476562e-01,6.496579945087432861e-02,3.396791815757751465e-01,1.221777498722076416e-01,-2.066667795181274414e+00,1.294296234846115112e-01,2.188027799129486084e-01,1.956196784973144531e+00,-5.682398676872253418e-01,8.141703158617019653e-02,-1.705881834030151367e+00,-3.311112821102142334e-01,1.373320519924163818e-01,2.549698591232299805e+00,-6.901893019676208496e-01,6.877750903367996216e-02,2.042325586080551147e-01,2.939528226852416992e-01,5.235419273376464844e-01,-2.078490018844604492e+00,3.838063776493072510e-01,-4.024719297885894775e-01,1.121354341506958008e+00,-9.365820884704589844e-01,-3.300675377249717712e-02,2.343718409538269043e-01,-1.722200989723205566e+00,-6.776422858238220215e-01,9.145376682281494141e-01,1.476924777030944824e+00,6.390512585639953613e-01,-1.467223558574914932e-02,-8.220451325178146362e-02
-5.546458438038825989e-02,-2.145262621343135834e-02,3.897288143634796143e-01,9.305621385574340820e-01,6.529360264539718628e-02,3.387207984924316406e-01,1.227153092622756958e-01,-2.066040992736816406e+00,1.351800262928009033e-01,2.133331149816513062e-01,1.955666661262512207e+00,-5.613158941268920898e-01,8.709928393363952637e-02,-1.711829185485839844e+00,-3.240518867969512939e-01,1.399428546428680420e-01,2.564265727996826172e+00,-7.048693299293518066e-01,7.571706175804138184e-02,1.995076537132263184e-01,2.993555665016174316e-01,5.236583948135375977e-01,-2.084734439849853516e+00,3.708916008472442627e-01,-4.047975540161132812e-01,1.113444447517395020e+00,-9.189091324806213379e-01,-4.283227771520614624e-02,2.391080111265182495e-01,-1.723181843757629395e+00,-6.674509644508361816e-01,9.064593315124511719e-01,1.486831426620483398e+00,6.385865211486816406e-01,-8.962808176875114441e-03,-8.801094442605972290e-02
-5.587719008326530457e-02,-2.127070538699626923e-02,3.892345428466796875e-01,9.304926991462707520e-01,6.462823599576950073e-02,3.393262326717376709e-01,1.219187974929809570e-01,-2.069043159484863281e+00,1.340538859367370605e-01,2.120457440614700317e-01,1.956993699073791504e+00,-5.598002076148986816e-01,8.754874020814895630e-02,-1.715502977371215820e+00,-3.233477175235748291e-01,1.413228362798690796e-01,2.562889337539672852e+00,-7.050369977951049805e-01,7.971296459436416626e-02,1.993455886840820312e-01,3.000697791576385498e-01,5.249849557876586914e-01,-2.085226774215698242e+00,3.688980937004089355e-01,-4.053285419940948486e-01,1.118041038513183594e+00,-9.148390889167785645e-01,-4.269240051507949829e-02,2.348597049713134766e-01,-1.723753213882446289e+00,-6.682609319686889648e-01,9.031907320022583008e-01,1.480365872383117676e+00,6.336309313774108887e-01,-9.649890474975109100e-03,-8.667884021997451782e-02
-5.606413632631301880e-02,-2.095896564424037933e-02,3.888856768608093262e-01,9.304931163787841797e-01,6.379853934049606323e-02,3.397080004215240479e-01,1.212879568338394165e-01,-2.070998668670654297e+00,1.332413703203201294e-01,2.115666419267654419e-01,1.958289861679077148e+00,-5.582749843597412109e-01,8.791656792163848877e-02,-1.718341708183288574e+00,-3.232212662696838379e-01,1.428242772817611694e-01,2.560989379882812500e+00,-7.057344913482666016e-01,8.219158649444580078e-02,1.983054131269454956e-01,3.005645573139190674e-01,5.259504318237304688e-01,-2.084169149398803711e+00,3.685779869556427002e-01,-4.062412381172180176e-01,1.121842503547668457e+00,-9.125024676322937012e-01,-4.075649008154869080e-02,2.316013574600219727e-01,-1.724634766578674316e+00,-6.692377328872680664e-01,9.015136957168579102e-01,1.474219322204589844e+00,6.289408802986145020e-01,-9.935008361935615540e-03,-8.518816530704498291e-02
-5.560526251792907715e-02,-2.034835889935493469e-02,3.882995843887329102e-01,9.304518699645996094e-01,6.324712187051773071e-02,3.400886952877044678e-01,1.208255887031555176e-01,-2.072354316711425781e+00,1.329877674579620361e-01,2.120722234249114990e-01,1.959302425384521484e+00,-5.573816895484924316e-01,8.783967792987823486e-02,-1.720213532447814941e+00,-3.236894905567169189e-01,1.452592909336090088e-01,2.560660362243652344e+00,-7.060788273811340332e-01,8.406489342451095581e-02,1.969126313924789429e-01,2.988647222518920898e-01,5.254511237144470215e-01,-2.081341981887817383e+00,3.701484501361846924e-01,-4.080830514430999756e-01,1.120378494262695312e+00,-9.119784832000732422e-01,-3.882947191596031189e-02,2.333030700683593750e-01,-1.724153876304626465e+00,-6.697036623954772949e-01,8.991765975952148438e-01,1.467664718627929688e+00,6.260052919387817383e-01,-1.063318271189928055e-02,-8.778055012226104736e-02
-5.024487525224685669e-02,-2.086200006306171417e-02,3.876225650310516357e-01,9.292338490486145020e-01,6.237211450934410095e-02,3.435225784778594971e-01,1.209397986531257629e-01,-2.076337575912475586e+00,1.290215104818344116e-01,2.199110984802246094e-01,1.959298133850097656e+00,-5.629330873489379883e-01,8.247143030166625977e-02,-1.716526985168457031e+00,-3.295796215534210205e-01,1.446586102247238159e-01,2.540534019470214844e+00,-6.957632303237915039e-01,7.819750905036926270e-02,2.023700773715972900e-01,2.944359779357910156e-01,5.247194170951843262e-01,-2.078695297241210938e+00,3.742470145225524902e-01,-4.084665179252624512e-01,1.144138455390930176e+00,-9.323694109916687012e-01,-1.923304423689842224e-02,2.282309383153915405e-01,-1.723672628402709961e+00,-6.853176951408386230e-01,9.140926599502563477e-01,1.458787679672241211e+00,6.113469004631042480e-01,-9.337370283901691437e-03,-7.779816538095474243e-02
